0
SECTION
2
HEADER
9
$EXTMAX
10
    -670.000
20
   -3630.000
9
$EXTMIN
10
    7000.000
20
     120.000
0
ENDSEC
0
SECTION
2
ENTITIES
0
LINE
8
default
6
CONTINUOUS
10
  22.204
20
 303.301
30
   0.392
11
  22.228
21
 299.784
31
  -0.314
39
 0
62
  5
 0
LINE
8
default
6
CONTINUOUS
10
 -22.204
20
 303.301
30
   0.392
11
 -22.228
21
 299.784
31
  -0.314
39
 0
62
  5
 0
LINE
8
default
6
CONTINUOUS
10
  22.228
20
 299.784
30
  -0.314
11
  22.269
21
 293.791
31
  -1.504
39
 0
62
  5
 0
LINE
8
default
6
CONTINUOUS
10
 -22.228
20
 299.784
30
  -0.314
11
 -22.269
21
 293.791
31
  -1.504
39
 0
62
  5
 0
LINE
8
default
6
CONTINUOUS
10
  22.269
20
 293.791
30
  -1.504
11
  22.316
21
 286.767
31
  -2.892
39
 0
62
  5
 0
LINE
8
default
6
CONTINUOUS
10
 -22.269
20
 293.791
30
  -1.504
11
 -22.316
21
 286.767
31
  -2.892
39
 0
62
  5
 0
LINE
8
default
6
CONTINUOUS
10
  22.316
20
 286.767
30
  -2.892
11
  22.370
21
 278.667
31
  -4.470
39
 0
62
  5
 0
LINE
8
default
6
CONTINUOUS
10
 -22.316
20
 286.767
30
  -2.892
11
 -22.370
21
 278.667
31
  -4.470
39
 0
62
  5
 0
LINE
8
default
6
CONTINUOUS
10
  22.370
20
 278.667
30
  -4.470
11
  22.428
21
 269.794
31
  -6.179
39
 0
62
  5
 0
LINE
8
default
6
CONTINUOUS
10
 -22.370
20
 278.667
30
  -4.470
11
 -22.428
21
 269.794
31
  -6.179
39
 0
62
  5
 0
LINE
8
default
6
CONTINUOUS
10
  22.428
20
 269.794
30
  -6.179
11
  22.487
21
 260.667
31
  -7.912
39
 0
62
  5
 0
LINE
8
default
6
CONTINUOUS
10
 -22.428
20
 269.794
30
  -6.179
11
 -22.487
21
 260.667
31
  -7.912
39
 0
62
  5
 0
LINE
8
default
6
CONTINUOUS
10
  22.487
20
 260.667
30
  -7.912
11
  22.545
21
 251.606
31
  -9.603
39
 0
62
  5
 0
LINE
8
default
6
CONTINUOUS
10
 -22.487
20
 260.667
30
  -7.912
11
 -22.545
21
 251.606
31
  -9.603
39
 0
62
  5
 0
LINE
8
default
6
CONTINUOUS
10
  22.545
20
 251.606
30
  -9.603
11
  22.601
21
 242.611
31
 -11.251
39
 0
62
  5
 0
LINE
8
default
6
CONTINUOUS
10
 -22.545
20
 251.606
30
  -9.603
11
 -22.601
21
 242.611
31
 -11.251
39
 0
62
  5
 0
LINE
8
default
6
CONTINUOUS
10
  22.601
20
 242.611
30
 -11.251
11
  22.656
21
 233.596
31
 -12.872
39
 0
62
  5
 0
LINE
8
default
6
CONTINUOUS
10
 -22.601
20
 242.611
30
 -11.251
11
 -22.656
21
 233.596
31
 -12.872
39
 0
62
  5
 0
LINE
8
default
6
CONTINUOUS
10
  22.656
20
 233.596
30
 -12.872
11
  22.710
21
 224.517
31
 -14.465
39
 0
62
  5
 0
LINE
8
default
6
CONTINUOUS
10
 -22.656
20
 233.596
30
 -12.872
11
 -22.710
21
 224.517
31
 -14.465
39
 0
62
  5
 0
LINE
8
default
6
CONTINUOUS
10
  22.710
20
 224.517
30
 -14.465
11
  22.764
21
 215.359
31
 -16.029
39
 0
62
  5
 0
LINE
8
default
6
CONTINUOUS
10
 -22.710
20
 224.517
30
 -14.465
11
 -22.764
21
 215.359
31
 -16.029
39
 0
62
  5
 0
LINE
8
default
6
CONTINUOUS
10
  22.764
20
 215.359
30
 -16.029
11
  22.816
21
 206.155
31
 -17.561
39
 0
62
  5
 0
LINE
8
default
6
CONTINUOUS
10
 -22.764
20
 215.359
30
 -16.029
11
 -22.816
21
 206.155
31
 -17.561
39
 0
62
  5
 0
LINE
8
default
6
CONTINUOUS
10
  22.816
20
 206.155
30
 -17.561
11
  22.866
21
 196.928
31
 -19.052
39
 0
62
  5
 0
LINE
8
default
6
CONTINUOUS
10
 -22.816
20
 206.155
30
 -17.561
11
 -22.866
21
 196.928
31
 -19.052
39
 0
62
  5
 0
LINE
8
default
6
CONTINUOUS
10
  22.866
20
 196.928
30
 -19.052
11
  22.916
21
 187.697
31
 -20.506
39
 0
62
  5
 0
LINE
8
default
6
CONTINUOUS
10
 -22.866
20
 196.928
30
 -19.052
11
 -22.916
21
 187.697
31
 -20.506
39
 0
62
  5
 0
LINE
8
default
6
CONTINUOUS
10
  22.916
20
 187.697
30
 -20.506
11
  22.964
21
 178.478
31
 -21.921
39
 0
62
  5
 0
LINE
8
default
6
CONTINUOUS
10
 -22.916
20
 187.697
30
 -20.506
11
 -22.964
21
 178.478
31
 -21.921
39
 0
62
  5
 0
LINE
8
default
6
CONTINUOUS
10
  22.964
20
 178.478
30
 -21.921
11
  23.011
21
 169.281
31
 -23.303
39
 0
62
  5
 0
LINE
8
default
6
CONTINUOUS
10
 -22.964
20
 178.478
30
 -21.921
11
 -23.011
21
 169.281
31
 -23.303
39
 0
62
  5
 0
LINE
8
default
6
CONTINUOUS
10
  23.011
20
 169.281
30
 -23.303
11
  23.057
21
 160.111
31
 -24.642
39
 0
62
  5
 0
LINE
8
default
6
CONTINUOUS
10
 -23.011
20
 169.281
30
 -23.303
11
 -23.057
21
 160.111
31
 -24.642
39
 0
62
  5
 0
LINE
8
default
6
CONTINUOUS
10
  23.057
20
 160.111
30
 -24.642
11
  23.101
21
 150.977
31
 -25.939
39
 0
62
  5
 0
LINE
8
default
6
CONTINUOUS
10
 -23.057
20
 160.111
30
 -24.642
11
 -23.101
21
 150.977
31
 -25.939
39
 0
62
  5
 0
LINE
8
default
6
CONTINUOUS
10
  23.101
20
 150.977
30
 -25.939
11
  23.143
21
 141.886
31
 -27.187
39
 0
62
  5
 0
LINE
8
default
6
CONTINUOUS
10
 -23.101
20
 150.977
30
 -25.939
11
 -23.143
21
 141.886
31
 -27.187
39
 0
62
  5
 0
LINE
8
default
6
CONTINUOUS
10
  23.143
20
 141.886
30
 -27.187
11
  23.184
21
 132.849
31
 -28.381
39
 0
62
  5
 0
LINE
8
default
6
CONTINUOUS
10
 -23.143
20
 141.886
30
 -27.187
11
 -23.184
21
 132.849
31
 -28.381
39
 0
62
  5
 0
LINE
8
default
6
CONTINUOUS
10
  23.184
20
 132.849
30
 -28.381
11
  23.223
21
 123.894
31
 -29.514
39
 0
62
  5
 0
LINE
8
default
6
CONTINUOUS
10
 -23.184
20
 132.849
30
 -28.381
11
 -23.223
21
 123.894
31
 -29.514
39
 0
62
  5
 0
LINE
8
default
6
CONTINUOUS
10
  23.223
20
 123.894
30
 -29.514
11
  23.259
21
 115.036
31
 -30.577
39
 0
62
  5
 0
LINE
8
default
6
CONTINUOUS
10
 -23.223
20
 123.894
30
 -29.514
11
 -23.259
21
 115.036
31
 -30.577
39
 0
62
  5
 0
LINE
8
default
6
CONTINUOUS
10
  23.259
20
 115.036
30
 -30.577
11
  23.293
21
 106.318
31
 -31.571
39
 0
62
  5
 0
LINE
8
default
6
CONTINUOUS
10
 -23.259
20
 115.036
30
 -30.577
11
 -23.293
21
 106.318
31
 -31.571
39
 0
62
  5
 0
LINE
8
default
6
CONTINUOUS
10
  23.293
20
 106.318
30
 -31.571
11
  23.323
21
  97.800
31
 -32.474
39
 0
62
  5
 0
LINE
8
default
6
CONTINUOUS
10
 -23.293
20
 106.318
30
 -31.571
11
 -23.323
21
  97.800
31
 -32.474
39
 0
62
  5
 0
LINE
8
default
6
CONTINUOUS
10
  23.323
20
  97.800
30
 -32.474
11
  23.350
21
  89.551
31
 -33.264
39
 0
62
  5
 0
LINE
8
default
6
CONTINUOUS
10
 -23.323
20
  97.800
30
 -32.474
11
 -23.350
21
  89.551
31
 -33.264
39
 0
62
  5
 0
LINE
8
default
6
CONTINUOUS
10
  23.350
20
  89.551
30
 -33.264
11
  23.373
21
  81.657
31
 -33.922
39
 0
62
  5
 0
LINE
8
default
6
CONTINUOUS
10
 -23.350
20
  89.551
30
 -33.264
11
 -23.373
21
  81.657
31
 -33.922
39
 0
62
  5
 0
LINE
8
default
6
CONTINUOUS
10
  23.373
20
  81.657
30
 -33.922
11
  23.390
21
  74.176
31
 -34.434
39
 0
62
  5
 0
LINE
8
default
6
CONTINUOUS
10
 -23.373
20
  81.657
30
 -33.922
11
 -23.390
21
  74.176
31
 -34.434
39
 0
62
  5
 0
LINE
8
default
6
CONTINUOUS
10
  23.390
20
  74.176
30
 -34.434
11
  23.402
21
  67.140
31
 -34.770
39
 0
62
  5
 0
LINE
8
default
6
CONTINUOUS
10
 -23.390
20
  74.176
30
 -34.434
11
 -23.402
21
  67.140
31
 -34.770
39
 0
62
  5
 0
LINE
8
default
6
CONTINUOUS
10
  23.402
20
  67.140
30
 -34.770
11
  23.406
21
  60.555
31
 -34.913
39
 0
62
  5
 0
LINE
8
default
6
CONTINUOUS
10
 -23.402
20
  67.140
30
 -34.770
11
 -23.406
21
  60.555
31
 -34.913
39
 0
62
  5
 0
LINE
8
default
6
CONTINUOUS
10
  23.406
20
  60.555
30
 -34.913
11
  23.404
21
  54.426
31
 -34.840
39
 0
62
  5
 0
LINE
8
default
6
CONTINUOUS
10
 -23.406
20
  60.555
30
 -34.913
11
 -23.404
21
  54.426
31
 -34.840
39
 0
62
  5
 0
LINE
8
default
6
CONTINUOUS
10
  23.404
20
  54.426
30
 -34.840
11
  23.394
21
  48.748
31
 -34.552
39
 0
62
  5
 0
LINE
8
default
6
CONTINUOUS
10
 -23.404
20
  54.426
30
 -34.840
11
 -23.394
21
  48.748
31
 -34.552
39
 0
62
  5
 0
LINE
8
default
6
CONTINUOUS
10
  23.394
20
  48.748
30
 -34.552
11
  23.377
21
  43.506
31
 -34.040
39
 0
62
  5
 0
LINE
8
default
6
CONTINUOUS
10
 -23.394
20
  48.748
30
 -34.552
11
 -23.377
21
  43.506
31
 -34.040
39
 0
62
  5
 0
LINE
8
default
6
CONTINUOUS
10
  23.377
20
  43.506
30
 -34.040
11
  23.352
21
  38.693
31
 -33.316
39
 0
62
  5
 0
LINE
8
default
6
CONTINUOUS
10
 -23.377
20
  43.506
30
 -34.040
11
 -23.352
21
  38.693
31
 -33.316
39
 0
62
  5
 0
LINE
8
default
6
CONTINUOUS
10
  23.352
20
  38.693
30
 -33.316
11
  23.320
21
  34.279
31
 -32.383
39
 0
62
  5
 0
LINE
8
default
6
CONTINUOUS
10
 -23.352
20
  38.693
30
 -33.316
11
 -23.320
21
  34.279
31
 -32.383
39
 0
62
  5
 0
LINE
8
default
6
CONTINUOUS
10
  23.320
20
  34.279
30
 -32.383
11
  23.282
21
  30.244
31
 -31.247
39
 0
62
  5
 0
LINE
8
default
6
CONTINUOUS
10
 -23.320
20
  34.279
30
 -32.383
11
 -23.282
21
  30.244
31
 -31.247
39
 0
62
  5
 0
LINE
8
default
6
CONTINUOUS
10
  23.282
20
  30.244
30
 -31.247
11
  23.236
21
  26.558
31
 -29.920
39
 0
62
  5
 0
LINE
8
default
6
CONTINUOUS
10
 -23.282
20
  30.244
30
 -31.247
11
 -23.236
21
  26.558
31
 -29.920
39
 0
62
  5
 0
LINE
8
default
6
CONTINUOUS
10
  23.236
20
  26.558
30
 -29.920
11
  23.186
21
  23.208
31
 -28.432
39
 0
62
  5
 0
LINE
8
default
6
CONTINUOUS
10
 -23.236
20
  26.558
30
 -29.920
11
 -23.186
21
  23.208
31
 -28.432
39
 0
62
  5
 0
LINE
8
default
6
CONTINUOUS
10
  23.186
20
  23.208
30
 -28.432
11
  23.131
21
  20.183
31
 -26.832
39
 0
62
  5
 0
LINE
8
default
6
CONTINUOUS
10
 -23.186
20
  23.208
30
 -28.432
11
 -23.131
21
  20.183
31
 -26.832
39
 0
62
  5
 0
LINE
8
default
6
CONTINUOUS
10
  23.131
20
  20.183
30
 -26.832
11
  23.074
21
  17.460
31
 -25.160
39
 0
62
  5
 0
LINE
8
default
6
CONTINUOUS
10
 -23.131
20
  20.183
30
 -26.832
11
 -23.074
21
  17.460
31
 -25.160
39
 0
62
  5
 0
LINE
8
default
6
CONTINUOUS
10
  23.074
20
  17.460
30
 -25.160
11
  23.016
21
  15.029
31
 -23.457
39
 0
62
  5
 0
LINE
8
default
6
CONTINUOUS
10
 -23.074
20
  17.460
30
 -25.160
11
 -23.016
21
  15.029
31
 -23.457
39
 0
62
  5
 0
LINE
8
default
6
CONTINUOUS
10
  23.016
20
  15.029
30
 -23.457
11
  22.958
21
  12.859
31
 -21.740
39
 0
62
  5
 0
LINE
8
default
6
CONTINUOUS
10
 -23.016
20
  15.029
30
 -23.457
11
 -22.958
21
  12.859
31
 -21.740
39
 0
62
  5
 0
LINE
8
default
6
CONTINUOUS
10
  22.958
20
  12.859
30
 -21.740
11
  22.900
21
  10.931
31
 -20.031
39
 0
62
  5
 0
LINE
8
default
6
CONTINUOUS
10
 -22.958
20
  12.859
30
 -21.740
11
 -22.900
21
  10.931
31
 -20.031
39
 0
62
  5
 0
LINE
8
default
6
CONTINUOUS
10
  22.900
20
  10.931
30
 -20.031
11
  22.842
21
   9.224
31
 -18.343
39
 0
62
  5
 0
LINE
8
default
6
CONTINUOUS
10
 -22.900
20
  10.931
30
 -20.031
11
 -22.842
21
   9.224
31
 -18.343
39
 0
62
  5
 0
LINE
8
default
6
CONTINUOUS
10
  22.842
20
   9.224
30
 -18.343
11
  22.786
21
   7.714
31
 -16.692
39
 0
62
  5
 0
LINE
8
default
6
CONTINUOUS
10
 -22.842
20
   9.224
30
 -18.343
11
 -22.786
21
   7.714
31
 -16.692
39
 0
62
  5
 0
LINE
8
default
6
CONTINUOUS
10
  22.786
20
   7.714
30
 -16.692
11
  22.731
21
   6.387
31
 -15.074
39
 0
62
  5
 0
LINE
8
default
6
CONTINUOUS
10
 -22.786
20
   7.714
30
 -16.692
11
 -22.731
21
   6.387
31
 -15.074
39
 0
62
  5
 0
LINE
8
default
6
CONTINUOUS
10
  22.731
20
   6.387
30
 -15.074
11
  22.677
21
   5.222
31
 -13.499
39
 0
62
  5
 0
LINE
8
default
6
CONTINUOUS
10
 -22.731
20
   6.387
30
 -15.074
11
 -22.677
21
   5.222
31
 -13.499
39
 0
62
  5
 0
LINE
8
default
6
CONTINUOUS
10
  22.677
20
   5.222
30
 -13.499
11
  22.625
21
   4.204
31
 -11.954
39
 0
62
  5
 0
LINE
8
default
6
CONTINUOUS
10
 -22.677
20
   5.222
30
 -13.499
11
 -22.625
21
   4.204
31
 -11.954
39
 0
62
  5
 0
LINE
8
default
6
CONTINUOUS
10
  22.625
20
   4.204
30
 -11.954
11
  22.573
21
   3.322
31
 -10.445
39
 0
62
  5
 0
LINE
8
default
6
CONTINUOUS
10
 -22.625
20
   4.204
30
 -11.954
11
 -22.573
21
   3.322
31
 -10.445
39
 0
62
  5
 0
LINE
8
default
6
CONTINUOUS
10
  22.573
20
   3.322
30
 -10.445
11
  22.523
21
   2.570
31
  -8.976
39
 0
62
  5
 0
LINE
8
default
6
CONTINUOUS
10
 -22.573
20
   3.322
30
 -10.445
11
 -22.523
21
   2.570
31
  -8.976
39
 0
62
  5
 0
LINE
8
default
6
CONTINUOUS
10
  22.523
20
   2.570
30
  -8.976
11
  22.475
21
   1.939
31
  -7.551
39
 0
62
  5
 0
LINE
8
default
6
CONTINUOUS
10
 -22.523
20
   2.570
30
  -8.976
11
 -22.475
21
   1.939
31
  -7.551
39
 0
62
  5
 0
LINE
8
default
6
CONTINUOUS
10
  22.475
20
   1.939
30
  -7.551
11
  22.428
21
   1.427
31
  -6.182
39
 0
62
  5
 0
LINE
8
default
6
CONTINUOUS
10
 -22.475
20
   1.939
30
  -7.551
11
 -22.428
21
   1.427
31
  -6.182
39
 0
62
  5
 0
LINE
8
default
6
CONTINUOUS
10
  22.428
20
   1.427
30
  -6.182
11
  22.383
21
   1.018
31
  -4.849
39
 0
62
  5
 0
LINE
8
default
6
CONTINUOUS
10
 -22.428
20
   1.427
30
  -6.182
11
 -22.383
21
   1.018
31
  -4.849
39
 0
62
  5
 0
LINE
8
default
6
CONTINUOUS
10
  22.383
20
   1.018
30
  -4.849
11
  22.340
21
   0.693
31
  -3.577
39
 0
62
  5
 0
LINE
8
default
6
CONTINUOUS
10
 -22.383
20
   1.018
30
  -4.849
11
 -22.340
21
   0.693
31
  -3.577
39
 0
62
  5
 0
LINE
8
default
6
CONTINUOUS
10
  22.340
20
   0.693
30
  -3.577
11
  22.295
21
   0.442
31
  -2.277
39
 0
62
  5
 0
LINE
8
default
6
CONTINUOUS
10
 -22.340
20
   0.693
30
  -3.577
11
 -22.295
21
   0.442
31
  -2.277
39
 0
62
  5
 0
LINE
8
default
6
CONTINUOUS
10
  22.295
20
   0.442
30
  -2.277
11
  22.258
21
   0.257
31
  -1.177
39
 0
62
  5
 0
LINE
8
default
6
CONTINUOUS
10
 -22.295
20
   0.442
30
  -2.277
11
 -22.258
21
   0.257
31
  -1.177
39
 0
62
  5
 0
LINE
8
default
6
CONTINUOUS
10
  22.258
20
   0.257
30
  -1.177
11
  22.204
21
   0.157
31
   0.392
39
 0
62
  5
 0
LINE
8
default
6
CONTINUOUS
10
 -22.258
20
   0.257
30
  -1.177
11
 -22.204
21
   0.157
31
   0.392
39
 0
62
  5
 0
LINE
8
default
6
CONTINUOUS
10
  22.204
20
   0.157
30
   0.392
11
  22.200
21
   0.163
31
   0.517
39
 0
62
  5
 0
LINE
8
default
6
CONTINUOUS
10
 -22.204
20
   0.157
30
   0.392
11
 -22.200
21
   0.163
31
   0.517
39
 0
62
  5
 0
LINE
8
default
6
CONTINUOUS
10
  22.200
20
   0.163
30
   0.517
11
  22.140
21
   0.302
31
   2.274
39
 0
62
  5
 0
LINE
8
default
6
CONTINUOUS
10
 -22.200
20
   0.163
30
   0.517
11
 -22.140
21
   0.302
31
   2.274
39
 0
62
  5
 0
LINE
8
default
6
CONTINUOUS
10
  22.140
20
   0.302
30
   2.274
11
  22.114
21
   0.590
31
   3.055
39
 0
62
  5
 0
LINE
8
default
6
CONTINUOUS
10
 -22.140
20
   0.302
30
   2.274
11
 -22.114
21
   0.590
31
   3.055
39
 0
62
  5
 0
LINE
8
default
6
CONTINUOUS
10
  22.114
20
   0.590
30
   3.055
11
  22.081
21
   1.030
31
   4.022
39
 0
62
  5
 0
LINE
8
default
6
CONTINUOUS
10
 -22.114
20
   0.590
30
   3.055
11
 -22.081
21
   1.030
31
   4.022
39
 0
62
  5
 0
LINE
8
default
6
CONTINUOUS
10
  22.081
20
   1.030
30
   4.022
11
  22.051
21
   1.624
31
   4.900
39
 0
62
  5
 0
LINE
8
default
6
CONTINUOUS
10
 -22.081
20
   1.030
30
   4.022
11
 -22.051
21
   1.624
31
   4.900
39
 0
62
  5
 0
LINE
8
default
6
CONTINUOUS
10
  22.051
20
   1.624
30
   4.900
11
  22.023
21
   2.376
31
   5.721
39
 0
62
  5
 0
LINE
8
default
6
CONTINUOUS
10
 -22.051
20
   1.624
30
   4.900
11
 -22.023
21
   2.376
31
   5.721
39
 0
62
  5
 0
LINE
8
default
6
CONTINUOUS
10
  22.023
20
   2.376
30
   5.721
11
  21.998
21
   3.282
31
   6.470
39
 0
62
  5
 0
LINE
8
default
6
CONTINUOUS
10
 -22.023
20
   2.376
30
   5.721
11
 -21.998
21
   3.282
31
   6.470
39
 0
62
  5
 0
LINE
8
default
6
CONTINUOUS
10
  21.998
20
   3.282
30
   6.470
11
  21.973
21
   4.343
31
   7.179
39
 0
62
  5
 0
LINE
8
default
6
CONTINUOUS
10
 -21.998
20
   3.282
30
   6.470
11
 -21.973
21
   4.343
31
   7.179
39
 0
62
  5
 0
LINE
8
default
6
CONTINUOUS
10
  21.973
20
   4.343
30
   7.179
11
  21.960
21
   5.007
31
   7.563
39
 0
62
  5
 0
LINE
8
default
6
CONTINUOUS
10
 -21.973
20
   4.343
30
   7.179
11
 -21.960
21
   5.007
31
   7.563
39
 0
62
  5
 0
LINE
8
default
6
CONTINUOUS
10
  21.960
20
   5.007
30
   7.563
11
  21.950
21
   5.547
31
   7.875
39
 0
62
  1
 0
LINE
8
default
6
CONTINUOUS
10
 -21.960
20
   5.007
30
   7.563
11
 -21.950
21
   5.547
31
   7.875
39
 0
62
  1
 0
LINE
8
default
6
CONTINUOUS
10
  21.950
20
   5.547
30
   7.875
11
  21.926
21
   6.878
31
   8.563
39
 0
62
  1
 0
LINE
8
default
6
CONTINUOUS
10
 -21.950
20
   5.547
30
   7.875
11
 -21.926
21
   6.878
31
   8.563
39
 0
62
  1
 0
LINE
8
default
6
CONTINUOUS
10
  21.926
20
   6.878
30
   8.563
11
  21.903
21
   8.348
31
   9.239
39
 0
62
  1
 0
LINE
8
default
6
CONTINUOUS
10
 -21.926
20
   6.878
30
   8.563
11
 -21.903
21
   8.348
31
   9.239
39
 0
62
  1
 0
LINE
8
default
6
CONTINUOUS
10
  21.903
20
   8.348
30
   9.239
11
  21.881
21
   9.982
31
   9.900
39
 0
62
  1
 0
LINE
8
default
6
CONTINUOUS
10
 -21.903
20
   8.348
30
   9.239
11
 -21.881
21
   9.982
31
   9.900
39
 0
62
  1
 0
LINE
8
default
6
CONTINUOUS
10
  21.881
20
   9.982
30
   9.900
11
  21.859
21
  11.801
31
  10.551
39
 0
62
  1
 0
LINE
8
default
6
CONTINUOUS
10
 -21.881
20
   9.982
30
   9.900
11
 -21.859
21
  11.801
31
  10.551
39
 0
62
  1
 0
LINE
8
default
6
CONTINUOUS
10
  21.859
20
  11.801
30
  10.551
11
  21.837
21
  13.841
31
  11.196
39
 0
62
  1
 0
LINE
8
default
6
CONTINUOUS
10
 -21.859
20
  11.801
30
  10.551
11
 -21.837
21
  13.841
31
  11.196
39
 0
62
  1
 0
LINE
8
default
6
CONTINUOUS
10
  21.837
20
  13.841
30
  11.196
11
  21.816
21
  15.920
31
  11.787
39
 0
62
  1
 0
LINE
8
default
6
CONTINUOUS
10
 -21.837
20
  13.841
30
  11.196
11
 -21.816
21
  15.920
31
  11.787
39
 0
62
  1
 0
LINE
8
default
6
CONTINUOUS
10
  21.816
20
  15.920
30
  11.787
11
  21.788
21
  19.255
31
  12.628
39
 0
62
  1
 0
LINE
8
default
6
CONTINUOUS
10
 -21.816
20
  15.920
30
  11.787
11
 -21.788
21
  19.255
31
  12.628
39
 0
62
  1
 0
LINE
8
default
6
CONTINUOUS
10
  21.788
20
  19.255
30
  12.628
11
  21.769
21
  21.692
31
  13.184
39
 0
62
  3
 0
LINE
8
default
6
CONTINUOUS
10
 -21.788
20
  19.255
30
  12.628
11
 -21.769
21
  21.692
31
  13.184
39
 0
62
  3
 0
LINE
8
default
6
CONTINUOUS
10
  21.769
20
  21.692
30
  13.184
11
  21.745
21
  25.072
31
  13.881
39
 0
62
  3
 0
LINE
8
default
6
CONTINUOUS
10
 -21.769
20
  21.692
30
  13.184
11
 -21.745
21
  25.072
31
  13.881
39
 0
62
  3
 0
LINE
8
default
6
CONTINUOUS
10
  21.745
20
  25.072
30
  13.881
11
  21.721
21
  28.950
31
  14.601
39
 0
62
  3
 0
LINE
8
default
6
CONTINUOUS
10
 -21.745
20
  25.072
30
  13.881
11
 -21.721
21
  28.950
31
  14.601
39
 0
62
  3
 0
LINE
8
default
6
CONTINUOUS
10
  21.721
20
  28.950
30
  14.601
11
  21.695
21
  33.424
31
  15.347
39
 0
62
  3
 0
LINE
8
default
6
CONTINUOUS
10
 -21.721
20
  28.950
30
  14.601
11
 -21.695
21
  33.424
31
  15.347
39
 0
62
  3
 0
LINE
8
default
6
CONTINUOUS
10
  21.695
20
  33.424
30
  15.347
11
  21.669
21
  38.577
31
  16.107
39
 0
62
  3
 0
LINE
8
default
6
CONTINUOUS
10
 -21.695
20
  33.424
30
  15.347
11
 -21.669
21
  38.577
31
  16.107
39
 0
62
  3
 0
LINE
8
default
6
CONTINUOUS
10
  21.669
20
  38.577
30
  16.107
11
  21.644
21
  44.467
31
  16.865
39
 0
62
  3
 0
LINE
8
default
6
CONTINUOUS
10
 -21.669
20
  38.577
30
  16.107
11
 -21.644
21
  44.467
31
  16.865
39
 0
62
  3
 0
LINE
8
default
6
CONTINUOUS
10
  21.644
20
  44.467
30
  16.865
11
  21.619
21
  51.082
31
  17.577
39
 0
62
  3
 0
LINE
8
default
6
CONTINUOUS
10
 -21.644
20
  44.467
30
  16.865
11
 -21.619
21
  51.082
31
  17.577
39
 0
62
  3
 0
LINE
8
default
6
CONTINUOUS
10
  21.619
20
  51.082
30
  17.577
11
  21.598
21
  58.333
31
  18.219
39
 0
62
  3
 0
LINE
8
default
6
CONTINUOUS
10
 -21.619
20
  51.082
30
  17.577
11
 -21.598
21
  58.333
31
  18.219
39
 0
62
  3
 0
LINE
8
default
6
CONTINUOUS
10
  21.598
20
  58.333
30
  18.219
11
  21.579
21
  66.057
31
  18.770
39
 0
62
  3
 0
LINE
8
default
6
CONTINUOUS
10
 -21.598
20
  58.333
30
  18.219
11
 -21.579
21
  66.057
31
  18.770
39
 0
62
  3
 0
LINE
8
default
6
CONTINUOUS
10
  21.579
20
  66.057
30
  18.770
11
  21.563
21
  74.145
31
  19.225
39
 0
62
  3
 0
LINE
8
default
6
CONTINUOUS
10
 -21.579
20
  66.057
30
  18.770
11
 -21.563
21
  74.145
31
  19.225
39
 0
62
  3
 0
LINE
8
default
6
CONTINUOUS
10
  21.563
20
  74.145
30
  19.225
11
  21.551
21
  82.500
31
  19.573
39
 0
62
  3
 0
LINE
8
default
6
CONTINUOUS
10
 -21.563
20
  74.145
30
  19.225
11
 -21.551
21
  82.500
31
  19.573
39
 0
62
  3
 0
LINE
8
default
6
CONTINUOUS
10
  21.551
20
  82.500
30
  19.573
11
  21.543
21
  91.030
31
  19.816
39
 0
62
  3
 0
LINE
8
default
6
CONTINUOUS
10
 -21.551
20
  82.500
30
  19.573
11
 -21.543
21
  91.030
31
  19.816
39
 0
62
  3
 0
LINE
8
default
6
CONTINUOUS
10
  21.543
20
  91.030
30
  19.816
11
  21.539
21
  99.652
31
  19.943
39
 0
62
  3
 0
LINE
8
default
6
CONTINUOUS
10
 -21.543
20
  91.030
30
  19.816
11
 -21.539
21
  99.652
31
  19.943
39
 0
62
  3
 0
LINE
8
default
6
CONTINUOUS
10
  21.539
20
  99.652
30
  19.943
11
  21.539
21
 108.297
31
  19.952
39
 0
62
  3
 0
LINE
8
default
6
CONTINUOUS
10
 -21.539
20
  99.652
30
  19.943
11
 -21.539
21
 108.297
31
  19.952
39
 0
62
  3
 0
LINE
8
default
6
CONTINUOUS
10
  21.539
20
 108.297
30
  19.952
11
  21.543
21
 116.946
31
  19.834
39
 0
62
  3
 0
LINE
8
default
6
CONTINUOUS
10
 -21.539
20
 108.297
30
  19.952
11
 -21.543
21
 116.946
31
  19.834
39
 0
62
  3
 0
LINE
8
default
6
CONTINUOUS
10
  21.543
20
 116.946
30
  19.834
11
  21.550
21
 125.610
31
  19.600
39
 0
62
  3
 0
LINE
8
default
6
CONTINUOUS
10
 -21.543
20
 116.946
30
  19.834
11
 -21.550
21
 125.610
31
  19.600
39
 0
62
  3
 0
LINE
8
default
6
CONTINUOUS
10
  21.550
20
 125.610
30
  19.600
11
  21.562
21
 134.316
31
  19.258
39
 0
62
  3
 0
LINE
8
default
6
CONTINUOUS
10
 -21.550
20
 125.610
30
  19.600
11
 -21.562
21
 134.316
31
  19.258
39
 0
62
  3
 0
LINE
8
default
6
CONTINUOUS
10
  21.562
20
 134.316
30
  19.258
11
  21.577
21
 143.104
31
  18.822
39
 0
62
  3
 0
LINE
8
default
6
CONTINUOUS
10
 -21.562
20
 134.316
30
  19.258
11
 -21.577
21
 143.104
31
  18.822
39
 0
62
  3
 0
LINE
8
default
6
CONTINUOUS
10
  21.577
20
 143.104
30
  18.822
11
  21.595
21
 151.983
31
  18.298
39
 0
62
  3
 0
LINE
8
default
6
CONTINUOUS
10
 -21.577
20
 143.104
30
  18.822
11
 -21.595
21
 151.983
31
  18.298
39
 0
62
  3
 0
LINE
8
default
6
CONTINUOUS
10
  21.595
20
 151.983
30
  18.298
11
  21.616
21
 160.929
31
  17.689
39
 0
62
  3
 0
LINE
8
default
6
CONTINUOUS
10
 -21.595
20
 151.983
30
  18.298
11
 -21.616
21
 160.929
31
  17.689
39
 0
62
  3
 0
LINE
8
default
6
CONTINUOUS
10
  21.616
20
 160.929
30
  17.689
11
  21.639
21
 169.914
31
  17.004
39
 0
62
  3
 0
LINE
8
default
6
CONTINUOUS
10
 -21.616
20
 160.929
30
  17.689
11
 -21.639
21
 169.914
31
  17.004
39
 0
62
  3
 0
LINE
8
default
6
CONTINUOUS
10
  21.639
20
 169.914
30
  17.004
11
  21.665
21
 178.912
31
  16.244
39
 0
62
  3
 0
LINE
8
default
6
CONTINUOUS
10
 -21.639
20
 169.914
30
  17.004
11
 -21.665
21
 178.912
31
  16.244
39
 0
62
  3
 0
LINE
8
default
6
CONTINUOUS
10
  21.665
20
 178.912
30
  16.244
11
  21.693
21
 187.918
31
  15.410
39
 0
62
  3
 0
LINE
8
default
6
CONTINUOUS
10
 -21.665
20
 178.912
30
  16.244
11
 -21.693
21
 187.918
31
  15.410
39
 0
62
  3
 0
LINE
8
default
6
CONTINUOUS
10
  21.693
20
 187.918
30
  15.410
11
  21.724
21
 196.949
31
  14.508
39
 0
62
  3
 0
LINE
8
default
6
CONTINUOUS
10
 -21.693
20
 187.918
30
  15.410
11
 -21.724
21
 196.949
31
  14.508
39
 0
62
  3
 0
LINE
8
default
6
CONTINUOUS
10
  21.724
20
 196.949
30
  14.508
11
  21.757
21
 206.010
31
  13.538
39
 0
62
  3
 0
LINE
8
default
6
CONTINUOUS
10
 -21.724
20
 196.949
30
  14.508
11
 -21.757
21
 206.010
31
  13.538
39
 0
62
  3
 0
LINE
8
default
6
CONTINUOUS
10
  21.757
20
 206.010
30
  13.538
11
  21.792
21
 215.095
31
  12.502
39
 0
62
  3
 0
LINE
8
default
6
CONTINUOUS
10
 -21.757
20
 206.010
30
  13.538
11
 -21.792
21
 215.095
31
  12.502
39
 0
62
  3
 0
LINE
8
default
6
CONTINUOUS
10
  21.792
20
 215.095
30
  12.502
11
  21.829
21
 224.186
31
  11.411
39
 0
62
  3
 0
LINE
8
default
6
CONTINUOUS
10
 -21.792
20
 215.095
30
  12.502
11
 -21.829
21
 224.186
31
  11.411
39
 0
62
  3
 0
LINE
8
default
6
CONTINUOUS
10
  21.829
20
 224.186
30
  11.411
11
  21.868
21
 233.250
31
  10.269
39
 0
62
  3
 0
LINE
8
default
6
CONTINUOUS
10
 -21.829
20
 224.186
30
  11.411
11
 -21.868
21
 233.250
31
  10.269
39
 0
62
  3
 0
LINE
8
default
6
CONTINUOUS
10
  21.868
20
 233.250
30
  10.269
11
  21.908
21
 242.275
31
   9.091
39
 0
62
  3
 0
LINE
8
default
6
CONTINUOUS
10
 -21.868
20
 233.250
30
  10.269
11
 -21.908
21
 242.275
31
   9.091
39
 0
62
  3
 0
LINE
8
default
6
CONTINUOUS
10
  21.908
20
 242.275
30
   9.091
11
  21.950
21
 251.302
31
   7.875
39
 0
62
  3
 0
LINE
8
default
6
CONTINUOUS
10
 -21.908
20
 242.275
30
   9.091
11
 -21.950
21
 251.302
31
   7.875
39
 0
62
  3
 0
LINE
8
default
6
CONTINUOUS
10
  21.950
20
 251.302
30
   7.875
11
  21.992
21
 260.400
31
   6.624
39
 0
62
  3
 0
LINE
8
default
6
CONTINUOUS
10
 -21.950
20
 251.302
30
   7.875
11
 -21.992
21
 260.400
31
   6.624
39
 0
62
  3
 0
LINE
8
default
6
CONTINUOUS
10
  21.992
20
 260.400
30
   6.624
11
  22.036
21
 269.573
31
   5.334
39
 0
62
  3
 0
LINE
8
default
6
CONTINUOUS
10
 -21.992
20
 260.400
30
   6.624
11
 -22.036
21
 269.573
31
   5.334
39
 0
62
  3
 0
LINE
8
default
6
CONTINUOUS
10
  22.036
20
 269.573
30
   5.334
11
  22.080
21
 278.491
31
   4.055
39
 0
62
  3
 0
LINE
8
default
6
CONTINUOUS
10
 -22.036
20
 269.573
30
   5.334
11
 -22.080
21
 278.491
31
   4.055
39
 0
62
  3
 0
LINE
8
default
6
CONTINUOUS
10
  22.080
20
 278.491
30
   4.055
11
  22.120
21
 286.646
31
   2.871
39
 0
62
  3
 0
LINE
8
default
6
CONTINUOUS
10
 -22.080
20
 278.491
30
   4.055
11
 -22.120
21
 286.646
31
   2.871
39
 0
62
  3
 0
LINE
8
default
6
CONTINUOUS
10
  22.120
20
 286.646
30
   2.871
11
  22.156
21
 293.724
31
   1.825
39
 0
62
  3
 0
LINE
8
default
6
CONTINUOUS
10
 -22.120
20
 286.646
30
   2.871
11
 -22.156
21
 293.724
31
   1.825
39
 0
62
  3
 0
LINE
8
default
6
CONTINUOUS
10
  22.156
20
 293.724
30
   1.825
11
  22.186
21
 299.760
31
   0.926
39
 0
62
  3
 0
LINE
8
default
6
CONTINUOUS
10
 -22.156
20
 293.724
30
   1.825
11
 -22.186
21
 299.760
31
   0.926
39
 0
62
  3
 0
LINE
8
default
6
CONTINUOUS
10
  22.186
20
 299.760
30
   0.926
11
  22.204
21
 303.301
31
   0.392
39
 0
62
  3
 0
LINE
8
default
6
CONTINUOUS
10
 -22.186
20
 299.760
30
   0.926
11
 -22.204
21
 303.301
31
   0.392
39
 0
62
  3
 0
LINE
8
default
6
CONTINUOUS
10
  66.309
20
 302.663
30
   3.558
11
  66.383
21
 299.168
31
   2.858
39
 0
62
  5
 0
LINE
8
default
6
CONTINUOUS
10
 -66.309
20
 302.663
30
   3.558
11
 -66.383
21
 299.168
31
   2.858
39
 0
62
  5
 0
LINE
8
default
6
CONTINUOUS
10
  66.383
20
 299.168
30
   2.858
11
  66.509
21
 293.212
31
   1.677
39
 0
62
  5
 0
LINE
8
default
6
CONTINUOUS
10
 -66.383
20
 299.168
30
   2.858
11
 -66.509
21
 293.212
31
   1.677
39
 0
62
  5
 0
LINE
8
default
6
CONTINUOUS
10
  66.509
20
 293.212
30
   1.677
11
  66.655
21
 286.232
31
   0.302
39
 0
62
  5
 0
LINE
8
default
6
CONTINUOUS
10
 -66.509
20
 293.212
30
   1.677
11
 -66.655
21
 286.232
31
   0.302
39
 0
62
  5
 0
LINE
8
default
6
CONTINUOUS
10
  66.655
20
 286.232
30
   0.302
11
  66.821
21
 278.182
31
  -1.263
39
 0
62
  5
 0
LINE
8
default
6
CONTINUOUS
10
 -66.655
20
 286.232
30
   0.302
11
 -66.821
21
 278.182
31
  -1.263
39
 0
62
  5
 0
LINE
8
default
6
CONTINUOUS
10
  66.821
20
 278.182
30
  -1.263
11
  67.001
21
 269.364
31
  -2.957
39
 0
62
  5
 0
LINE
8
default
6
CONTINUOUS
10
 -66.821
20
 278.182
30
  -1.263
11
 -67.001
21
 269.364
31
  -2.957
39
 0
62
  5
 0
LINE
8
default
6
CONTINUOUS
10
  67.001
20
 269.364
30
  -2.957
11
  67.183
21
 260.292
31
  -4.675
39
 0
62
  5
 0
LINE
8
default
6
CONTINUOUS
10
 -67.001
20
 269.364
30
  -2.957
11
 -67.183
21
 260.292
31
  -4.675
39
 0
62
  5
 0
LINE
8
default
6
CONTINUOUS
10
  67.183
20
 260.292
30
  -4.675
11
  67.361
21
 251.287
31
  -6.351
39
 0
62
  5
 0
LINE
8
default
6
CONTINUOUS
10
 -67.183
20
 260.292
30
  -4.675
11
 -67.361
21
 251.287
31
  -6.351
39
 0
62
  5
 0
LINE
8
default
6
CONTINUOUS
10
  67.361
20
 251.287
30
  -6.351
11
  67.534
21
 242.348
31
  -7.985
39
 0
62
  5
 0
LINE
8
default
6
CONTINUOUS
10
 -67.361
20
 251.287
30
  -6.351
11
 -67.534
21
 242.348
31
  -7.985
39
 0
62
  5
 0
LINE
8
default
6
CONTINUOUS
10
  67.534
20
 242.348
30
  -7.985
11
  67.705
21
 233.389
31
  -9.592
39
 0
62
  5
 0
LINE
8
default
6
CONTINUOUS
10
 -67.534
20
 242.348
30
  -7.985
11
 -67.705
21
 233.389
31
  -9.592
39
 0
62
  5
 0
LINE
8
default
6
CONTINUOUS
10
  67.705
20
 233.389
30
  -9.592
11
  67.873
21
 224.365
31
 -11.173
39
 0
62
  5
 0
LINE
8
default
6
CONTINUOUS
10
 -67.705
20
 233.389
30
  -9.592
11
 -67.873
21
 224.365
31
 -11.173
39
 0
62
  5
 0
LINE
8
default
6
CONTINUOUS
10
  67.873
20
 224.365
30
 -11.173
11
  68.037
21
 215.264
31
 -12.723
39
 0
62
  5
 0
LINE
8
default
6
CONTINUOUS
10
 -67.873
20
 224.365
30
 -11.173
11
 -68.037
21
 215.264
31
 -12.723
39
 0
62
  5
 0
LINE
8
default
6
CONTINUOUS
10
  68.037
20
 215.264
30
 -12.723
11
  68.199
21
 206.117
31
 -14.243
39
 0
62
  5
 0
LINE
8
default
6
CONTINUOUS
10
 -68.037
20
 215.264
30
 -12.723
11
 -68.199
21
 206.117
31
 -14.243
39
 0
62
  5
 0
LINE
8
default
6
CONTINUOUS
10
  68.199
20
 206.117
30
 -14.243
11
  68.356
21
 196.946
31
 -15.722
39
 0
62
  5
 0
LINE
8
default
6
CONTINUOUS
10
 -68.199
20
 206.117
30
 -14.243
11
 -68.356
21
 196.946
31
 -15.722
39
 0
62
  5
 0
LINE
8
default
6
CONTINUOUS
10
  68.356
20
 196.946
30
 -15.722
11
  68.509
21
 187.772
31
 -17.164
39
 0
62
  5
 0
LINE
8
default
6
CONTINUOUS
10
 -68.356
20
 196.946
30
 -15.722
11
 -68.509
21
 187.772
31
 -17.164
39
 0
62
  5
 0
LINE
8
default
6
CONTINUOUS
10
  68.509
20
 187.772
30
 -17.164
11
  68.658
21
 178.611
31
 -18.568
39
 0
62
  5
 0
LINE
8
default
6
CONTINUOUS
10
 -68.509
20
 187.772
30
 -17.164
11
 -68.658
21
 178.611
31
 -18.568
39
 0
62
  5
 0
LINE
8
default
6
CONTINUOUS
10
  68.658
20
 178.611
30
 -18.568
11
  68.803
21
 169.470
31
 -19.939
39
 0
62
  5
 0
LINE
8
default
6
CONTINUOUS
10
 -68.658
20
 178.611
30
 -18.568
11
 -68.803
21
 169.470
31
 -19.939
39
 0
62
  5
 0
LINE
8
default
6
CONTINUOUS
10
  68.803
20
 169.470
30
 -19.939
11
  68.944
21
 160.356
31
 -21.267
39
 0
62
  5
 0
LINE
8
default
6
CONTINUOUS
10
 -68.803
20
 169.470
30
 -19.939
11
 -68.944
21
 160.356
31
 -21.267
39
 0
62
  5
 0
LINE
8
default
6
CONTINUOUS
10
  68.944
20
 160.356
30
 -21.267
11
  69.081
21
 151.278
31
 -22.554
39
 0
62
  5
 0
LINE
8
default
6
CONTINUOUS
10
 -68.944
20
 160.356
30
 -21.267
11
 -69.081
21
 151.278
31
 -22.554
39
 0
62
  5
 0
LINE
8
default
6
CONTINUOUS
10
  69.081
20
 151.278
30
 -22.554
11
  69.213
21
 142.243
31
 -23.793
39
 0
62
  5
 0
LINE
8
default
6
CONTINUOUS
10
 -69.081
20
 151.278
30
 -22.554
11
 -69.213
21
 142.243
31
 -23.793
39
 0
62
  5
 0
LINE
8
default
6
CONTINUOUS
10
  69.213
20
 142.243
30
 -23.793
11
  69.338
21
 133.262
31
 -24.977
39
 0
62
  5
 0
LINE
8
default
6
CONTINUOUS
10
 -69.213
20
 142.243
30
 -23.793
11
 -69.338
21
 133.262
31
 -24.977
39
 0
62
  5
 0
LINE
8
default
6
CONTINUOUS
10
  69.338
20
 133.262
30
 -24.977
11
  69.458
21
 124.362
31
 -26.102
39
 0
62
  5
 0
LINE
8
default
6
CONTINUOUS
10
 -69.338
20
 133.262
30
 -24.977
11
 -69.458
21
 124.362
31
 -26.102
39
 0
62
  5
 0
LINE
8
default
6
CONTINUOUS
10
  69.458
20
 124.362
30
 -26.102
11
  69.570
21
 115.559
31
 -27.158
39
 0
62
  5
 0
LINE
8
default
6
CONTINUOUS
10
 -69.458
20
 124.362
30
 -26.102
11
 -69.570
21
 115.559
31
 -27.158
39
 0
62
  5
 0
LINE
8
default
6
CONTINUOUS
10
  69.570
20
 115.559
30
 -27.158
11
  69.675
21
 106.894
31
 -28.145
39
 0
62
  5
 0
LINE
8
default
6
CONTINUOUS
10
 -69.570
20
 115.559
30
 -27.158
11
 -69.675
21
 106.894
31
 -28.145
39
 0
62
  5
 0
LINE
8
default
6
CONTINUOUS
10
  69.675
20
 106.894
30
 -28.145
11
  69.770
21
  98.428
31
 -29.042
39
 0
62
  5
 0
LINE
8
default
6
CONTINUOUS
10
 -69.675
20
 106.894
30
 -28.145
11
 -69.770
21
  98.428
31
 -29.042
39
 0
62
  5
 0
LINE
8
default
6
CONTINUOUS
10
  69.770
20
  98.428
30
 -29.042
11
  69.853
21
  90.230
31
 -29.828
39
 0
62
  5
 0
LINE
8
default
6
CONTINUOUS
10
 -69.770
20
  98.428
30
 -29.042
11
 -69.853
21
  90.230
31
 -29.828
39
 0
62
  5
 0
LINE
8
default
6
CONTINUOUS
10
  69.853
20
  90.230
30
 -29.828
11
  69.923
21
  82.384
31
 -30.482
39
 0
62
  5
 0
LINE
8
default
6
CONTINUOUS
10
 -69.853
20
  90.230
30
 -29.828
11
 -69.923
21
  82.384
31
 -30.482
39
 0
62
  5
 0
LINE
8
default
6
CONTINUOUS
10
  69.923
20
  82.384
30
 -30.482
11
  69.977
21
  74.948
31
 -30.991
39
 0
62
  5
 0
LINE
8
default
6
CONTINUOUS
10
 -69.923
20
  82.384
30
 -30.482
11
 -69.977
21
  74.948
31
 -30.991
39
 0
62
  5
 0
LINE
8
default
6
CONTINUOUS
10
  69.977
20
  74.948
30
 -30.991
11
  70.013
21
  67.955
31
 -31.328
39
 0
62
  5
 0
LINE
8
default
6
CONTINUOUS
10
 -69.977
20
  74.948
30
 -30.991
11
 -70.013
21
  67.955
31
 -31.328
39
 0
62
  5
 0
LINE
8
default
6
CONTINUOUS
10
  70.013
20
  67.955
30
 -31.328
11
  70.028
21
  61.411
31
 -31.471
39
 0
62
  5
 0
LINE
8
default
6
CONTINUOUS
10
 -70.013
20
  67.955
30
 -31.328
11
 -70.028
21
  61.411
31
 -31.471
39
 0
62
  5
 0
LINE
8
default
6
CONTINUOUS
10
  70.028
20
  61.411
30
 -31.471
11
  70.020
21
  55.319
31
 -31.402
39
 0
62
  5
 0
LINE
8
default
6
CONTINUOUS
10
 -70.028
20
  61.411
30
 -31.471
11
 -70.020
21
  55.319
31
 -31.402
39
 0
62
  5
 0
LINE
8
default
6
CONTINUOUS
10
  70.020
20
  55.319
30
 -31.402
11
  69.991
21
  49.675
31
 -31.121
39
 0
62
  5
 0
LINE
8
default
6
CONTINUOUS
10
 -70.020
20
  55.319
30
 -31.402
11
 -69.991
21
  49.675
31
 -31.121
39
 0
62
  5
 0
LINE
8
default
6
CONTINUOUS
10
  69.991
20
  49.675
30
 -31.121
11
  69.937
21
  44.466
31
 -30.617
39
 0
62
  5
 0
LINE
8
default
6
CONTINUOUS
10
 -69.991
20
  49.675
30
 -31.121
11
 -69.937
21
  44.466
31
 -30.617
39
 0
62
  5
 0
LINE
8
default
6
CONTINUOUS
10
  69.937
20
  44.466
30
 -30.617
11
  69.861
21
  39.681
31
 -29.903
39
 0
62
  5
 0
LINE
8
default
6
CONTINUOUS
10
 -69.937
20
  44.466
30
 -30.617
11
 -69.861
21
  39.681
31
 -29.903
39
 0
62
  5
 0
LINE
8
default
6
CONTINUOUS
10
  69.861
20
  39.681
30
 -29.903
11
  69.763
21
  35.293
31
 -28.982
39
 0
62
  5
 0
LINE
8
default
6
CONTINUOUS
10
 -69.861
20
  39.681
30
 -29.903
11
 -69.763
21
  35.293
31
 -28.982
39
 0
62
  5
 0
LINE
8
default
6
CONTINUOUS
10
  69.763
20
  35.293
30
 -28.982
11
  69.644
21
  31.282
31
 -27.860
39
 0
62
  5
 0
LINE
8
default
6
CONTINUOUS
10
 -69.763
20
  35.293
30
 -28.982
11
 -69.644
21
  31.282
31
 -27.860
39
 0
62
  5
 0
LINE
8
default
6
CONTINUOUS
10
  69.644
20
  31.282
30
 -27.860
11
  69.505
21
  27.618
31
 -26.550
39
 0
62
  5
 0
LINE
8
default
6
CONTINUOUS
10
 -69.644
20
  31.282
30
 -27.860
11
 -69.505
21
  27.618
31
 -26.550
39
 0
62
  5
 0
LINE
8
default
6
CONTINUOUS
10
  69.505
20
  27.618
30
 -26.550
11
  69.349
21
  24.288
31
 -25.080
39
 0
62
  5
 0
LINE
8
default
6
CONTINUOUS
10
 -69.505
20
  27.618
30
 -26.550
11
 -69.349
21
  24.288
31
 -25.080
39
 0
62
  5
 0
LINE
8
default
6
CONTINUOUS
10
  69.349
20
  24.288
30
 -25.080
11
  69.181
21
  21.280
31
 -23.500
39
 0
62
  5
 0
LINE
8
default
6
CONTINUOUS
10
 -69.349
20
  24.288
30
 -25.080
11
 -69.181
21
  21.280
31
 -23.500
39
 0
62
  5
 0
LINE
8
default
6
CONTINUOUS
10
  69.181
20
  21.280
30
 -23.500
11
  69.006
21
  18.574
31
 -21.847
39
 0
62
  5
 0
LINE
8
default
6
CONTINUOUS
10
 -69.181
20
  21.280
30
 -23.500
11
 -69.006
21
  18.574
31
 -21.847
39
 0
62
  5
 0
LINE
8
default
6
CONTINUOUS
10
  69.006
20
  18.574
30
 -21.847
11
  68.827
21
  16.156
31
 -20.164
39
 0
62
  5
 0
LINE
8
default
6
CONTINUOUS
10
 -69.006
20
  18.574
30
 -21.847
11
 -68.827
21
  16.156
31
 -20.164
39
 0
62
  5
 0
LINE
8
default
6
CONTINUOUS
10
  68.827
20
  16.156
30
 -20.164
11
  68.647
21
  13.998
31
 -18.467
39
 0
62
  5
 0
LINE
8
default
6
CONTINUOUS
10
 -68.827
20
  16.156
30
 -20.164
11
 -68.647
21
  13.998
31
 -18.467
39
 0
62
  5
 0
LINE
8
default
6
CONTINUOUS
10
  68.647
20
  13.998
30
 -18.467
11
  68.468
21
  12.081
31
 -16.778
39
 0
62
  5
 0
LINE
8
default
6
CONTINUOUS
10
 -68.647
20
  13.998
30
 -18.467
11
 -68.468
21
  12.081
31
 -16.778
39
 0
62
  5
 0
LINE
8
default
6
CONTINUOUS
10
  68.468
20
  12.081
30
 -16.778
11
  68.291
21
  10.384
31
 -15.110
39
 0
62
  5
 0
LINE
8
default
6
CONTINUOUS
10
 -68.468
20
  12.081
30
 -16.778
11
 -68.291
21
  10.384
31
 -15.110
39
 0
62
  5
 0
LINE
8
default
6
CONTINUOUS
10
  68.291
20
  10.384
30
 -15.110
11
  68.117
21
   8.883
31
 -13.478
39
 0
62
  5
 0
LINE
8
default
6
CONTINUOUS
10
 -68.291
20
  10.384
30
 -15.110
11
 -68.117
21
   8.883
31
 -13.478
39
 0
62
  5
 0
LINE
8
default
6
CONTINUOUS
10
  68.117
20
   8.883
30
 -13.478
11
  67.948
21
   7.562
31
 -11.878
39
 0
62
  5
 0
LINE
8
default
6
CONTINUOUS
10
 -68.117
20
   8.883
30
 -13.478
11
 -67.948
21
   7.562
31
 -11.878
39
 0
62
  5
 0
LINE
8
default
6
CONTINUOUS
10
  67.948
20
   7.562
30
 -11.878
11
  67.782
21
   6.405
31
 -10.321
39
 0
62
  5
 0
LINE
8
default
6
CONTINUOUS
10
 -67.948
20
   7.562
30
 -11.878
11
 -67.782
21
   6.405
31
 -10.321
39
 0
62
  5
 0
LINE
8
default
6
CONTINUOUS
10
  67.782
20
   6.405
30
 -10.321
11
  67.620
21
   5.391
31
  -8.793
39
 0
62
  5
 0
LINE
8
default
6
CONTINUOUS
10
 -67.782
20
   6.405
30
 -10.321
11
 -67.620
21
   5.391
31
  -8.793
39
 0
62
  5
 0
LINE
8
default
6
CONTINUOUS
10
  67.620
20
   5.391
30
  -8.793
11
  67.462
21
   4.514
31
  -7.301
39
 0
62
  5
 0
LINE
8
default
6
CONTINUOUS
10
 -67.620
20
   5.391
30
  -8.793
11
 -67.462
21
   4.514
31
  -7.301
39
 0
62
  5
 0
LINE
8
default
6
CONTINUOUS
10
  67.462
20
   4.514
30
  -7.301
11
  67.308
21
   3.766
31
  -5.849
39
 0
62
  5
 0
LINE
8
default
6
CONTINUOUS
10
 -67.462
20
   4.514
30
  -7.301
11
 -67.308
21
   3.766
31
  -5.849
39
 0
62
  5
 0
LINE
8
default
6
CONTINUOUS
10
  67.308
20
   3.766
30
  -5.849
11
  67.158
21
   3.139
31
  -4.441
39
 0
62
  5
 0
LINE
8
default
6
CONTINUOUS
10
 -67.308
20
   3.766
30
  -5.849
11
 -67.158
21
   3.139
31
  -4.441
39
 0
62
  5
 0
LINE
8
default
6
CONTINUOUS
10
  67.158
20
   3.139
30
  -4.441
11
  67.014
21
   2.629
31
  -3.087
39
 0
62
  5
 0
LINE
8
default
6
CONTINUOUS
10
 -67.158
20
   3.139
30
  -4.441
11
 -67.014
21
   2.629
31
  -3.087
39
 0
62
  5
 0
LINE
8
default
6
CONTINUOUS
10
  67.014
20
   2.629
30
  -3.087
11
  66.874
21
   2.221
31
  -1.769
39
 0
62
  5
 0
LINE
8
default
6
CONTINUOUS
10
 -67.014
20
   2.629
30
  -3.087
11
 -66.874
21
   2.221
31
  -1.769
39
 0
62
  5
 0
LINE
8
default
6
CONTINUOUS
10
  66.874
20
   2.221
30
  -1.769
11
  66.741
21
   1.898
31
  -0.510
39
 0
62
  5
 0
LINE
8
default
6
CONTINUOUS
10
 -66.874
20
   2.221
30
  -1.769
11
 -66.741
21
   1.898
31
  -0.510
39
 0
62
  5
 0
LINE
8
default
6
CONTINUOUS
10
  66.741
20
   1.898
30
  -0.510
11
  66.604
21
   1.648
31
   0.775
39
 0
62
  5
 0
LINE
8
default
6
CONTINUOUS
10
 -66.741
20
   1.898
30
  -0.510
11
 -66.604
21
   1.648
31
   0.775
39
 0
62
  5
 0
LINE
8
default
6
CONTINUOUS
10
  66.604
20
   1.648
30
   0.775
11
  66.489
21
   1.463
31
   1.862
39
 0
62
  5
 0
LINE
8
default
6
CONTINUOUS
10
 -66.604
20
   1.648
30
   0.775
11
 -66.489
21
   1.463
31
   1.862
39
 0
62
  5
 0
LINE
8
default
6
CONTINUOUS
10
  66.489
20
   1.463
30
   1.862
11
  66.324
21
   1.363
31
   3.414
39
 0
62
  5
 0
LINE
8
default
6
CONTINUOUS
10
 -66.489
20
   1.463
30
   1.862
11
 -66.324
21
   1.363
31
   3.414
39
 0
62
  5
 0
LINE
8
default
6
CONTINUOUS
10
  66.324
20
   1.363
30
   3.414
11
  66.311
21
   1.369
31
   3.537
39
 0
62
  5
 0
LINE
8
default
6
CONTINUOUS
10
 -66.324
20
   1.363
30
   3.414
11
 -66.311
21
   1.369
31
   3.537
39
 0
62
  5
 0
LINE
8
default
6
CONTINUOUS
10
  66.311
20
   1.369
30
   3.537
11
  66.127
21
   1.507
31
   5.275
39
 0
62
  5
 0
LINE
8
default
6
CONTINUOUS
10
 -66.311
20
   1.369
30
   3.537
11
 -66.127
21
   1.507
31
   5.275
39
 0
62
  5
 0
LINE
8
default
6
CONTINUOUS
10
  66.127
20
   1.507
30
   5.275
11
  66.045
21
   1.793
31
   6.048
39
 0
62
  5
 0
LINE
8
default
6
CONTINUOUS
10
 -66.127
20
   1.507
30
   5.275
11
 -66.045
21
   1.793
31
   6.048
39
 0
62
  5
 0
LINE
8
default
6
CONTINUOUS
10
  66.045
20
   1.793
30
   6.048
11
  65.943
21
   2.229
31
   7.004
39
 0
62
  5
 0
LINE
8
default
6
CONTINUOUS
10
 -66.045
20
   1.793
30
   6.048
11
 -65.943
21
   2.229
31
   7.004
39
 0
62
  5
 0
LINE
8
default
6
CONTINUOUS
10
  65.943
20
   2.229
30
   7.004
11
  65.851
21
   2.819
31
   7.873
39
 0
62
  5
 0
LINE
8
default
6
CONTINUOUS
10
 -65.943
20
   2.229
30
   7.004
11
 -65.851
21
   2.819
31
   7.873
39
 0
62
  5
 0
LINE
8
default
6
CONTINUOUS
10
  65.851
20
   2.819
30
   7.873
11
  65.765
21
   3.566
31
   8.686
39
 0
62
  5
 0
LINE
8
default
6
CONTINUOUS
10
 -65.851
20
   2.819
30
   7.873
11
 -65.765
21
   3.566
31
   8.686
39
 0
62
  5
 0
LINE
8
default
6
CONTINUOUS
10
  65.765
20
   3.566
30
   8.686
11
  65.686
21
   4.467
31
   9.426
39
 0
62
  5
 0
LINE
8
default
6
CONTINUOUS
10
 -65.765
20
   3.566
30
   8.686
11
 -65.686
21
   4.467
31
   9.426
39
 0
62
  5
 0
LINE
8
default
6
CONTINUOUS
10
  65.686
20
   4.467
30
   9.426
11
  65.611
21
   5.521
31
  10.128
39
 0
62
  5
 0
LINE
8
default
6
CONTINUOUS
10
 -65.686
20
   4.467
30
   9.426
11
 -65.611
21
   5.521
31
  10.128
39
 0
62
  5
 0
LINE
8
default
6
CONTINUOUS
10
  65.611
20
   5.521
30
  10.128
11
  65.571
21
   6.181
31
  10.508
39
 0
62
  5
 0
LINE
8
default
6
CONTINUOUS
10
 -65.611
20
   5.521
30
  10.128
11
 -65.571
21
   6.181
31
  10.508
39
 0
62
  5
 0
LINE
8
default
6
CONTINUOUS
10
  65.571
20
   6.181
30
  10.508
11
  65.538
21
   6.717
31
  10.817
39
 0
62
  1
 0
LINE
8
default
6
CONTINUOUS
10
 -65.571
20
   6.181
30
  10.508
11
 -65.538
21
   6.717
31
  10.817
39
 0
62
  1
 0
LINE
8
default
6
CONTINUOUS
10
  65.538
20
   6.717
30
  10.817
11
  65.466
21
   8.039
31
  11.498
39
 0
62
  1
 0
LINE
8
default
6
CONTINUOUS
10
 -65.538
20
   6.717
30
  10.817
11
 -65.466
21
   8.039
31
  11.498
39
 0
62
  1
 0
LINE
8
default
6
CONTINUOUS
10
  65.466
20
   8.039
30
  11.498
11
  65.395
21
   9.500
31
  12.167
39
 0
62
  1
 0
LINE
8
default
6
CONTINUOUS
10
 -65.466
20
   8.039
30
  11.498
11
 -65.395
21
   9.500
31
  12.167
39
 0
62
  1
 0
LINE
8
default
6
CONTINUOUS
10
  65.395
20
   9.500
30
  12.167
11
  65.326
21
  11.124
31
  12.821
39
 0
62
  1
 0
LINE
8
default
6
CONTINUOUS
10
 -65.395
20
   9.500
30
  12.167
11
 -65.326
21
  11.124
31
  12.821
39
 0
62
  1
 0
LINE
8
default
6
CONTINUOUS
10
  65.326
20
  11.124
30
  12.821
11
  65.257
21
  12.931
31
  13.466
39
 0
62
  1
 0
LINE
8
default
6
CONTINUOUS
10
 -65.326
20
  11.124
30
  12.821
11
 -65.257
21
  12.931
31
  13.466
39
 0
62
  1
 0
LINE
8
default
6
CONTINUOUS
10
  65.257
20
  12.931
30
  13.466
11
  65.189
21
  14.959
31
  14.105
39
 0
62
  1
 0
LINE
8
default
6
CONTINUOUS
10
 -65.257
20
  12.931
30
  13.466
11
 -65.189
21
  14.959
31
  14.105
39
 0
62
  1
 0
LINE
8
default
6
CONTINUOUS
10
  65.189
20
  14.959
30
  14.105
11
  65.127
21
  17.025
31
  14.690
39
 0
62
  1
 0
LINE
8
default
6
CONTINUOUS
10
 -65.189
20
  14.959
30
  14.105
11
 -65.127
21
  17.025
31
  14.690
39
 0
62
  1
 0
LINE
8
default
6
CONTINUOUS
10
  65.127
20
  17.025
30
  14.690
11
  65.039
21
  20.339
31
  15.524
39
 0
62
  1
 0
LINE
8
default
6
CONTINUOUS
10
 -65.127
20
  17.025
30
  14.690
11
 -65.039
21
  20.339
31
  15.524
39
 0
62
  1
 0
LINE
8
default
6
CONTINUOUS
10
  65.039
20
  20.339
30
  15.524
11
  64.980
21
  22.762
31
  16.074
39
 0
62
  3
 0
LINE
8
default
6
CONTINUOUS
10
 -65.039
20
  20.339
30
  15.524
11
 -64.980
21
  22.762
31
  16.074
39
 0
62
  3
 0
LINE
8
default
6
CONTINUOUS
10
  64.980
20
  22.762
30
  16.074
11
  64.907
21
  26.121
31
  16.765
39
 0
62
  3
 0
LINE
8
default
6
CONTINUOUS
10
 -64.980
20
  22.762
30
  16.074
11
 -64.907
21
  26.121
31
  16.765
39
 0
62
  3
 0
LINE
8
default
6
CONTINUOUS
10
  64.907
20
  26.121
30
  16.765
11
  64.831
21
  29.974
31
  17.480
39
 0
62
  3
 0
LINE
8
default
6
CONTINUOUS
10
 -64.907
20
  26.121
30
  16.765
11
 -64.831
21
  29.974
31
  17.480
39
 0
62
  3
 0
LINE
8
default
6
CONTINUOUS
10
  64.831
20
  29.974
30
  17.480
11
  64.752
21
  34.421
31
  18.219
39
 0
62
  3
 0
LINE
8
default
6
CONTINUOUS
10
 -64.831
20
  29.974
30
  17.480
11
 -64.752
21
  34.421
31
  18.219
39
 0
62
  3
 0
LINE
8
default
6
CONTINUOUS
10
  64.752
20
  34.421
30
  18.219
11
  64.672
21
  39.543
31
  18.974
39
 0
62
  3
 0
LINE
8
default
6
CONTINUOUS
10
 -64.752
20
  34.421
30
  18.219
11
 -64.672
21
  39.543
31
  18.974
39
 0
62
  3
 0
LINE
8
default
6
CONTINUOUS
10
  64.672
20
  39.543
30
  18.974
11
  64.593
21
  45.396
31
  19.725
39
 0
62
  3
 0
LINE
8
default
6
CONTINUOUS
10
 -64.672
20
  39.543
30
  18.974
11
 -64.593
21
  45.396
31
  19.725
39
 0
62
  3
 0
LINE
8
default
6
CONTINUOUS
10
  64.593
20
  45.396
30
  19.725
11
  64.517
21
  51.970
31
  20.433
39
 0
62
  3
 0
LINE
8
default
6
CONTINUOUS
10
 -64.593
20
  45.396
30
  19.725
11
 -64.517
21
  51.970
31
  20.433
39
 0
62
  3
 0
LINE
8
default
6
CONTINUOUS
10
  64.517
20
  51.970
30
  20.433
11
  64.450
21
  59.177
31
  21.071
39
 0
62
  3
 0
LINE
8
default
6
CONTINUOUS
10
 -64.517
20
  51.970
30
  20.433
11
 -64.450
21
  59.177
31
  21.071
39
 0
62
  3
 0
LINE
8
default
6
CONTINUOUS
10
  64.450
20
  59.177
30
  21.071
11
  64.391
21
  66.854
31
  21.620
39
 0
62
  3
 0
LINE
8
default
6
CONTINUOUS
10
 -64.450
20
  59.177
30
  21.071
11
 -64.391
21
  66.854
31
  21.620
39
 0
62
  3
 0
LINE
8
default
6
CONTINUOUS
10
  64.391
20
  66.854
30
  21.620
11
  64.343
21
  74.893
31
  22.074
39
 0
62
  3
 0
LINE
8
default
6
CONTINUOUS
10
 -64.391
20
  66.854
30
  21.620
11
 -64.343
21
  74.893
31
  22.074
39
 0
62
  3
 0
LINE
8
default
6
CONTINUOUS
10
  64.343
20
  74.893
30
  22.074
11
  64.306
21
  83.196
31
  22.422
39
 0
62
  3
 0
LINE
8
default
6
CONTINUOUS
10
 -64.343
20
  74.893
30
  22.074
11
 -64.306
21
  83.196
31
  22.422
39
 0
62
  3
 0
LINE
8
default
6
CONTINUOUS
10
  64.306
20
  83.196
30
  22.422
11
  64.280
21
  91.675
31
  22.666
39
 0
62
  3
 0
LINE
8
default
6
CONTINUOUS
10
 -64.306
20
  83.196
30
  22.422
11
 -64.280
21
  91.675
31
  22.666
39
 0
62
  3
 0
LINE
8
default
6
CONTINUOUS
10
  64.280
20
  91.675
30
  22.666
11
  64.267
21
 100.244
31
  22.796
39
 0
62
  3
 0
LINE
8
default
6
CONTINUOUS
10
 -64.280
20
  91.675
30
  22.666
11
 -64.267
21
 100.244
31
  22.796
39
 0
62
  3
 0
LINE
8
default
6
CONTINUOUS
10
  64.267
20
 100.244
30
  22.796
11
  64.265
21
 108.837
31
  22.809
39
 0
62
  3
 0
LINE
8
default
6
CONTINUOUS
10
 -64.267
20
 100.244
30
  22.796
11
 -64.265
21
 108.837
31
  22.809
39
 0
62
  3
 0
LINE
8
default
6
CONTINUOUS
10
  64.265
20
 108.837
30
  22.809
11
  64.277
21
 117.433
31
  22.696
39
 0
62
  3
 0
LINE
8
default
6
CONTINUOUS
10
 -64.265
20
 108.837
30
  22.809
11
 -64.277
21
 117.433
31
  22.696
39
 0
62
  3
 0
LINE
8
default
6
CONTINUOUS
10
  64.277
20
 117.433
30
  22.696
11
  64.301
21
 126.044
31
  22.469
39
 0
62
  3
 0
LINE
8
default
6
CONTINUOUS
10
 -64.277
20
 117.433
30
  22.696
11
 -64.301
21
 126.044
31
  22.469
39
 0
62
  3
 0
LINE
8
default
6
CONTINUOUS
10
  64.301
20
 126.044
30
  22.469
11
  64.337
21
 134.698
31
  22.135
39
 0
62
  3
 0
LINE
8
default
6
CONTINUOUS
10
 -64.301
20
 126.044
30
  22.469
11
 -64.337
21
 134.698
31
  22.135
39
 0
62
  3
 0
LINE
8
default
6
CONTINUOUS
10
  64.337
20
 134.698
30
  22.135
11
  64.382
21
 143.432
31
  21.708
39
 0
62
  3
 0
LINE
8
default
6
CONTINUOUS
10
 -64.337
20
 134.698
30
  22.135
11
 -64.382
21
 143.432
31
  21.708
39
 0
62
  3
 0
LINE
8
default
6
CONTINUOUS
10
  64.382
20
 143.432
30
  21.708
11
  64.437
21
 152.258
31
  21.193
39
 0
62
  3
 0
LINE
8
default
6
CONTINUOUS
10
 -64.382
20
 143.432
30
  21.708
11
 -64.437
21
 152.258
31
  21.193
39
 0
62
  3
 0
LINE
8
default
6
CONTINUOUS
10
  64.437
20
 152.258
30
  21.193
11
  64.500
21
 161.149
31
  20.595
39
 0
62
  3
 0
LINE
8
default
6
CONTINUOUS
10
 -64.437
20
 152.258
30
  21.193
11
 -64.500
21
 161.149
31
  20.595
39
 0
62
  3
 0
LINE
8
default
6
CONTINUOUS
10
  64.500
20
 161.149
30
  20.595
11
  64.572
21
 170.080
31
  19.922
39
 0
62
  3
 0
LINE
8
default
6
CONTINUOUS
10
 -64.500
20
 161.149
30
  20.595
11
 -64.572
21
 170.080
31
  19.922
39
 0
62
  3
 0
LINE
8
default
6
CONTINUOUS
10
  64.572
20
 170.080
30
  19.922
11
  64.651
21
 179.023
31
  19.175
39
 0
62
  3
 0
LINE
8
default
6
CONTINUOUS
10
 -64.572
20
 170.080
30
  19.922
11
 -64.651
21
 179.023
31
  19.175
39
 0
62
  3
 0
LINE
8
default
6
CONTINUOUS
10
  64.651
20
 179.023
30
  19.175
11
  64.738
21
 187.975
31
  18.355
39
 0
62
  3
 0
LINE
8
default
6
CONTINUOUS
10
 -64.651
20
 179.023
30
  19.175
11
 -64.738
21
 187.975
31
  18.355
39
 0
62
  3
 0
LINE
8
default
6
CONTINUOUS
10
  64.738
20
 187.975
30
  18.355
11
  64.832
21
 196.951
31
  17.467
39
 0
62
  3
 0
LINE
8
default
6
CONTINUOUS
10
 -64.738
20
 187.975
30
  18.355
11
 -64.832
21
 196.951
31
  17.467
39
 0
62
  3
 0
LINE
8
default
6
CONTINUOUS
10
  64.832
20
 196.951
30
  17.467
11
  64.934
21
 205.958
31
  16.512
39
 0
62
  3
 0
LINE
8
default
6
CONTINUOUS
10
 -64.832
20
 196.951
30
  17.467
11
 -64.934
21
 205.958
31
  16.512
39
 0
62
  3
 0
LINE
8
default
6
CONTINUOUS
10
  64.934
20
 205.958
30
  16.512
11
  65.042
21
 214.988
31
  15.491
39
 0
62
  3
 0
LINE
8
default
6
CONTINUOUS
10
 -64.934
20
 205.958
30
  16.512
11
 -65.042
21
 214.988
31
  15.491
39
 0
62
  3
 0
LINE
8
default
6
CONTINUOUS
10
  65.042
20
 214.988
30
  15.491
11
  65.156
21
 224.025
31
  14.417
39
 0
62
  3
 0
LINE
8
default
6
CONTINUOUS
10
 -65.042
20
 214.988
30
  15.491
11
 -65.156
21
 224.025
31
  14.417
39
 0
62
  3
 0
LINE
8
default
6
CONTINUOUS
10
  65.156
20
 224.025
30
  14.417
11
  65.276
21
 233.034
31
  13.292
39
 0
62
  3
 0
LINE
8
default
6
CONTINUOUS
10
 -65.156
20
 224.025
30
  14.417
11
 -65.276
21
 233.034
31
  13.292
39
 0
62
  3
 0
LINE
8
default
6
CONTINUOUS
10
  65.276
20
 233.034
30
  13.292
11
  65.399
21
 242.004
31
  12.131
39
 0
62
  3
 0
LINE
8
default
6
CONTINUOUS
10
 -65.276
20
 233.034
30
  13.292
11
 -65.399
21
 242.004
31
  12.131
39
 0
62
  3
 0
LINE
8
default
6
CONTINUOUS
10
  65.399
20
 242.004
30
  12.131
11
  65.526
21
 250.978
31
  10.933
39
 0
62
  3
 0
LINE
8
default
6
CONTINUOUS
10
 -65.399
20
 242.004
30
  12.131
11
 -65.526
21
 250.978
31
  10.933
39
 0
62
  3
 0
LINE
8
default
6
CONTINUOUS
10
  65.526
20
 250.978
30
  10.933
11
  65.657
21
 260.020
31
   9.700
39
 0
62
  3
 0
LINE
8
default
6
CONTINUOUS
10
 -65.526
20
 250.978
30
  10.933
11
 -65.657
21
 260.020
31
   9.700
39
 0
62
  3
 0
LINE
8
default
6
CONTINUOUS
10
  65.657
20
 260.020
30
   9.700
11
  65.792
21
 269.138
31
   8.428
39
 0
62
  3
 0
LINE
8
default
6
CONTINUOUS
10
 -65.657
20
 260.020
30
   9.700
11
 -65.792
21
 269.138
31
   8.428
39
 0
62
  3
 0
LINE
8
default
6
CONTINUOUS
10
  65.792
20
 269.138
30
   8.428
11
  65.926
21
 278.003
31
   7.168
39
 0
62
  3
 0
LINE
8
default
6
CONTINUOUS
10
 -65.792
20
 269.138
30
   8.428
11
 -65.926
21
 278.003
31
   7.168
39
 0
62
  3
 0
LINE
8
default
6
CONTINUOUS
10
  65.926
20
 278.003
30
   7.168
11
  66.050
21
 286.109
31
   6.001
39
 0
62
  3
 0
LINE
8
default
6
CONTINUOUS
10
 -65.926
20
 278.003
30
   7.168
11
 -66.050
21
 286.109
31
   6.001
39
 0
62
  3
 0
LINE
8
default
6
CONTINUOUS
10
  66.050
20
 286.109
30
   6.001
11
  66.159
21
 293.144
31
   4.970
39
 0
62
  3
 0
LINE
8
default
6
CONTINUOUS
10
 -66.050
20
 286.109
30
   6.001
11
 -66.159
21
 293.144
31
   4.970
39
 0
62
  3
 0
LINE
8
default
6
CONTINUOUS
10
  66.159
20
 293.144
30
   4.970
11
  66.253
21
 299.144
31
   4.083
39
 0
62
  3
 0
LINE
8
default
6
CONTINUOUS
10
 -66.159
20
 293.144
30
   4.970
11
 -66.253
21
 299.144
31
   4.083
39
 0
62
  3
 0
LINE
8
default
6
CONTINUOUS
10
  66.253
20
 299.144
30
   4.083
11
  66.309
21
 302.663
31
   3.558
39
 0
62
  3
 0
LINE
8
default
6
CONTINUOUS
10
 -66.253
20
 299.144
30
   4.083
11
 -66.309
21
 302.663
31
   3.558
39
 0
62
  3
 0
LINE
8
default
6
CONTINUOUS
10
 109.698
20
 301.408
30
   9.802
11
 109.819
21
 297.956
31
   9.114
39
 0
62
  5
 0
LINE
8
default
6
CONTINUOUS
10
-109.698
20
 301.408
30
   9.802
11
-109.819
21
 297.956
31
   9.114
39
 0
62
  5
 0
LINE
8
default
6
CONTINUOUS
10
 109.819
20
 297.956
30
   9.114
11
 110.023
21
 292.073
31
   7.953
39
 0
62
  5
 0
LINE
8
default
6
CONTINUOUS
10
-109.819
20
 297.956
30
   9.114
11
-110.023
21
 292.073
31
   7.953
39
 0
62
  5
 0
LINE
8
default
6
CONTINUOUS
10
 110.023
20
 292.073
30
   7.953
11
 110.261
21
 285.179
31
   6.601
39
 0
62
  5
 0
LINE
8
default
6
CONTINUOUS
10
-110.023
20
 292.073
30
   7.953
11
-110.261
21
 285.179
31
   6.601
39
 0
62
  5
 0
LINE
8
default
6
CONTINUOUS
10
 110.261
20
 285.179
30
   6.601
11
 110.531
21
 277.228
31
   5.063
39
 0
62
  5
 0
LINE
8
default
6
CONTINUOUS
10
-110.261
20
 285.179
30
   6.601
11
-110.531
21
 277.228
31
   5.063
39
 0
62
  5
 0
LINE
8
default
6
CONTINUOUS
10
 110.531
20
 277.228
30
   5.063
11
 110.824
21
 268.518
31
   3.397
39
 0
62
  5
 0
LINE
8
default
6
CONTINUOUS
10
-110.531
20
 277.228
30
   5.063
11
-110.824
21
 268.518
31
   3.397
39
 0
62
  5
 0
LINE
8
default
6
CONTINUOUS
10
 110.824
20
 268.518
30
   3.397
11
 111.121
21
 259.559
31
   1.708
39
 0
62
  5
 0
LINE
8
default
6
CONTINUOUS
10
-110.824
20
 268.518
30
   3.397
11
-111.121
21
 259.559
31
   1.708
39
 0
62
  5
 0
LINE
8
default
6
CONTINUOUS
10
 111.121
20
 259.559
30
   1.708
11
 111.411
21
 250.665
31
   0.060
39
 0
62
  5
 0
LINE
8
default
6
CONTINUOUS
10
-111.121
20
 259.559
30
   1.708
11
-111.411
21
 250.665
31
   0.060
39
 0
62
  5
 0
LINE
8
default
6
CONTINUOUS
10
 111.411
20
 250.665
30
   0.060
11
 111.693
21
 241.836
31
  -1.547
39
 0
62
  5
 0
LINE
8
default
6
CONTINUOUS
10
-111.411
20
 250.665
30
   0.060
11
-111.693
21
 241.836
31
  -1.547
39
 0
62
  5
 0
LINE
8
default
6
CONTINUOUS
10
 111.693
20
 241.836
30
  -1.547
11
 111.971
21
 232.987
31
  -3.128
39
 0
62
  5
 0
LINE
8
default
6
CONTINUOUS
10
-111.693
20
 241.836
30
  -1.547
11
-111.971
21
 232.987
31
  -3.128
39
 0
62
  5
 0
LINE
8
default
6
CONTINUOUS
10
 111.971
20
 232.987
30
  -3.128
11
 112.244
21
 224.074
31
  -4.683
39
 0
62
  5
 0
LINE
8
default
6
CONTINUOUS
10
-111.971
20
 232.987
30
  -3.128
11
-112.244
21
 224.074
31
  -4.683
39
 0
62
  5
 0
LINE
8
default
6
CONTINUOUS
10
 112.244
20
 224.074
30
  -4.683
11
 112.513
21
 215.085
31
  -6.208
39
 0
62
  5
 0
LINE
8
default
6
CONTINUOUS
10
-112.244
20
 224.074
30
  -4.683
11
-112.513
21
 215.085
31
  -6.208
39
 0
62
  5
 0
LINE
8
default
6
CONTINUOUS
10
 112.513
20
 215.085
30
  -6.208
11
 112.776
21
 206.051
31
  -7.704
39
 0
62
  5
 0
LINE
8
default
6
CONTINUOUS
10
-112.513
20
 215.085
30
  -6.208
11
-112.776
21
 206.051
31
  -7.704
39
 0
62
  5
 0
LINE
8
default
6
CONTINUOUS
10
 112.776
20
 206.051
30
  -7.704
11
 113.031
21
 196.992
31
  -9.159
39
 0
62
  5
 0
LINE
8
default
6
CONTINUOUS
10
-112.776
20
 206.051
30
  -7.704
11
-113.031
21
 196.992
31
  -9.159
39
 0
62
  5
 0
LINE
8
default
6
CONTINUOUS
10
 113.031
20
 196.992
30
  -9.159
11
 113.281
21
 187.931
31
 -10.579
39
 0
62
  5
 0
LINE
8
default
6
CONTINUOUS
10
-113.031
20
 196.992
30
  -9.159
11
-113.281
21
 187.931
31
 -10.579
39
 0
62
  5
 0
LINE
8
default
6
CONTINUOUS
10
 113.281
20
 187.931
30
 -10.579
11
 113.524
21
 178.882
31
 -11.960
39
 0
62
  5
 0
LINE
8
default
6
CONTINUOUS
10
-113.281
20
 187.931
30
 -10.579
11
-113.524
21
 178.882
31
 -11.960
39
 0
62
  5
 0
LINE
8
default
6
CONTINUOUS
10
 113.524
20
 178.882
30
 -11.960
11
 113.761
21
 169.854
31
 -13.310
39
 0
62
  5
 0
LINE
8
default
6
CONTINUOUS
10
-113.524
20
 178.882
30
 -11.960
11
-113.761
21
 169.854
31
 -13.310
39
 0
62
  5
 0
LINE
8
default
6
CONTINUOUS
10
 113.761
20
 169.854
30
 -13.310
11
 113.991
21
 160.852
31
 -14.618
39
 0
62
  5
 0
LINE
8
default
6
CONTINUOUS
10
-113.761
20
 169.854
30
 -13.310
11
-113.991
21
 160.852
31
 -14.618
39
 0
62
  5
 0
LINE
8
default
6
CONTINUOUS
10
 113.991
20
 160.852
30
 -14.618
11
 114.214
21
 151.886
31
 -15.886
39
 0
62
  5
 0
LINE
8
default
6
CONTINUOUS
10
-113.991
20
 160.852
30
 -14.618
11
-114.214
21
 151.886
31
 -15.886
39
 0
62
  5
 0
LINE
8
default
6
CONTINUOUS
10
 114.214
20
 151.886
30
 -15.886
11
 114.428
21
 142.961
31
 -17.106
39
 0
62
  5
 0
LINE
8
default
6
CONTINUOUS
10
-114.214
20
 151.886
30
 -15.886
11
-114.428
21
 142.961
31
 -17.106
39
 0
62
  5
 0
LINE
8
default
6
CONTINUOUS
10
 114.428
20
 142.961
30
 -17.106
11
 114.634
21
 134.090
31
 -18.273
39
 0
62
  5
 0
LINE
8
default
6
CONTINUOUS
10
-114.428
20
 142.961
30
 -17.106
11
-114.634
21
 134.090
31
 -18.273
39
 0
62
  5
 0
LINE
8
default
6
CONTINUOUS
10
 114.634
20
 134.090
30
 -18.273
11
 114.828
21
 125.299
31
 -19.382
39
 0
62
  5
 0
LINE
8
default
6
CONTINUOUS
10
-114.634
20
 134.090
30
 -18.273
11
-114.828
21
 125.299
31
 -19.382
39
 0
62
  5
 0
LINE
8
default
6
CONTINUOUS
10
 114.828
20
 125.299
30
 -19.382
11
 115.011
21
 116.604
31
 -20.423
39
 0
62
  5
 0
LINE
8
default
6
CONTINUOUS
10
-114.828
20
 125.299
30
 -19.382
11
-115.011
21
 116.604
31
 -20.423
39
 0
62
  5
 0
LINE
8
default
6
CONTINUOUS
10
 115.011
20
 116.604
30
 -20.423
11
 115.183
21
 108.045
31
 -21.397
39
 0
62
  5
 0
LINE
8
default
6
CONTINUOUS
10
-115.011
20
 116.604
30
 -20.423
11
-115.183
21
 108.045
31
 -21.397
39
 0
62
  5
 0
LINE
8
default
6
CONTINUOUS
10
 115.183
20
 108.045
30
 -21.397
11
 115.338
21
  99.683
31
 -22.282
39
 0
62
  5
 0
LINE
8
default
6
CONTINUOUS
10
-115.183
20
 108.045
30
 -21.397
11
-115.338
21
  99.683
31
 -22.282
39
 0
62
  5
 0
LINE
8
default
6
CONTINUOUS
10
 115.338
20
  99.683
30
 -22.282
11
 115.475
21
  91.585
31
 -23.058
39
 0
62
  5
 0
LINE
8
default
6
CONTINUOUS
10
-115.338
20
  99.683
30
 -22.282
11
-115.475
21
  91.585
31
 -23.058
39
 0
62
  5
 0
LINE
8
default
6
CONTINUOUS
10
 115.475
20
  91.585
30
 -23.058
11
 115.588
21
  83.835
31
 -23.705
39
 0
62
  5
 0
LINE
8
default
6
CONTINUOUS
10
-115.475
20
  91.585
30
 -23.058
11
-115.588
21
  83.835
31
 -23.705
39
 0
62
  5
 0
LINE
8
default
6
CONTINUOUS
10
 115.588
20
  83.835
30
 -23.705
11
 115.677
21
  76.490
31
 -24.211
39
 0
62
  5
 0
LINE
8
default
6
CONTINUOUS
10
-115.588
20
  83.835
30
 -23.705
11
-115.677
21
  76.490
31
 -24.211
39
 0
62
  5
 0
LINE
8
default
6
CONTINUOUS
10
 115.677
20
  76.490
30
 -24.211
11
 115.736
21
  69.582
31
 -24.546
39
 0
62
  5
 0
LINE
8
default
6
CONTINUOUS
10
-115.677
20
  76.490
30
 -24.211
11
-115.736
21
  69.582
31
 -24.546
39
 0
62
  5
 0
LINE
8
default
6
CONTINUOUS
10
 115.736
20
  69.582
30
 -24.546
11
 115.762
21
  63.118
31
 -24.693
39
 0
62
  5
 0
LINE
8
default
6
CONTINUOUS
10
-115.736
20
  69.582
30
 -24.546
11
-115.762
21
  63.118
31
 -24.693
39
 0
62
  5
 0
LINE
8
default
6
CONTINUOUS
10
 115.762
20
  63.118
30
 -24.693
11
 115.751
21
  57.099
31
 -24.631
39
 0
62
  5
 0
LINE
8
default
6
CONTINUOUS
10
-115.762
20
  63.118
30
 -24.693
11
-115.751
21
  57.099
31
 -24.631
39
 0
62
  5
 0
LINE
8
default
6
CONTINUOUS
10
 115.751
20
  57.099
30
 -24.631
11
 115.704
21
  51.524
31
 -24.361
39
 0
62
  5
 0
LINE
8
default
6
CONTINUOUS
10
-115.751
20
  57.099
30
 -24.631
11
-115.704
21
  51.524
31
 -24.361
39
 0
62
  5
 0
LINE
8
default
6
CONTINUOUS
10
 115.704
20
  51.524
30
 -24.361
11
 115.618
21
  46.377
31
 -23.872
39
 0
62
  5
 0
LINE
8
default
6
CONTINUOUS
10
-115.704
20
  51.524
30
 -24.361
11
-115.618
21
  46.377
31
 -23.872
39
 0
62
  5
 0
LINE
8
default
6
CONTINUOUS
10
 115.618
20
  46.377
30
 -23.872
11
 115.496
21
  41.650
31
 -23.178
39
 0
62
  5
 0
LINE
8
default
6
CONTINUOUS
10
-115.618
20
  46.377
30
 -23.872
11
-115.496
21
  41.650
31
 -23.178
39
 0
62
  5
 0
LINE
8
default
6
CONTINUOUS
10
 115.496
20
  41.650
30
 -23.178
11
 115.338
21
  37.315
31
 -22.282
39
 0
62
  5
 0
LINE
8
default
6
CONTINUOUS
10
-115.496
20
  41.650
30
 -23.178
11
-115.338
21
  37.315
31
 -22.282
39
 0
62
  5
 0
LINE
8
default
6
CONTINUOUS
10
 115.338
20
  37.315
30
 -22.282
11
 115.146
21
  33.351
31
 -21.188
39
 0
62
  5
 0
LINE
8
default
6
CONTINUOUS
10
-115.338
20
  37.315
30
 -22.282
11
-115.146
21
  33.351
31
 -21.188
39
 0
62
  5
 0
LINE
8
default
6
CONTINUOUS
10
 115.146
20
  33.351
30
 -21.188
11
 114.921
21
  29.730
31
 -19.909
39
 0
62
  5
 0
LINE
8
default
6
CONTINUOUS
10
-115.146
20
  33.351
30
 -21.188
11
-114.921
21
  29.730
31
 -19.909
39
 0
62
  5
 0
LINE
8
default
6
CONTINUOUS
10
 114.921
20
  29.730
30
 -19.909
11
 114.669
21
  26.439
31
 -18.474
39
 0
62
  5
 0
LINE
8
default
6
CONTINUOUS
10
-114.921
20
  29.730
30
 -19.909
11
-114.669
21
  26.439
31
 -18.474
39
 0
62
  5
 0
LINE
8
default
6
CONTINUOUS
10
 114.669
20
  26.439
30
 -18.474
11
 114.397
21
  23.467
31
 -16.931
39
 0
62
  5
 0
LINE
8
default
6
CONTINUOUS
10
-114.669
20
  26.439
30
 -18.474
11
-114.397
21
  23.467
31
 -16.931
39
 0
62
  5
 0
LINE
8
default
6
CONTINUOUS
10
 114.397
20
  23.467
30
 -16.931
11
 114.114
21
  20.791
31
 -15.316
39
 0
62
  5
 0
LINE
8
default
6
CONTINUOUS
10
-114.397
20
  23.467
30
 -16.931
11
-114.114
21
  20.791
31
 -15.316
39
 0
62
  5
 0
LINE
8
default
6
CONTINUOUS
10
 114.114
20
  20.791
30
 -15.316
11
 113.825
21
  18.402
31
 -13.672
39
 0
62
  5
 0
LINE
8
default
6
CONTINUOUS
10
-114.114
20
  20.791
30
 -15.316
11
-113.825
21
  18.402
31
 -13.672
39
 0
62
  5
 0
LINE
8
default
6
CONTINUOUS
10
 113.825
20
  18.402
30
 -13.672
11
 113.533
21
  16.268
31
 -12.013
39
 0
62
  5
 0
LINE
8
default
6
CONTINUOUS
10
-113.825
20
  18.402
30
 -13.672
11
-113.533
21
  16.268
31
 -12.013
39
 0
62
  5
 0
LINE
8
default
6
CONTINUOUS
10
 113.533
20
  16.268
30
 -12.013
11
 113.243
21
  14.373
31
 -10.362
39
 0
62
  5
 0
LINE
8
default
6
CONTINUOUS
10
-113.533
20
  16.268
30
 -12.013
11
-113.243
21
  14.373
31
 -10.362
39
 0
62
  5
 0
LINE
8
default
6
CONTINUOUS
10
 113.243
20
  14.373
30
 -10.362
11
 112.956
21
  12.695
31
  -8.732
39
 0
62
  5
 0
LINE
8
default
6
CONTINUOUS
10
-113.243
20
  14.373
30
 -10.362
11
-112.956
21
  12.695
31
  -8.732
39
 0
62
  5
 0
LINE
8
default
6
CONTINUOUS
10
 112.956
20
  12.695
30
  -8.732
11
 112.676
21
  11.210
31
  -7.136
39
 0
62
  5
 0
LINE
8
default
6
CONTINUOUS
10
-112.956
20
  12.695
30
  -8.732
11
-112.676
21
  11.210
31
  -7.136
39
 0
62
  5
 0
LINE
8
default
6
CONTINUOUS
10
 112.676
20
  11.210
30
  -7.136
11
 112.401
21
   9.904
31
  -5.573
39
 0
62
  5
 0
LINE
8
default
6
CONTINUOUS
10
-112.676
20
  11.210
30
  -7.136
11
-112.401
21
   9.904
31
  -5.573
39
 0
62
  5
 0
LINE
8
default
6
CONTINUOUS
10
 112.401
20
   9.904
30
  -5.573
11
 112.133
21
   8.759
31
  -4.050
39
 0
62
  5
 0
LINE
8
default
6
CONTINUOUS
10
-112.401
20
   9.904
30
  -5.573
11
-112.133
21
   8.759
31
  -4.050
39
 0
62
  5
 0
LINE
8
default
6
CONTINUOUS
10
 112.133
20
   8.759
30
  -4.050
11
 111.871
21
   7.757
31
  -2.556
39
 0
62
  5
 0
LINE
8
default
6
CONTINUOUS
10
-112.133
20
   8.759
30
  -4.050
11
-111.871
21
   7.757
31
  -2.556
39
 0
62
  5
 0
LINE
8
default
6
CONTINUOUS
10
 111.871
20
   7.757
30
  -2.556
11
 111.614
21
   6.889
31
  -1.097
39
 0
62
  5
 0
LINE
8
default
6
CONTINUOUS
10
-111.871
20
   7.757
30
  -2.556
11
-111.614
21
   6.889
31
  -1.097
39
 0
62
  5
 0
LINE
8
default
6
CONTINUOUS
10
 111.614
20
   6.889
30
  -1.097
11
 111.365
21
   6.149
31
   0.323
39
 0
62
  5
 0
LINE
8
default
6
CONTINUOUS
10
-111.614
20
   6.889
30
  -1.097
11
-111.365
21
   6.149
31
   0.323
39
 0
62
  5
 0
LINE
8
default
6
CONTINUOUS
10
 111.365
20
   6.149
30
   0.323
11
 111.122
21
   5.527
31
   1.700
39
 0
62
  5
 0
LINE
8
default
6
CONTINUOUS
10
-111.365
20
   6.149
30
   0.323
11
-111.122
21
   5.527
31
   1.700
39
 0
62
  5
 0
LINE
8
default
6
CONTINUOUS
10
 111.122
20
   5.527
30
   1.700
11
 110.890
21
   5.023
31
   3.024
39
 0
62
  5
 0
LINE
8
default
6
CONTINUOUS
10
-111.122
20
   5.527
30
   1.700
11
-110.890
21
   5.023
31
   3.024
39
 0
62
  5
 0
LINE
8
default
6
CONTINUOUS
10
 110.890
20
   5.023
30
   3.024
11
 110.663
21
   4.619
31
   4.314
39
 0
62
  5
 0
LINE
8
default
6
CONTINUOUS
10
-110.890
20
   5.023
30
   3.024
11
-110.663
21
   4.619
31
   4.314
39
 0
62
  5
 0
LINE
8
default
6
CONTINUOUS
10
 110.663
20
   4.619
30
   4.314
11
 110.447
21
   4.299
31
   5.544
39
 0
62
  5
 0
LINE
8
default
6
CONTINUOUS
10
-110.663
20
   4.619
30
   4.314
11
-110.447
21
   4.299
31
   5.544
39
 0
62
  5
 0
LINE
8
default
6
CONTINUOUS
10
 110.447
20
   4.299
30
   5.544
11
 110.226
21
   4.050
31
   6.802
39
 0
62
  5
 0
LINE
8
default
6
CONTINUOUS
10
-110.447
20
   4.299
30
   5.544
11
-110.226
21
   4.050
31
   6.802
39
 0
62
  5
 0
LINE
8
default
6
CONTINUOUS
10
 110.226
20
   4.050
30
   6.802
11
 110.039
21
   3.867
31
   7.865
39
 0
62
  5
 0
LINE
8
default
6
CONTINUOUS
10
-110.226
20
   4.050
30
   6.802
11
-110.039
21
   3.867
31
   7.865
39
 0
62
  5
 0
LINE
8
default
6
CONTINUOUS
10
 110.039
20
   3.867
30
   7.865
11
 109.772
21
   3.766
31
   9.384
39
 0
62
  5
 0
LINE
8
default
6
CONTINUOUS
10
-110.039
20
   3.867
30
   7.865
11
-109.772
21
   3.766
31
   9.384
39
 0
62
  5
 0
LINE
8
default
6
CONTINUOUS
10
 109.772
20
   3.766
30
   9.384
11
 109.751
21
   3.772
31
   9.504
39
 0
62
  5
 0
LINE
8
default
6
CONTINUOUS
10
-109.772
20
   3.766
30
   9.384
11
-109.751
21
   3.772
31
   9.504
39
 0
62
  5
 0
LINE
8
default
6
CONTINUOUS
10
 109.751
20
   3.772
30
   9.504
11
 109.452
21
   3.906
31
  11.205
39
 0
62
  5
 0
LINE
8
default
6
CONTINUOUS
10
-109.751
20
   3.772
30
   9.504
11
-109.452
21
   3.906
31
  11.205
39
 0
62
  5
 0
LINE
8
default
6
CONTINUOUS
10
 109.452
20
   3.906
30
  11.205
11
 109.319
21
   4.188
31
  11.961
39
 0
62
  5
 0
LINE
8
default
6
CONTINUOUS
10
-109.452
20
   3.906
30
  11.205
11
-109.319
21
   4.188
31
  11.961
39
 0
62
  5
 0
LINE
8
default
6
CONTINUOUS
10
 109.319
20
   4.188
30
  11.961
11
 109.154
21
   4.618
31
  12.897
39
 0
62
  5
 0
LINE
8
default
6
CONTINUOUS
10
-109.319
20
   4.188
30
  11.961
11
-109.154
21
   4.618
31
  12.897
39
 0
62
  5
 0
LINE
8
default
6
CONTINUOUS
10
 109.154
20
   4.618
30
  12.897
11
 109.005
21
   5.200
31
  13.748
39
 0
62
  5
 0
LINE
8
default
6
CONTINUOUS
10
-109.154
20
   4.618
30
  12.897
11
-109.005
21
   5.200
31
  13.748
39
 0
62
  5
 0
LINE
8
default
6
CONTINUOUS
10
 109.005
20
   5.200
30
  13.748
11
 108.865
21
   5.937
31
  14.543
39
 0
62
  5
 0
LINE
8
default
6
CONTINUOUS
10
-109.005
20
   5.200
30
  13.748
11
-108.865
21
   5.937
31
  14.543
39
 0
62
  5
 0
LINE
8
default
6
CONTINUOUS
10
 108.865
20
   5.937
30
  14.543
11
 108.737
21
   6.826
31
  15.269
39
 0
62
  5
 0
LINE
8
default
6
CONTINUOUS
10
-108.865
20
   5.937
30
  14.543
11
-108.737
21
   6.826
31
  15.269
39
 0
62
  5
 0
LINE
8
default
6
CONTINUOUS
10
 108.737
20
   6.826
30
  15.269
11
 108.616
21
   7.867
31
  15.956
39
 0
62
  5
 0
LINE
8
default
6
CONTINUOUS
10
-108.737
20
   6.826
30
  15.269
11
-108.616
21
   7.867
31
  15.956
39
 0
62
  5
 0
LINE
8
default
6
CONTINUOUS
10
 108.616
20
   7.867
30
  15.956
11
 108.551
21
   8.518
31
  16.329
39
 0
62
  5
 0
LINE
8
default
6
CONTINUOUS
10
-108.616
20
   7.867
30
  15.956
11
-108.551
21
   8.518
31
  16.329
39
 0
62
  5
 0
LINE
8
default
6
CONTINUOUS
10
 108.551
20
   8.518
30
  16.329
11
 108.498
21
   9.048
31
  16.632
39
 0
62
  1
 0
LINE
8
default
6
CONTINUOUS
10
-108.551
20
   8.518
30
  16.329
11
-108.498
21
   9.048
31
  16.632
39
 0
62
  1
 0
LINE
8
default
6
CONTINUOUS
10
 108.498
20
   9.048
30
  16.632
11
 108.380
21
  10.353
31
  17.299
39
 0
62
  1
 0
LINE
8
default
6
CONTINUOUS
10
-108.498
20
   9.048
30
  16.632
11
-108.380
21
  10.353
31
  17.299
39
 0
62
  1
 0
LINE
8
default
6
CONTINUOUS
10
 108.380
20
  10.353
30
  17.299
11
 108.265
21
  11.796
31
  17.955
39
 0
62
  1
 0
LINE
8
default
6
CONTINUOUS
10
-108.380
20
  10.353
30
  17.299
11
-108.265
21
  11.796
31
  17.955
39
 0
62
  1
 0
LINE
8
default
6
CONTINUOUS
10
 108.265
20
  11.796
30
  17.955
11
 108.152
21
  13.399
31
  18.596
39
 0
62
  1
 0
LINE
8
default
6
CONTINUOUS
10
-108.265
20
  11.796
30
  17.955
11
-108.152
21
  13.399
31
  18.596
39
 0
62
  1
 0
LINE
8
default
6
CONTINUOUS
10
 108.152
20
  13.399
30
  18.596
11
 108.041
21
  15.184
31
  19.229
39
 0
62
  1
 0
LINE
8
default
6
CONTINUOUS
10
-108.152
20
  13.399
30
  18.596
11
-108.041
21
  15.184
31
  19.229
39
 0
62
  1
 0
LINE
8
default
6
CONTINUOUS
10
 108.041
20
  15.184
30
  19.229
11
 107.931
21
  17.187
31
  19.856
39
 0
62
  1
 0
LINE
8
default
6
CONTINUOUS
10
-108.041
20
  15.184
30
  19.229
11
-107.931
21
  17.187
31
  19.856
39
 0
62
  1
 0
LINE
8
default
6
CONTINUOUS
10
 107.931
20
  17.187
30
  19.856
11
 107.830
21
  19.228
31
  20.431
39
 0
62
  1
 0
LINE
8
default
6
CONTINUOUS
10
-107.931
20
  17.187
30
  19.856
11
-107.830
21
  19.228
31
  20.431
39
 0
62
  1
 0
LINE
8
default
6
CONTINUOUS
10
 107.830
20
  19.228
30
  20.431
11
 107.686
21
  22.500
31
  21.250
39
 0
62
  1
 0
LINE
8
default
6
CONTINUOUS
10
-107.830
20
  19.228
30
  20.431
11
-107.686
21
  22.500
31
  21.250
39
 0
62
  1
 0
LINE
8
default
6
CONTINUOUS
10
 107.686
20
  22.500
30
  21.250
11
 107.591
21
  24.893
31
  21.790
39
 0
62
  3
 0
LINE
8
default
6
CONTINUOUS
10
-107.686
20
  22.500
30
  21.250
11
-107.591
21
  24.893
31
  21.790
39
 0
62
  3
 0
LINE
8
default
6
CONTINUOUS
10
 107.591
20
  24.893
30
  21.790
11
 107.472
21
  28.210
31
  22.469
39
 0
62
  3
 0
LINE
8
default
6
CONTINUOUS
10
-107.591
20
  24.893
30
  21.790
11
-107.472
21
  28.210
31
  22.469
39
 0
62
  3
 0
LINE
8
default
6
CONTINUOUS
10
 107.472
20
  28.210
30
  22.469
11
 107.348
21
  32.016
31
  23.172
39
 0
62
  3
 0
LINE
8
default
6
CONTINUOUS
10
-107.472
20
  28.210
30
  22.469
11
-107.348
21
  32.016
31
  23.172
39
 0
62
  3
 0
LINE
8
default
6
CONTINUOUS
10
 107.348
20
  32.016
30
  23.172
11
 107.220
21
  36.408
31
  23.899
39
 0
62
  3
 0
LINE
8
default
6
CONTINUOUS
10
-107.348
20
  32.016
30
  23.172
11
-107.220
21
  36.408
31
  23.899
39
 0
62
  3
 0
LINE
8
default
6
CONTINUOUS
10
 107.220
20
  36.408
30
  23.899
11
 107.090
21
  41.467
31
  24.642
39
 0
62
  3
 0
LINE
8
default
6
CONTINUOUS
10
-107.220
20
  36.408
30
  23.899
11
-107.090
21
  41.467
31
  24.642
39
 0
62
  3
 0
LINE
8
default
6
CONTINUOUS
10
 107.090
20
  41.467
30
  24.642
11
 106.959
21
  47.249
31
  25.383
39
 0
62
  3
 0
LINE
8
default
6
CONTINUOUS
10
-107.090
20
  41.467
30
  24.642
11
-106.959
21
  47.249
31
  25.383
39
 0
62
  3
 0
LINE
8
default
6
CONTINUOUS
10
 106.959
20
  47.249
30
  25.383
11
 106.837
21
  53.743
31
  26.081
39
 0
62
  3
 0
LINE
8
default
6
CONTINUOUS
10
-106.959
20
  47.249
30
  25.383
11
-106.837
21
  53.743
31
  26.081
39
 0
62
  3
 0
LINE
8
default
6
CONTINUOUS
10
 106.837
20
  53.743
30
  26.081
11
 106.726
21
  60.862
31
  26.713
39
 0
62
  3
 0
LINE
8
default
6
CONTINUOUS
10
-106.837
20
  53.743
30
  26.081
11
-106.726
21
  60.862
31
  26.713
39
 0
62
  3
 0
LINE
8
default
6
CONTINUOUS
10
 106.726
20
  60.862
30
  26.713
11
 106.630
21
  68.445
31
  27.257
39
 0
62
  3
 0
LINE
8
default
6
CONTINUOUS
10
-106.726
20
  60.862
30
  26.713
11
-106.630
21
  68.445
31
  27.257
39
 0
62
  3
 0
LINE
8
default
6
CONTINUOUS
10
 106.630
20
  68.445
30
  27.257
11
 106.551
21
  76.385
31
  27.708
39
 0
62
  3
 0
LINE
8
default
6
CONTINUOUS
10
-106.630
20
  68.445
30
  27.257
11
-106.551
21
  76.385
31
  27.708
39
 0
62
  3
 0
LINE
8
default
6
CONTINUOUS
10
 106.551
20
  76.385
30
  27.708
11
 106.489
21
  84.588
31
  28.056
39
 0
62
  3
 0
LINE
8
default
6
CONTINUOUS
10
-106.551
20
  76.385
30
  27.708
11
-106.489
21
  84.588
31
  28.056
39
 0
62
  3
 0
LINE
8
default
6
CONTINUOUS
10
 106.489
20
  84.588
30
  28.056
11
 106.446
21
  92.963
31
  28.303
39
 0
62
  3
 0
LINE
8
default
6
CONTINUOUS
10
-106.489
20
  84.588
30
  28.056
11
-106.446
21
  92.963
31
  28.303
39
 0
62
  3
 0
LINE
8
default
6
CONTINUOUS
10
 106.446
20
  92.963
30
  28.303
11
 106.422
21
 101.428
31
  28.438
39
 0
62
  3
 0
LINE
8
default
6
CONTINUOUS
10
-106.446
20
  92.963
30
  28.303
11
-106.422
21
 101.428
31
  28.438
39
 0
62
  3
 0
LINE
8
default
6
CONTINUOUS
10
 106.422
20
 101.428
30
  28.438
11
 106.419
21
 109.916
31
  28.458
39
 0
62
  3
 0
LINE
8
default
6
CONTINUOUS
10
-106.422
20
 101.428
30
  28.438
11
-106.419
21
 109.916
31
  28.458
39
 0
62
  3
 0
LINE
8
default
6
CONTINUOUS
10
 106.419
20
 109.916
30
  28.458
11
 106.437
21
 118.408
31
  28.356
39
 0
62
  3
 0
LINE
8
default
6
CONTINUOUS
10
-106.419
20
 109.916
30
  28.458
11
-106.437
21
 118.408
31
  28.356
39
 0
62
  3
 0
LINE
8
default
6
CONTINUOUS
10
 106.437
20
 118.408
30
  28.356
11
 106.474
21
 126.915
31
  28.142
39
 0
62
  3
 0
LINE
8
default
6
CONTINUOUS
10
-106.437
20
 118.408
30
  28.356
11
-106.474
21
 126.915
31
  28.142
39
 0
62
  3
 0
LINE
8
default
6
CONTINUOUS
10
 106.474
20
 126.915
30
  28.142
11
 106.530
21
 135.464
31
  27.823
39
 0
62
  3
 0
LINE
8
default
6
CONTINUOUS
10
-106.474
20
 126.915
30
  28.142
11
-106.530
21
 135.464
31
  27.823
39
 0
62
  3
 0
LINE
8
default
6
CONTINUOUS
10
 106.530
20
 135.464
30
  27.823
11
 106.602
21
 144.093
31
  27.413
39
 0
62
  3
 0
LINE
8
default
6
CONTINUOUS
10
-106.530
20
 135.464
30
  27.823
11
-106.602
21
 144.093
31
  27.413
39
 0
62
  3
 0
LINE
8
default
6
CONTINUOUS
10
 106.602
20
 144.093
30
  27.413
11
 106.689
21
 152.812
31
  26.918
39
 0
62
  3
 0
LINE
8
default
6
CONTINUOUS
10
-106.602
20
 144.093
30
  27.413
11
-106.689
21
 152.812
31
  26.918
39
 0
62
  3
 0
LINE
8
default
6
CONTINUOUS
10
 106.689
20
 152.812
30
  26.918
11
 106.791
21
 161.596
31
  26.341
39
 0
62
  3
 0
LINE
8
default
6
CONTINUOUS
10
-106.689
20
 152.812
30
  26.918
11
-106.791
21
 161.596
31
  26.341
39
 0
62
  3
 0
LINE
8
default
6
CONTINUOUS
10
 106.791
20
 161.596
30
  26.341
11
 106.905
21
 170.419
31
  25.691
39
 0
62
  3
 0
LINE
8
default
6
CONTINUOUS
10
-106.791
20
 161.596
30
  26.341
11
-106.905
21
 170.419
31
  25.691
39
 0
62
  3
 0
LINE
8
default
6
CONTINUOUS
10
 106.905
20
 170.419
30
  25.691
11
 107.032
21
 179.254
31
  24.968
39
 0
62
  3
 0
LINE
8
default
6
CONTINUOUS
10
-106.905
20
 170.419
30
  25.691
11
-107.032
21
 179.254
31
  24.968
39
 0
62
  3
 0
LINE
8
default
6
CONTINUOUS
10
 107.032
20
 179.254
30
  24.968
11
 107.172
21
 188.098
31
  24.174
39
 0
62
  3
 0
LINE
8
default
6
CONTINUOUS
10
-107.032
20
 179.254
30
  24.968
11
-107.172
21
 188.098
31
  24.174
39
 0
62
  3
 0
LINE
8
default
6
CONTINUOUS
10
 107.172
20
 188.098
30
  24.174
11
 107.323
21
 196.966
31
  23.313
39
 0
62
  3
 0
LINE
8
default
6
CONTINUOUS
10
-107.172
20
 188.098
30
  24.174
11
-107.323
21
 196.966
31
  23.313
39
 0
62
  3
 0
LINE
8
default
6
CONTINUOUS
10
 107.323
20
 196.966
30
  23.313
11
 107.486
21
 205.864
31
  22.387
39
 0
62
  3
 0
LINE
8
default
6
CONTINUOUS
10
-107.323
20
 196.966
30
  23.313
11
-107.486
21
 205.864
31
  22.387
39
 0
62
  3
 0
LINE
8
default
6
CONTINUOUS
10
 107.486
20
 205.864
30
  22.387
11
 107.660
21
 214.786
31
  21.397
39
 0
62
  3
 0
LINE
8
default
6
CONTINUOUS
10
-107.486
20
 205.864
30
  22.387
11
-107.660
21
 214.786
31
  21.397
39
 0
62
  3
 0
LINE
8
default
6
CONTINUOUS
10
 107.660
20
 214.786
30
  21.397
11
 107.843
21
 223.714
31
  20.354
39
 0
62
  3
 0
LINE
8
default
6
CONTINUOUS
10
-107.660
20
 214.786
30
  21.397
11
-107.843
21
 223.714
31
  20.354
39
 0
62
  3
 0
LINE
8
default
6
CONTINUOUS
10
 107.843
20
 223.714
30
  20.354
11
 108.035
21
 232.615
31
  19.262
39
 0
62
  3
 0
LINE
8
default
6
CONTINUOUS
10
-107.843
20
 223.714
30
  20.354
11
-108.035
21
 232.615
31
  19.262
39
 0
62
  3
 0
LINE
8
default
6
CONTINUOUS
10
 108.035
20
 232.615
30
  19.262
11
 108.234
21
 241.477
31
  18.134
39
 0
62
  3
 0
LINE
8
default
6
CONTINUOUS
10
-108.035
20
 232.615
30
  19.262
11
-108.234
21
 241.477
31
  18.134
39
 0
62
  3
 0
LINE
8
default
6
CONTINUOUS
10
 108.234
20
 241.477
30
  18.134
11
 108.438
21
 250.343
31
  16.971
39
 0
62
  3
 0
LINE
8
default
6
CONTINUOUS
10
-108.234
20
 241.477
30
  18.134
11
-108.438
21
 250.343
31
  16.971
39
 0
62
  3
 0
LINE
8
default
6
CONTINUOUS
10
 108.438
20
 250.343
30
  16.971
11
 108.649
21
 259.277
31
  15.773
39
 0
62
  3
 0
LINE
8
default
6
CONTINUOUS
10
-108.438
20
 250.343
30
  16.971
11
-108.649
21
 259.277
31
  15.773
39
 0
62
  3
 0
LINE
8
default
6
CONTINUOUS
10
 108.649
20
 259.277
30
  15.773
11
 108.866
21
 268.285
31
  14.536
39
 0
62
  3
 0
LINE
8
default
6
CONTINUOUS
10
-108.649
20
 259.277
30
  15.773
11
-108.866
21
 268.285
31
  14.536
39
 0
62
  3
 0
LINE
8
default
6
CONTINUOUS
10
 108.866
20
 268.285
30
  14.536
11
 109.081
21
 277.043
31
  13.312
39
 0
62
  3
 0
LINE
8
default
6
CONTINUOUS
10
-108.866
20
 268.285
30
  14.536
11
-109.081
21
 277.043
31
  13.312
39
 0
62
  3
 0
LINE
8
default
6
CONTINUOUS
10
 109.081
20
 277.043
30
  13.312
11
 109.281
21
 285.052
31
  12.177
39
 0
62
  3
 0
LINE
8
default
6
CONTINUOUS
10
-109.081
20
 277.043
30
  13.312
11
-109.281
21
 285.052
31
  12.177
39
 0
62
  3
 0
LINE
8
default
6
CONTINUOUS
10
 109.281
20
 285.052
30
  12.177
11
 109.457
21
 292.003
31
  11.175
39
 0
62
  3
 0
LINE
8
default
6
CONTINUOUS
10
-109.281
20
 285.052
30
  12.177
11
-109.457
21
 292.003
31
  11.175
39
 0
62
  3
 0
LINE
8
default
6
CONTINUOUS
10
 109.457
20
 292.003
30
  11.175
11
 109.608
21
 297.930
31
  10.313
39
 0
62
  3
 0
LINE
8
default
6
CONTINUOUS
10
-109.457
20
 292.003
30
  11.175
11
-109.608
21
 297.930
31
  10.313
39
 0
62
  3
 0
LINE
8
default
6
CONTINUOUS
10
 109.608
20
 297.930
30
  10.313
11
 109.698
21
 301.408
31
   9.802
39
 0
62
  3
 0
LINE
8
default
6
CONTINUOUS
10
-109.608
20
 297.930
30
  10.313
11
-109.698
21
 301.408
31
   9.802
39
 0
62
  3
 0
LINE
8
default
6
CONTINUOUS
10
 151.974
20
 299.524
30
  18.966
11
 152.139
21
 296.137
31
  18.296
39
 0
62
  5
 0
LINE
8
default
6
CONTINUOUS
10
-151.974
20
 299.524
30
  18.966
11
-152.139
21
 296.137
31
  18.296
39
 0
62
  5
 0
LINE
8
default
6
CONTINUOUS
10
 152.139
20
 296.137
30
  18.296
11
 152.418
21
 290.364
31
  17.165
39
 0
62
  5
 0
LINE
8
default
6
CONTINUOUS
10
-152.139
20
 296.137
30
  18.296
11
-152.418
21
 290.364
31
  17.165
39
 0
62
  5
 0
LINE
8
default
6
CONTINUOUS
10
 152.418
20
 290.364
30
  17.165
11
 152.744
21
 283.598
31
  15.848
39
 0
62
  5
 0
LINE
8
default
6
CONTINUOUS
10
-152.418
20
 290.364
30
  17.165
11
-152.744
21
 283.598
31
  15.848
39
 0
62
  5
 0
LINE
8
default
6
CONTINUOUS
10
 152.744
20
 283.598
30
  15.848
11
 153.114
21
 275.796
31
  14.348
39
 0
62
  5
 0
LINE
8
default
6
CONTINUOUS
10
-152.744
20
 283.598
30
  15.848
11
-153.114
21
 275.796
31
  14.348
39
 0
62
  5
 0
LINE
8
default
6
CONTINUOUS
10
 153.114
20
 275.796
30
  14.348
11
 153.515
21
 267.249
31
  12.725
39
 0
62
  5
 0
LINE
8
default
6
CONTINUOUS
10
-153.114
20
 275.796
30
  14.348
11
-153.515
21
 267.249
31
  12.725
39
 0
62
  5
 0
LINE
8
default
6
CONTINUOUS
10
 153.515
20
 267.249
30
  12.725
11
 153.921
21
 258.456
31
  11.078
39
 0
62
  5
 0
LINE
8
default
6
CONTINUOUS
10
-153.515
20
 267.249
30
  12.725
11
-153.921
21
 258.456
31
  11.078
39
 0
62
  5
 0
LINE
8
default
6
CONTINUOUS
10
 153.921
20
 258.456
30
  11.078
11
 154.318
21
 249.728
31
   9.471
39
 0
62
  5
 0
LINE
8
default
6
CONTINUOUS
10
-153.921
20
 258.456
30
  11.078
11
-154.318
21
 249.728
31
   9.471
39
 0
62
  5
 0
LINE
8
default
6
CONTINUOUS
10
 154.318
20
 249.728
30
   9.471
11
 154.705
21
 241.064
31
   7.904
39
 0
62
  5
 0
LINE
8
default
6
CONTINUOUS
10
-154.318
20
 249.728
30
   9.471
11
-154.705
21
 241.064
31
   7.904
39
 0
62
  5
 0
LINE
8
default
6
CONTINUOUS
10
 154.705
20
 241.064
30
   7.904
11
 155.086
21
 232.379
31
   6.363
39
 0
62
  5
 0
LINE
8
default
6
CONTINUOUS
10
-154.705
20
 241.064
30
   7.904
11
-155.086
21
 232.379
31
   6.363
39
 0
62
  5
 0
LINE
8
default
6
CONTINUOUS
10
 155.086
20
 232.379
30
   6.363
11
 155.460
21
 223.633
31
   4.846
39
 0
62
  5
 0
LINE
8
default
6
CONTINUOUS
10
-155.086
20
 232.379
30
   6.363
11
-155.460
21
 223.633
31
   4.846
39
 0
62
  5
 0
LINE
8
default
6
CONTINUOUS
10
 155.460
20
 223.633
30
   4.846
11
 155.827
21
 214.811
31
   3.359
39
 0
62
  5
 0
LINE
8
default
6
CONTINUOUS
10
-155.460
20
 223.633
30
   4.846
11
-155.827
21
 214.811
31
   3.359
39
 0
62
  5
 0
LINE
8
default
6
CONTINUOUS
10
 155.827
20
 214.811
30
   3.359
11
 156.188
21
 205.945
31
   1.899
39
 0
62
  5
 0
LINE
8
default
6
CONTINUOUS
10
-155.827
20
 214.811
30
   3.359
11
-156.188
21
 205.945
31
   1.899
39
 0
62
  5
 0
LINE
8
default
6
CONTINUOUS
10
 156.188
20
 205.945
30
   1.899
11
 156.539
21
 197.056
31
   0.479
39
 0
62
  5
 0
LINE
8
default
6
CONTINUOUS
10
-156.188
20
 205.945
30
   1.899
11
-156.539
21
 197.056
31
   0.479
39
 0
62
  5
 0
LINE
8
default
6
CONTINUOUS
10
 156.539
20
 197.056
30
   0.479
11
 156.881
21
 188.163
31
  -0.907
39
 0
62
  5
 0
LINE
8
default
6
CONTINUOUS
10
-156.539
20
 197.056
30
   0.479
11
-156.881
21
 188.163
31
  -0.907
39
 0
62
  5
 0
LINE
8
default
6
CONTINUOUS
10
 156.881
20
 188.163
30
  -0.907
11
 157.214
21
 179.282
31
  -2.257
39
 0
62
  5
 0
LINE
8
default
6
CONTINUOUS
10
-156.881
20
 188.163
30
  -0.907
11
-157.214
21
 179.282
31
  -2.257
39
 0
62
  5
 0
LINE
8
default
6
CONTINUOUS
10
 157.214
20
 179.282
30
  -2.257
11
 157.539
21
 170.422
31
  -3.575
39
 0
62
  5
 0
LINE
8
default
6
CONTINUOUS
10
-157.214
20
 179.282
30
  -2.257
11
-157.539
21
 170.422
31
  -3.575
39
 0
62
  5
 0
LINE
8
default
6
CONTINUOUS
10
 157.539
20
 170.422
30
  -3.575
11
 157.855
21
 161.587
31
  -4.853
39
 0
62
  5
 0
LINE
8
default
6
CONTINUOUS
10
-157.539
20
 170.422
30
  -3.575
11
-157.855
21
 161.587
31
  -4.853
39
 0
62
  5
 0
LINE
8
default
6
CONTINUOUS
10
 157.855
20
 161.587
30
  -4.853
11
 158.161
21
 152.788
31
  -6.091
39
 0
62
  5
 0
LINE
8
default
6
CONTINUOUS
10
-157.855
20
 161.587
30
  -4.853
11
-158.161
21
 152.788
31
  -6.091
39
 0
62
  5
 0
LINE
8
default
6
CONTINUOUS
10
 158.161
20
 152.788
30
  -6.091
11
 158.455
21
 144.029
31
  -7.284
39
 0
62
  5
 0
LINE
8
default
6
CONTINUOUS
10
-158.161
20
 152.788
30
  -6.091
11
-158.455
21
 144.029
31
  -7.284
39
 0
62
  5
 0
LINE
8
default
6
CONTINUOUS
10
 158.455
20
 144.029
30
  -7.284
11
 158.737
21
 135.323
31
  -8.425
39
 0
62
  5
 0
LINE
8
default
6
CONTINUOUS
10
-158.455
20
 144.029
30
  -7.284
11
-158.737
21
 135.323
31
  -8.425
39
 0
62
  5
 0
LINE
8
default
6
CONTINUOUS
10
 158.737
20
 135.323
30
  -8.425
11
 159.005
21
 126.695
31
  -9.510
39
 0
62
  5
 0
LINE
8
default
6
CONTINUOUS
10
-158.737
20
 135.323
30
  -8.425
11
-159.005
21
 126.695
31
  -9.510
39
 0
62
  5
 0
LINE
8
default
6
CONTINUOUS
10
 159.005
20
 126.695
30
  -9.510
11
 159.257
21
 118.161
31
 -10.529
39
 0
62
  5
 0
LINE
8
default
6
CONTINUOUS
10
-159.005
20
 126.695
30
  -9.510
11
-159.257
21
 118.161
31
 -10.529
39
 0
62
  5
 0
LINE
8
default
6
CONTINUOUS
10
 159.257
20
 118.161
30
 -10.529
11
 159.492
21
 109.761
31
 -11.483
39
 0
62
  5
 0
LINE
8
default
6
CONTINUOUS
10
-159.257
20
 118.161
30
 -10.529
11
-159.492
21
 109.761
31
 -11.483
39
 0
62
  5
 0
LINE
8
default
6
CONTINUOUS
10
 159.492
20
 109.761
30
 -11.483
11
 159.706
21
 101.553
31
 -12.351
39
 0
62
  5
 0
LINE
8
default
6
CONTINUOUS
10
-159.492
20
 109.761
30
 -11.483
11
-159.706
21
 101.553
31
 -12.351
39
 0
62
  5
 0
LINE
8
default
6
CONTINUOUS
10
 159.706
20
 101.553
30
 -12.351
11
 159.895
21
  93.606
31
 -13.113
39
 0
62
  5
 0
LINE
8
default
6
CONTINUOUS
10
-159.706
20
 101.553
30
 -12.351
11
-159.895
21
  93.606
31
 -13.113
39
 0
62
  5
 0
LINE
8
default
6
CONTINUOUS
10
 159.895
20
  93.606
30
 -13.113
11
 160.052
21
  86.000
31
 -13.749
39
 0
62
  5
 0
LINE
8
default
6
CONTINUOUS
10
-159.895
20
  93.606
30
 -13.113
11
-160.052
21
  86.000
31
 -13.749
39
 0
62
  5
 0
LINE
8
default
6
CONTINUOUS
10
 160.052
20
  86.000
30
 -13.749
11
 160.175
21
  78.790
31
 -14.249
39
 0
62
  5
 0
LINE
8
default
6
CONTINUOUS
10
-160.052
20
  86.000
30
 -13.749
11
-160.175
21
  78.790
31
 -14.249
39
 0
62
  5
 0
LINE
8
default
6
CONTINUOUS
10
 160.175
20
  78.790
30
 -14.249
11
 160.257
21
  72.010
31
 -14.582
39
 0
62
  5
 0
LINE
8
default
6
CONTINUOUS
10
-160.175
20
  78.790
30
 -14.249
11
-160.257
21
  72.010
31
 -14.582
39
 0
62
  5
 0
LINE
8
default
6
CONTINUOUS
10
 160.257
20
  72.010
30
 -14.582
11
 160.295
21
  65.664
31
 -14.733
39
 0
62
  5
 0
LINE
8
default
6
CONTINUOUS
10
-160.257
20
  72.010
30
 -14.582
11
-160.295
21
  65.664
31
 -14.733
39
 0
62
  5
 0
LINE
8
default
6
CONTINUOUS
10
 160.295
20
  65.664
30
 -14.733
11
 160.282
21
  59.757
31
 -14.681
39
 0
62
  5
 0
LINE
8
default
6
CONTINUOUS
10
-160.295
20
  65.664
30
 -14.733
11
-160.282
21
  59.757
31
 -14.681
39
 0
62
  5
 0
LINE
8
default
6
CONTINUOUS
10
 160.282
20
  59.757
30
 -14.681
11
 160.219
21
  54.284
31
 -14.427
39
 0
62
  5
 0
LINE
8
default
6
CONTINUOUS
10
-160.282
20
  59.757
30
 -14.681
11
-160.219
21
  54.284
31
 -14.427
39
 0
62
  5
 0
LINE
8
default
6
CONTINUOUS
10
 160.219
20
  54.284
30
 -14.427
11
 160.104
21
  49.231
31
 -13.962
39
 0
62
  5
 0
LINE
8
default
6
CONTINUOUS
10
-160.219
20
  54.284
30
 -14.427
11
-160.104
21
  49.231
31
 -13.962
39
 0
62
  5
 0
LINE
8
default
6
CONTINUOUS
10
 160.104
20
  49.231
30
 -13.962
11
 159.940
21
  44.589
31
 -13.296
39
 0
62
  5
 0
LINE
8
default
6
CONTINUOUS
10
-160.104
20
  49.231
30
 -13.962
11
-159.940
21
  44.589
31
 -13.296
39
 0
62
  5
 0
LINE
8
default
6
CONTINUOUS
10
 159.940
20
  44.589
30
 -13.296
11
 159.727
21
  40.332
31
 -12.435
39
 0
62
  5
 0
LINE
8
default
6
CONTINUOUS
10
-159.940
20
  44.589
30
 -13.296
11
-159.727
21
  40.332
31
 -12.435
39
 0
62
  5
 0
LINE
8
default
6
CONTINUOUS
10
 159.727
20
  40.332
30
 -12.435
11
 159.467
21
  36.441
31
 -11.382
39
 0
62
  5
 0
LINE
8
default
6
CONTINUOUS
10
-159.727
20
  40.332
30
 -12.435
11
-159.467
21
  36.441
31
 -11.382
39
 0
62
  5
 0
LINE
8
default
6
CONTINUOUS
10
 159.467
20
  36.441
30
 -11.382
11
 159.163
21
  32.884
31
 -10.149
39
 0
62
  5
 0
LINE
8
default
6
CONTINUOUS
10
-159.467
20
  36.441
30
 -11.382
11
-159.163
21
  32.884
31
 -10.149
39
 0
62
  5
 0
LINE
8
default
6
CONTINUOUS
10
 159.163
20
  32.884
30
 -10.149
11
 158.821
21
  29.652
31
  -8.765
39
 0
62
  5
 0
LINE
8
default
6
CONTINUOUS
10
-159.163
20
  32.884
30
 -10.149
11
-158.821
21
  29.652
31
  -8.765
39
 0
62
  5
 0
LINE
8
default
6
CONTINUOUS
10
 158.821
20
  29.652
30
  -8.765
11
 158.453
21
  26.731
31
  -7.276
39
 0
62
  5
 0
LINE
8
default
6
CONTINUOUS
10
-158.821
20
  29.652
30
  -8.765
11
-158.453
21
  26.731
31
  -7.276
39
 0
62
  5
 0
LINE
8
default
6
CONTINUOUS
10
 158.453
20
  26.731
30
  -7.276
11
 158.068
21
  24.103
31
  -5.717
39
 0
62
  5
 0
LINE
8
default
6
CONTINUOUS
10
-158.453
20
  26.731
30
  -7.276
11
-158.068
21
  24.103
31
  -5.717
39
 0
62
  5
 0
LINE
8
default
6
CONTINUOUS
10
 158.068
20
  24.103
30
  -5.717
11
 157.676
21
  21.755
31
  -4.130
39
 0
62
  5
 0
LINE
8
default
6
CONTINUOUS
10
-158.068
20
  24.103
30
  -5.717
11
-157.676
21
  21.755
31
  -4.130
39
 0
62
  5
 0
LINE
8
default
6
CONTINUOUS
10
 157.676
20
  21.755
30
  -4.130
11
 157.281
21
  19.659
31
  -2.527
39
 0
62
  5
 0
LINE
8
default
6
CONTINUOUS
10
-157.676
20
  21.755
30
  -4.130
11
-157.281
21
  19.659
31
  -2.527
39
 0
62
  5
 0
LINE
8
default
6
CONTINUOUS
10
 157.281
20
  19.659
30
  -2.527
11
 156.887
21
  17.796
31
  -0.932
39
 0
62
  5
 0
LINE
8
default
6
CONTINUOUS
10
-157.281
20
  19.659
30
  -2.527
11
-156.887
21
  17.796
31
  -0.932
39
 0
62
  5
 0
LINE
8
default
6
CONTINUOUS
10
 156.887
20
  17.796
30
  -0.932
11
 156.498
21
  16.146
31
   0.643
39
 0
62
  5
 0
LINE
8
default
6
CONTINUOUS
10
-156.887
20
  17.796
30
  -0.932
11
-156.498
21
  16.146
31
   0.643
39
 0
62
  5
 0
LINE
8
default
6
CONTINUOUS
10
 156.498
20
  16.146
30
   0.643
11
 156.117
21
  14.687
31
   2.185
39
 0
62
  5
 0
LINE
8
default
6
CONTINUOUS
10
-156.498
20
  16.146
30
   0.643
11
-156.117
21
  14.687
31
   2.185
39
 0
62
  5
 0
LINE
8
default
6
CONTINUOUS
10
 156.117
20
  14.687
30
   2.185
11
 155.744
21
  13.403
31
   3.696
39
 0
62
  5
 0
LINE
8
default
6
CONTINUOUS
10
-156.117
20
  14.687
30
   2.185
11
-155.744
21
  13.403
31
   3.696
39
 0
62
  5
 0
LINE
8
default
6
CONTINUOUS
10
 155.744
20
  13.403
30
   3.696
11
 155.381
21
  12.276
31
   5.168
39
 0
62
  5
 0
LINE
8
default
6
CONTINUOUS
10
-155.744
20
  13.403
30
   3.696
11
-155.381
21
  12.276
31
   5.168
39
 0
62
  5
 0
LINE
8
default
6
CONTINUOUS
10
 155.381
20
  12.276
30
   5.168
11
 155.024
21
  11.290
31
   6.612
39
 0
62
  5
 0
LINE
8
default
6
CONTINUOUS
10
-155.381
20
  12.276
30
   5.168
11
-155.024
21
  11.290
31
   6.612
39
 0
62
  5
 0
LINE
8
default
6
CONTINUOUS
10
 155.024
20
  11.290
30
   6.612
11
 154.676
21
  10.436
31
   8.022
39
 0
62
  5
 0
LINE
8
default
6
CONTINUOUS
10
-155.024
20
  11.290
30
   6.612
11
-154.676
21
  10.436
31
   8.022
39
 0
62
  5
 0
LINE
8
default
6
CONTINUOUS
10
 154.676
20
  10.436
30
   8.022
11
 154.337
21
   9.707
31
   9.396
39
 0
62
  5
 0
LINE
8
default
6
CONTINUOUS
10
-154.676
20
  10.436
30
   8.022
11
-154.337
21
   9.707
31
   9.396
39
 0
62
  5
 0
LINE
8
default
6
CONTINUOUS
10
 154.337
20
   9.707
30
   9.396
11
 154.008
21
   9.096
31
  10.727
39
 0
62
  5
 0
LINE
8
default
6
CONTINUOUS
10
-154.337
20
   9.707
30
   9.396
11
-154.008
21
   9.096
31
  10.727
39
 0
62
  5
 0
LINE
8
default
6
CONTINUOUS
10
 154.008
20
   9.096
30
  10.727
11
 153.692
21
   8.598
31
  12.008
39
 0
62
  5
 0
LINE
8
default
6
CONTINUOUS
10
-154.008
20
   9.096
30
  10.727
11
-153.692
21
   8.598
31
  12.008
39
 0
62
  5
 0
LINE
8
default
6
CONTINUOUS
10
 153.692
20
   8.598
30
  12.008
11
 153.384
21
   8.200
31
  13.255
39
 0
62
  5
 0
LINE
8
default
6
CONTINUOUS
10
-153.692
20
   8.598
30
  12.008
11
-153.384
21
   8.200
31
  13.255
39
 0
62
  5
 0
LINE
8
default
6
CONTINUOUS
10
 153.384
20
   8.200
30
  13.255
11
 153.090
21
   7.884
31
  14.445
39
 0
62
  5
 0
LINE
8
default
6
CONTINUOUS
10
-153.384
20
   8.200
30
  13.255
11
-153.090
21
   7.884
31
  14.445
39
 0
62
  5
 0
LINE
8
default
6
CONTINUOUS
10
 153.090
20
   7.884
30
  14.445
11
 152.790
21
   7.638
31
  15.661
39
 0
62
  5
 0
LINE
8
default
6
CONTINUOUS
10
-153.090
20
   7.884
30
  14.445
11
-152.790
21
   7.638
31
  15.661
39
 0
62
  5
 0
LINE
8
default
6
CONTINUOUS
10
 152.790
20
   7.638
30
  15.661
11
 152.536
21
   7.457
31
  16.691
39
 0
62
  5
 0
LINE
8
default
6
CONTINUOUS
10
-152.790
20
   7.638
30
  15.661
11
-152.536
21
   7.457
31
  16.691
39
 0
62
  5
 0
LINE
8
default
6
CONTINUOUS
10
 152.536
20
   7.457
30
  16.691
11
 152.173
21
   7.356
31
  18.160
39
 0
62
  5
 0
LINE
8
default
6
CONTINUOUS
10
-152.536
20
   7.457
30
  16.691
11
-152.173
21
   7.356
31
  18.160
39
 0
62
  5
 0
LINE
8
default
6
CONTINUOUS
10
 152.173
20
   7.356
30
  18.160
11
 152.144
21
   7.362
31
  18.276
39
 0
62
  5
 0
LINE
8
default
6
CONTINUOUS
10
-152.173
20
   7.356
30
  18.160
11
-152.144
21
   7.362
31
  18.276
39
 0
62
  5
 0
LINE
8
default
6
CONTINUOUS
10
 152.144
20
   7.362
30
  18.276
11
 151.738
21
   7.491
31
  19.922
39
 0
62
  5
 0
LINE
8
default
6
CONTINUOUS
10
-152.144
20
   7.362
30
  18.276
11
-151.738
21
   7.491
31
  19.922
39
 0
62
  5
 0
LINE
8
default
6
CONTINUOUS
10
 151.738
20
   7.491
30
  19.922
11
 151.557
21
   7.767
31
  20.654
39
 0
62
  5
 0
LINE
8
default
6
CONTINUOUS
10
-151.738
20
   7.491
30
  19.922
11
-151.557
21
   7.767
31
  20.654
39
 0
62
  5
 0
LINE
8
default
6
CONTINUOUS
10
 151.557
20
   7.767
30
  20.654
11
 151.333
21
   8.188
31
  21.560
39
 0
62
  5
 0
LINE
8
default
6
CONTINUOUS
10
-151.557
20
   7.767
30
  20.654
11
-151.333
21
   8.188
31
  21.560
39
 0
62
  5
 0
LINE
8
default
6
CONTINUOUS
10
 151.333
20
   8.188
30
  21.560
11
 151.130
21
   8.758
31
  22.384
39
 0
62
  5
 0
LINE
8
default
6
CONTINUOUS
10
-151.333
20
   8.188
30
  21.560
11
-151.130
21
   8.758
31
  22.384
39
 0
62
  5
 0
LINE
8
default
6
CONTINUOUS
10
 151.130
20
   8.758
30
  22.384
11
 150.939
21
   9.480
31
  23.155
39
 0
62
  5
 0
LINE
8
default
6
CONTINUOUS
10
-151.130
20
   8.758
30
  22.384
11
-150.939
21
   9.480
31
  23.155
39
 0
62
  5
 0
LINE
8
default
6
CONTINUOUS
10
 150.939
20
   9.480
30
  23.155
11
 150.766
21
  10.352
31
  23.858
39
 0
62
  5
 0
LINE
8
default
6
CONTINUOUS
10
-150.939
20
   9.480
30
  23.155
11
-150.766
21
  10.352
31
  23.858
39
 0
62
  5
 0
LINE
8
default
6
CONTINUOUS
10
 150.766
20
  10.352
30
  23.858
11
 150.601
21
  11.372
31
  24.525
39
 0
62
  5
 0
LINE
8
default
6
CONTINUOUS
10
-150.766
20
  10.352
30
  23.858
11
-150.601
21
  11.372
31
  24.525
39
 0
62
  5
 0
LINE
8
default
6
CONTINUOUS
10
 150.601
20
  11.372
30
  24.525
11
 150.512
21
  12.011
31
  24.886
39
 0
62
  5
 0
LINE
8
default
6
CONTINUOUS
10
-150.601
20
  11.372
30
  24.525
11
-150.512
21
  12.011
31
  24.886
39
 0
62
  5
 0
LINE
8
default
6
CONTINUOUS
10
 150.512
20
  12.011
30
  24.886
11
 150.439
21
  12.530
31
  25.180
39
 0
62
  1
 0
LINE
8
default
6
CONTINUOUS
10
-150.512
20
  12.011
30
  24.886
11
-150.439
21
  12.530
31
  25.180
39
 0
62
  1
 0
LINE
8
default
6
CONTINUOUS
10
 150.439
20
  12.530
30
  25.180
11
 150.279
21
  13.811
31
  25.828
39
 0
62
  1
 0
LINE
8
default
6
CONTINUOUS
10
-150.439
20
  12.530
30
  25.180
11
-150.279
21
  13.811
31
  25.828
39
 0
62
  1
 0
LINE
8
default
6
CONTINUOUS
10
 150.279
20
  13.811
30
  25.828
11
 150.122
21
  15.226
31
  26.464
39
 0
62
  1
 0
LINE
8
default
6
CONTINUOUS
10
-150.279
20
  13.811
30
  25.828
11
-150.122
21
  15.226
31
  26.464
39
 0
62
  1
 0
LINE
8
default
6
CONTINUOUS
10
 150.122
20
  15.226
30
  26.464
11
 149.968
21
  16.799
31
  27.087
39
 0
62
  1
 0
LINE
8
default
6
CONTINUOUS
10
-150.122
20
  15.226
30
  26.464
11
-149.968
21
  16.799
31
  27.087
39
 0
62
  1
 0
LINE
8
default
6
CONTINUOUS
10
 149.968
20
  16.799
30
  27.087
11
 149.817
21
  18.550
31
  27.702
39
 0
62
  1
 0
LINE
8
default
6
CONTINUOUS
10
-149.968
20
  16.799
30
  27.087
11
-149.817
21
  18.550
31
  27.702
39
 0
62
  1
 0
LINE
8
default
6
CONTINUOUS
10
 149.817
20
  18.550
30
  27.702
11
 149.666
21
  20.515
31
  28.311
39
 0
62
  1
 0
LINE
8
default
6
CONTINUOUS
10
-149.817
20
  18.550
30
  27.702
11
-149.666
21
  20.515
31
  28.311
39
 0
62
  1
 0
LINE
8
default
6
CONTINUOUS
10
 149.666
20
  20.515
30
  28.311
11
 149.528
21
  22.518
31
  28.870
39
 0
62
  1
 0
LINE
8
default
6
CONTINUOUS
10
-149.666
20
  20.515
30
  28.311
11
-149.528
21
  22.518
31
  28.870
39
 0
62
  1
 0
LINE
8
default
6
CONTINUOUS
10
 149.528
20
  22.518
30
  28.870
11
 149.332
21
  25.729
31
  29.666
39
 0
62
  1
 0
LINE
8
default
6
CONTINUOUS
10
-149.528
20
  22.518
30
  28.870
11
-149.332
21
  25.729
31
  29.666
39
 0
62
  1
 0
LINE
8
default
6
CONTINUOUS
10
 149.332
20
  25.729
30
  29.666
11
 149.202
21
  28.077
31
  30.193
39
 0
62
  3
 0
LINE
8
default
6
CONTINUOUS
10
-149.332
20
  25.729
30
  29.666
11
-149.202
21
  28.077
31
  30.193
39
 0
62
  3
 0
LINE
8
default
6
CONTINUOUS
10
 149.202
20
  28.077
30
  30.193
11
 149.038
21
  31.332
31
  30.854
39
 0
62
  3
 0
LINE
8
default
6
CONTINUOUS
10
-149.202
20
  28.077
30
  30.193
11
-149.038
21
  31.332
31
  30.854
39
 0
62
  3
 0
LINE
8
default
6
CONTINUOUS
10
 149.038
20
  31.332
30
  30.854
11
 148.869
21
  35.067
31
  31.539
39
 0
62
  3
 0
LINE
8
default
6
CONTINUOUS
10
-149.038
20
  31.332
30
  30.854
11
-148.869
21
  35.067
31
  31.539
39
 0
62
  3
 0
LINE
8
default
6
CONTINUOUS
10
 148.869
20
  35.067
30
  31.539
11
 148.694
21
  39.378
31
  32.249
39
 0
62
  3
 0
LINE
8
default
6
CONTINUOUS
10
-148.869
20
  35.067
30
  31.539
11
-148.694
21
  39.378
31
  32.249
39
 0
62
  3
 0
LINE
8
default
6
CONTINUOUS
10
 148.694
20
  39.378
30
  32.249
11
 148.515
21
  44.342
31
  32.975
39
 0
62
  3
 0
LINE
8
default
6
CONTINUOUS
10
-148.694
20
  39.378
30
  32.249
11
-148.515
21
  44.342
31
  32.975
39
 0
62
  3
 0
LINE
8
default
6
CONTINUOUS
10
 148.515
20
  44.342
30
  32.975
11
 148.336
21
  50.017
31
  33.700
39
 0
62
  3
 0
LINE
8
default
6
CONTINUOUS
10
-148.515
20
  44.342
30
  32.975
11
-148.336
21
  50.017
31
  33.700
39
 0
62
  3
 0
LINE
8
default
6
CONTINUOUS
10
 148.336
20
  50.017
30
  33.700
11
 148.167
21
  56.390
31
  34.384
39
 0
62
  3
 0
LINE
8
default
6
CONTINUOUS
10
-148.336
20
  50.017
30
  33.700
11
-148.167
21
  56.390
31
  34.384
39
 0
62
  3
 0
LINE
8
default
6
CONTINUOUS
10
 148.167
20
  56.390
30
  34.384
11
 148.013
21
  63.377
31
  35.004
39
 0
62
  3
 0
LINE
8
default
6
CONTINUOUS
10
-148.167
20
  56.390
30
  34.384
11
-148.013
21
  63.377
31
  35.004
39
 0
62
  3
 0
LINE
8
default
6
CONTINUOUS
10
 148.013
20
  63.377
30
  35.004
11
 147.881
21
  70.820
31
  35.541
39
 0
62
  3
 0
LINE
8
default
6
CONTINUOUS
10
-148.013
20
  63.377
30
  35.004
11
-147.881
21
  70.820
31
  35.541
39
 0
62
  3
 0
LINE
8
default
6
CONTINUOUS
10
 147.881
20
  70.820
30
  35.541
11
 147.771
21
  78.614
31
  35.988
39
 0
62
  3
 0
LINE
8
default
6
CONTINUOUS
10
-147.881
20
  70.820
30
  35.541
11
-147.771
21
  78.614
31
  35.988
39
 0
62
  3
 0
LINE
8
default
6
CONTINUOUS
10
 147.771
20
  78.614
30
  35.988
11
 147.685
21
  86.665
31
  36.336
39
 0
62
  3
 0
LINE
8
default
6
CONTINUOUS
10
-147.771
20
  78.614
30
  35.988
11
-147.685
21
  86.665
31
  36.336
39
 0
62
  3
 0
LINE
8
default
6
CONTINUOUS
10
 147.685
20
  86.665
30
  36.336
11
 147.623
21
  94.886
31
  36.586
39
 0
62
  3
 0
LINE
8
default
6
CONTINUOUS
10
-147.685
20
  86.665
30
  36.336
11
-147.623
21
  94.886
31
  36.586
39
 0
62
  3
 0
LINE
8
default
6
CONTINUOUS
10
 147.623
20
  94.886
30
  36.586
11
 147.588
21
 103.195
31
  36.728
39
 0
62
  3
 0
LINE
8
default
6
CONTINUOUS
10
-147.623
20
  94.886
30
  36.586
11
-147.588
21
 103.195
31
  36.728
39
 0
62
  3
 0
LINE
8
default
6
CONTINUOUS
10
 147.588
20
 103.195
30
  36.728
11
 147.580
21
 111.528
31
  36.760
39
 0
62
  3
 0
LINE
8
default
6
CONTINUOUS
10
-147.588
20
 103.195
30
  36.728
11
-147.580
21
 111.528
31
  36.760
39
 0
62
  3
 0
LINE
8
default
6
CONTINUOUS
10
 147.580
20
 111.528
30
  36.760
11
 147.602
21
 119.863
31
  36.672
39
 0
62
  3
 0
LINE
8
default
6
CONTINUOUS
10
-147.580
20
 111.528
30
  36.760
11
-147.602
21
 119.863
31
  36.672
39
 0
62
  3
 0
LINE
8
default
6
CONTINUOUS
10
 147.602
20
 119.863
30
  36.672
11
 147.650
21
 128.214
31
  36.477
39
 0
62
  3
 0
LINE
8
default
6
CONTINUOUS
10
-147.602
20
 119.863
30
  36.672
11
-147.650
21
 128.214
31
  36.477
39
 0
62
  3
 0
LINE
8
default
6
CONTINUOUS
10
 147.650
20
 128.214
30
  36.477
11
 147.723
21
 136.606
31
  36.179
39
 0
62
  3
 0
LINE
8
default
6
CONTINUOUS
10
-147.650
20
 128.214
30
  36.477
11
-147.723
21
 136.606
31
  36.179
39
 0
62
  3
 0
LINE
8
default
6
CONTINUOUS
10
 147.723
20
 136.606
30
  36.179
11
 147.818
21
 145.077
31
  35.794
39
 0
62
  3
 0
LINE
8
default
6
CONTINUOUS
10
-147.723
20
 136.606
30
  36.179
11
-147.818
21
 145.077
31
  35.794
39
 0
62
  3
 0
LINE
8
default
6
CONTINUOUS
10
 147.818
20
 145.077
30
  35.794
11
 147.934
21
 153.636
31
  35.327
39
 0
62
  3
 0
LINE
8
default
6
CONTINUOUS
10
-147.818
20
 145.077
30
  35.794
11
-147.934
21
 153.636
31
  35.327
39
 0
62
  3
 0
LINE
8
default
6
CONTINUOUS
10
 147.934
20
 153.636
30
  35.327
11
 148.069
21
 162.260
31
  34.781
39
 0
62
  3
 0
LINE
8
default
6
CONTINUOUS
10
-147.934
20
 153.636
30
  35.327
11
-148.069
21
 162.260
31
  34.781
39
 0
62
  3
 0
LINE
8
default
6
CONTINUOUS
10
 148.069
20
 162.260
30
  34.781
11
 148.221
21
 170.922
31
  34.164
39
 0
62
  3
 0
LINE
8
default
6
CONTINUOUS
10
-148.069
20
 162.260
30
  34.781
11
-148.221
21
 170.922
31
  34.164
39
 0
62
  3
 0
LINE
8
default
6
CONTINUOUS
10
 148.221
20
 170.922
30
  34.164
11
 148.391
21
 179.595
31
  33.476
39
 0
62
  3
 0
LINE
8
default
6
CONTINUOUS
10
-148.221
20
 170.922
30
  34.164
11
-148.391
21
 179.595
31
  33.476
39
 0
62
  3
 0
LINE
8
default
6
CONTINUOUS
10
 148.391
20
 179.595
30
  33.476
11
 148.578
21
 188.278
31
  32.720
39
 0
62
  3
 0
LINE
8
default
6
CONTINUOUS
10
-148.391
20
 179.595
30
  33.476
11
-148.578
21
 188.278
31
  32.720
39
 0
62
  3
 0
LINE
8
default
6
CONTINUOUS
10
 148.578
20
 188.278
30
  32.720
11
 148.780
21
 196.984
31
  31.899
39
 0
62
  3
 0
LINE
8
default
6
CONTINUOUS
10
-148.578
20
 188.278
30
  32.720
11
-148.780
21
 196.984
31
  31.899
39
 0
62
  3
 0
LINE
8
default
6
CONTINUOUS
10
 148.780
20
 196.984
30
  31.899
11
 148.999
21
 205.720
31
  31.015
39
 0
62
  3
 0
LINE
8
default
6
CONTINUOUS
10
-148.780
20
 196.984
30
  31.899
11
-148.999
21
 205.720
31
  31.015
39
 0
62
  3
 0
LINE
8
default
6
CONTINUOUS
10
 148.999
20
 205.720
30
  31.015
11
 149.232
21
 214.479
31
  30.069
39
 0
62
  3
 0
LINE
8
default
6
CONTINUOUS
10
-148.999
20
 205.720
30
  31.015
11
-149.232
21
 214.479
31
  30.069
39
 0
62
  3
 0
LINE
8
default
6
CONTINUOUS
10
 149.232
20
 214.479
30
  30.069
11
 149.478
21
 223.244
31
  29.072
39
 0
62
  3
 0
LINE
8
default
6
CONTINUOUS
10
-149.232
20
 214.479
30
  30.069
11
-149.478
21
 223.244
31
  29.072
39
 0
62
  3
 0
LINE
8
default
6
CONTINUOUS
10
 149.478
20
 223.244
30
  29.072
11
 149.736
21
 231.983
31
  28.027
39
 0
62
  3
 0
LINE
8
default
6
CONTINUOUS
10
-149.478
20
 223.244
30
  29.072
11
-149.736
21
 231.983
31
  28.027
39
 0
62
  3
 0
LINE
8
default
6
CONTINUOUS
10
 149.736
20
 231.983
30
  28.027
11
 150.003
21
 240.684
31
  26.947
39
 0
62
  3
 0
LINE
8
default
6
CONTINUOUS
10
-149.736
20
 231.983
30
  28.027
11
-150.003
21
 240.684
31
  26.947
39
 0
62
  3
 0
LINE
8
default
6
CONTINUOUS
10
 150.003
20
 240.684
30
  26.947
11
 150.278
21
 249.388
31
  25.834
39
 0
62
  3
 0
LINE
8
default
6
CONTINUOUS
10
-150.003
20
 240.684
30
  26.947
11
-150.278
21
 249.388
31
  25.834
39
 0
62
  3
 0
LINE
8
default
6
CONTINUOUS
10
 150.278
20
 249.388
30
  25.834
11
 150.561
21
 258.159
31
  24.687
39
 0
62
  3
 0
LINE
8
default
6
CONTINUOUS
10
-150.278
20
 249.388
30
  25.834
11
-150.561
21
 258.159
31
  24.687
39
 0
62
  3
 0
LINE
8
default
6
CONTINUOUS
10
 150.561
20
 258.159
30
  24.687
11
 150.853
21
 267.004
31
  23.503
39
 0
62
  3
 0
LINE
8
default
6
CONTINUOUS
10
-150.561
20
 258.159
30
  24.687
11
-150.853
21
 267.004
31
  23.503
39
 0
62
  3
 0
LINE
8
default
6
CONTINUOUS
10
 150.853
20
 267.004
30
  23.503
11
 151.143
21
 275.603
31
  22.329
39
 0
62
  3
 0
LINE
8
default
6
CONTINUOUS
10
-150.853
20
 267.004
30
  23.503
11
-151.143
21
 275.603
31
  22.329
39
 0
62
  3
 0
LINE
8
default
6
CONTINUOUS
10
 151.143
20
 275.603
30
  22.329
11
 151.412
21
 283.465
31
  21.242
39
 0
62
  3
 0
LINE
8
default
6
CONTINUOUS
10
-151.143
20
 275.603
30
  22.329
11
-151.412
21
 283.465
31
  21.242
39
 0
62
  3
 0
LINE
8
default
6
CONTINUOUS
10
 151.412
20
 283.465
30
  21.242
11
 151.649
21
 290.290
31
  20.283
39
 0
62
  3
 0
LINE
8
default
6
CONTINUOUS
10
-151.412
20
 283.465
30
  21.242
11
-151.649
21
 290.290
31
  20.283
39
 0
62
  3
 0
LINE
8
default
6
CONTINUOUS
10
 151.649
20
 290.290
30
  20.283
11
 151.853
21
 296.110
31
  19.456
39
 0
62
  3
 0
LINE
8
default
6
CONTINUOUS
10
-151.649
20
 290.290
30
  20.283
11
-151.853
21
 296.110
31
  19.456
39
 0
62
  3
 0
LINE
8
default
6
CONTINUOUS
10
 151.853
20
 296.110
30
  19.456
11
 151.974
21
 299.524
31
  18.966
39
 0
62
  3
 0
LINE
8
default
6
CONTINUOUS
10
-151.853
20
 296.110
30
  19.456
11
-151.974
21
 299.524
31
  18.966
39
 0
62
  3
 0
LINE
8
default
6
CONTINUOUS
10
 192.782
20
 297.031
30
  30.818
11
 192.987
21
 293.730
31
  30.170
39
 0
62
  5
 0
LINE
8
default
6
CONTINUOUS
10
-192.782
20
 297.031
30
  30.818
11
-192.987
21
 293.730
31
  30.170
39
 0
62
  5
 0
LINE
8
default
6
CONTINUOUS
10
 192.987
20
 293.730
30
  30.170
11
 193.333
21
 288.103
31
  29.077
39
 0
62
  5
 0
LINE
8
default
6
CONTINUOUS
10
-192.987
20
 293.730
30
  30.170
11
-193.333
21
 288.103
31
  29.077
39
 0
62
  5
 0
LINE
8
default
6
CONTINUOUS
10
 193.333
20
 288.103
30
  29.077
11
 193.737
21
 281.508
31
  27.804
39
 0
62
  5
 0
LINE
8
default
6
CONTINUOUS
10
-193.333
20
 288.103
30
  29.077
11
-193.737
21
 281.508
31
  27.804
39
 0
62
  5
 0
LINE
8
default
6
CONTINUOUS
10
 193.737
20
 281.508
30
  27.804
11
 194.196
21
 273.902
31
  26.355
39
 0
62
  5
 0
LINE
8
default
6
CONTINUOUS
10
-193.737
20
 281.508
30
  27.804
11
-194.196
21
 273.902
31
  26.355
39
 0
62
  5
 0
LINE
8
default
6
CONTINUOUS
10
 194.196
20
 273.902
30
  26.355
11
 194.693
21
 265.571
31
  24.785
39
 0
62
  5
 0
LINE
8
default
6
CONTINUOUS
10
-194.196
20
 273.902
30
  26.355
11
-194.693
21
 265.571
31
  24.785
39
 0
62
  5
 0
LINE
8
default
6
CONTINUOUS
10
 194.693
20
 265.571
30
  24.785
11
 195.197
21
 257.000
31
  23.193
39
 0
62
  5
 0
LINE
8
default
6
CONTINUOUS
10
-194.693
20
 265.571
30
  24.785
11
-195.197
21
 257.000
31
  23.193
39
 0
62
  5
 0
LINE
8
default
6
CONTINUOUS
10
 195.197
20
 257.000
30
  23.193
11
 195.689
21
 248.492
31
  21.639
39
 0
62
  5
 0
LINE
8
default
6
CONTINUOUS
10
-195.197
20
 257.000
30
  23.193
11
-195.689
21
 248.492
31
  21.639
39
 0
62
  5
 0
LINE
8
default
6
CONTINUOUS
10
 195.689
20
 248.492
30
  21.639
11
 196.169
21
 240.047
31
  20.123
39
 0
62
  5
 0
LINE
8
default
6
CONTINUOUS
10
-195.689
20
 248.492
30
  21.639
11
-196.169
21
 240.047
31
  20.123
39
 0
62
  5
 0
LINE
8
default
6
CONTINUOUS
10
 196.169
20
 240.047
30
  20.123
11
 196.641
21
 231.581
31
  18.632
39
 0
62
  5
 0
LINE
8
default
6
CONTINUOUS
10
-196.169
20
 240.047
30
  20.123
11
-196.641
21
 231.581
31
  18.632
39
 0
62
  5
 0
LINE
8
default
6
CONTINUOUS
10
 196.641
20
 231.581
30
  18.632
11
 197.105
21
 223.055
31
  17.165
39
 0
62
  5
 0
LINE
8
default
6
CONTINUOUS
10
-196.641
20
 231.581
30
  18.632
11
-197.105
21
 223.055
31
  17.165
39
 0
62
  5
 0
LINE
8
default
6
CONTINUOUS
10
 197.105
20
 223.055
30
  17.165
11
 197.561
21
 214.455
31
  15.725
39
 0
62
  5
 0
LINE
8
default
6
CONTINUOUS
10
-197.105
20
 223.055
30
  17.165
11
-197.561
21
 214.455
31
  15.725
39
 0
62
  5
 0
LINE
8
default
6
CONTINUOUS
10
 197.561
20
 214.455
30
  15.725
11
 198.009
21
 205.813
31
  14.311
39
 0
62
  5
 0
LINE
8
default
6
CONTINUOUS
10
-197.561
20
 214.455
30
  15.725
11
-198.009
21
 205.813
31
  14.311
39
 0
62
  5
 0
LINE
8
default
6
CONTINUOUS
10
 198.009
20
 205.813
30
  14.311
11
 198.444
21
 197.147
31
  12.936
39
 0
62
  5
 0
LINE
8
default
6
CONTINUOUS
10
-198.009
20
 205.813
30
  14.311
11
-198.444
21
 197.147
31
  12.936
39
 0
62
  5
 0
LINE
8
default
6
CONTINUOUS
10
 198.444
20
 197.147
30
  12.936
11
 198.870
21
 188.478
31
  11.593
39
 0
62
  5
 0
LINE
8
default
6
CONTINUOUS
10
-198.444
20
 197.147
30
  12.936
11
-198.870
21
 188.478
31
  11.593
39
 0
62
  5
 0
LINE
8
default
6
CONTINUOUS
10
 198.870
20
 188.478
30
  11.593
11
 199.284
21
 179.821
31
  10.286
39
 0
62
  5
 0
LINE
8
default
6
CONTINUOUS
10
-198.870
20
 188.478
30
  11.593
11
-199.284
21
 179.821
31
  10.286
39
 0
62
  5
 0
LINE
8
default
6
CONTINUOUS
10
 199.284
20
 179.821
30
  10.286
11
 199.688
21
 171.183
31
   9.008
39
 0
62
  5
 0
LINE
8
default
6
CONTINUOUS
10
-199.284
20
 179.821
30
  10.286
11
-199.688
21
 171.183
31
   9.008
39
 0
62
  5
 0
LINE
8
default
6
CONTINUOUS
10
 199.688
20
 171.183
30
   9.008
11
 200.081
21
 162.571
31
   7.769
39
 0
62
  5
 0
LINE
8
default
6
CONTINUOUS
10
-199.688
20
 171.183
30
   9.008
11
-200.081
21
 162.571
31
   7.769
39
 0
62
  5
 0
LINE
8
default
6
CONTINUOUS
10
 200.081
20
 162.571
30
   7.769
11
 200.461
21
 153.993
31
   6.568
39
 0
62
  5
 0
LINE
8
default
6
CONTINUOUS
10
-200.081
20
 162.571
30
   7.769
11
-200.461
21
 153.993
31
   6.568
39
 0
62
  5
 0
LINE
8
default
6
CONTINUOUS
10
 200.461
20
 153.993
30
   6.568
11
 200.827
21
 145.454
31
   5.410
39
 0
62
  5
 0
LINE
8
default
6
CONTINUOUS
10
-200.461
20
 153.993
30
   6.568
11
-200.827
21
 145.454
31
   5.410
39
 0
62
  5
 0
LINE
8
default
6
CONTINUOUS
10
 200.827
20
 145.454
30
   5.410
11
 201.178
21
 136.967
31
   4.302
39
 0
62
  5
 0
LINE
8
default
6
CONTINUOUS
10
-200.827
20
 145.454
30
   5.410
11
-201.178
21
 136.967
31
   4.302
39
 0
62
  5
 0
LINE
8
default
6
CONTINUOUS
10
 201.178
20
 136.967
30
   4.302
11
 201.512
21
 128.556
31
   3.248
39
 0
62
  5
 0
LINE
8
default
6
CONTINUOUS
10
-201.178
20
 136.967
30
   4.302
11
-201.512
21
 128.556
31
   3.248
39
 0
62
  5
 0
LINE
8
default
6
CONTINUOUS
10
 201.512
20
 128.556
30
   3.248
11
 201.826
21
 120.236
31
   2.257
39
 0
62
  5
 0
LINE
8
default
6
CONTINUOUS
10
-201.512
20
 128.556
30
   3.248
11
-201.826
21
 120.236
31
   2.257
39
 0
62
  5
 0
LINE
8
default
6
CONTINUOUS
10
 201.826
20
 120.236
30
   2.257
11
 202.120
21
 112.047
31
   1.329
39
 0
62
  5
 0
LINE
8
default
6
CONTINUOUS
10
-201.826
20
 120.236
30
   2.257
11
-202.120
21
 112.047
31
   1.329
39
 0
62
  5
 0
LINE
8
default
6
CONTINUOUS
10
 202.120
20
 112.047
30
   1.329
11
 202.387
21
 104.045
31
   0.484
39
 0
62
  5
 0
LINE
8
default
6
CONTINUOUS
10
-202.120
20
 112.047
30
   1.329
11
-202.387
21
 104.045
31
   0.484
39
 0
62
  5
 0
LINE
8
default
6
CONTINUOUS
10
 202.387
20
 104.045
30
   0.484
11
 202.623
21
  96.296
31
  -0.260
39
 0
62
  5
 0
LINE
8
default
6
CONTINUOUS
10
-202.387
20
 104.045
30
   0.484
11
-202.623
21
  96.296
31
  -0.260
39
 0
62
  5
 0
LINE
8
default
6
CONTINUOUS
10
 202.623
20
  96.296
30
  -0.260
11
 202.820
21
  88.881
31
  -0.883
39
 0
62
  5
 0
LINE
8
default
6
CONTINUOUS
10
-202.623
20
  96.296
30
  -0.260
11
-202.820
21
  88.881
31
  -0.883
39
 0
62
  5
 0
LINE
8
default
6
CONTINUOUS
10
 202.820
20
  88.881
30
  -0.883
11
 202.975
21
  81.852
31
  -1.373
39
 0
62
  5
 0
LINE
8
default
6
CONTINUOUS
10
-202.820
20
  88.881
30
  -0.883
11
-202.975
21
  81.852
31
  -1.373
39
 0
62
  5
 0
LINE
8
default
6
CONTINUOUS
10
 202.975
20
  81.852
30
  -1.373
11
 203.080
21
  75.241
31
  -1.705
39
 0
62
  5
 0
LINE
8
default
6
CONTINUOUS
10
-202.975
20
  81.852
30
  -1.373
11
-203.080
21
  75.241
31
  -1.705
39
 0
62
  5
 0
LINE
8
default
6
CONTINUOUS
10
 203.080
20
  75.241
30
  -1.705
11
 203.130
21
  69.053
31
  -1.860
39
 0
62
  5
 0
LINE
8
default
6
CONTINUOUS
10
-203.080
20
  75.241
30
  -1.705
11
-203.130
21
  69.053
31
  -1.860
39
 0
62
  5
 0
LINE
8
default
6
CONTINUOUS
10
 203.130
20
  69.053
30
  -1.860
11
 203.117
21
  63.292
31
  -1.821
39
 0
62
  5
 0
LINE
8
default
6
CONTINUOUS
10
-203.130
20
  69.053
30
  -1.860
11
-203.117
21
  63.292
31
  -1.821
39
 0
62
  5
 0
LINE
8
default
6
CONTINUOUS
10
 203.117
20
  63.292
30
  -1.821
11
 203.043
21
  57.955
31
  -1.587
39
 0
62
  5
 0
LINE
8
default
6
CONTINUOUS
10
-203.117
20
  63.292
30
  -1.821
11
-203.043
21
  57.955
31
  -1.587
39
 0
62
  5
 0
LINE
8
default
6
CONTINUOUS
10
 203.043
20
  57.955
30
  -1.587
11
 202.905
21
  53.027
31
  -1.150
39
 0
62
  5
 0
LINE
8
default
6
CONTINUOUS
10
-203.043
20
  57.955
30
  -1.587
11
-202.905
21
  53.027
31
  -1.150
39
 0
62
  5
 0
LINE
8
default
6
CONTINUOUS
10
 202.905
20
  53.027
30
  -1.150
11
 202.706
21
  48.499
31
  -0.521
39
 0
62
  5
 0
LINE
8
default
6
CONTINUOUS
10
-202.905
20
  53.027
30
  -1.150
11
-202.706
21
  48.499
31
  -0.521
39
 0
62
  5
 0
LINE
8
default
6
CONTINUOUS
10
 202.706
20
  48.499
30
  -0.521
11
 202.447
21
  44.347
31
   0.296
39
 0
62
  5
 0
LINE
8
default
6
CONTINUOUS
10
-202.706
20
  48.499
30
  -0.521
11
-202.447
21
  44.347
31
   0.296
39
 0
62
  5
 0
LINE
8
default
6
CONTINUOUS
10
 202.447
20
  44.347
30
   0.296
11
 202.130
21
  40.550
31
   1.298
39
 0
62
  5
 0
LINE
8
default
6
CONTINUOUS
10
-202.447
20
  44.347
30
   0.296
11
-202.130
21
  40.550
31
   1.298
39
 0
62
  5
 0
LINE
8
default
6
CONTINUOUS
10
 202.130
20
  40.550
30
   1.298
11
 201.758
21
  37.080
31
   2.472
39
 0
62
  5
 0
LINE
8
default
6
CONTINUOUS
10
-202.130
20
  40.550
30
   1.298
11
-201.758
21
  37.080
31
   2.472
39
 0
62
  5
 0
LINE
8
default
6
CONTINUOUS
10
 201.758
20
  37.080
30
   2.472
11
 201.340
21
  33.925
31
   3.791
39
 0
62
  5
 0
LINE
8
default
6
CONTINUOUS
10
-201.758
20
  37.080
30
   2.472
11
-201.340
21
  33.925
31
   3.791
39
 0
62
  5
 0
LINE
8
default
6
CONTINUOUS
10
 201.340
20
  33.925
30
   3.791
11
 200.890
21
  31.074
31
   5.213
39
 0
62
  5
 0
LINE
8
default
6
CONTINUOUS
10
-201.340
20
  33.925
30
   3.791
11
-200.890
21
  31.074
31
   5.213
39
 0
62
  5
 0
LINE
8
default
6
CONTINUOUS
10
 200.890
20
  31.074
30
   5.213
11
 200.419
21
  28.509
31
   6.700
39
 0
62
  5
 0
LINE
8
default
6
CONTINUOUS
10
-200.890
20
  31.074
30
   5.213
11
-200.419
21
  28.509
31
   6.700
39
 0
62
  5
 0
LINE
8
default
6
CONTINUOUS
10
 200.419
20
  28.509
30
   6.700
11
 199.939
21
  26.216
31
   8.216
39
 0
62
  5
 0
LINE
8
default
6
CONTINUOUS
10
-200.419
20
  28.509
30
   6.700
11
-199.939
21
  26.216
31
   8.216
39
 0
62
  5
 0
LINE
8
default
6
CONTINUOUS
10
 199.939
20
  26.216
30
   8.216
11
 199.454
21
  24.169
31
   9.747
39
 0
62
  5
 0
LINE
8
default
6
CONTINUOUS
10
-199.939
20
  26.216
30
   8.216
11
-199.454
21
  24.169
31
   9.747
39
 0
62
  5
 0
LINE
8
default
6
CONTINUOUS
10
 199.454
20
  24.169
30
   9.747
11
 198.972
21
  22.349
31
  11.271
39
 0
62
  5
 0
LINE
8
default
6
CONTINUOUS
10
-199.454
20
  24.169
30
   9.747
11
-198.972
21
  22.349
31
  11.271
39
 0
62
  5
 0
LINE
8
default
6
CONTINUOUS
10
 198.972
20
  22.349
30
  11.271
11
 198.495
21
  20.738
31
  12.777
39
 0
62
  5
 0
LINE
8
default
6
CONTINUOUS
10
-198.972
20
  22.349
30
  11.271
11
-198.495
21
  20.738
31
  12.777
39
 0
62
  5
 0
LINE
8
default
6
CONTINUOUS
10
 198.495
20
  20.738
30
  12.777
11
 198.028
21
  19.312
31
  14.250
39
 0
62
  5
 0
LINE
8
default
6
CONTINUOUS
10
-198.495
20
  20.738
30
  12.777
11
-198.028
21
  19.312
31
  14.250
39
 0
62
  5
 0
LINE
8
default
6
CONTINUOUS
10
 198.028
20
  19.312
30
  14.250
11
 197.571
21
  18.056
31
  15.695
39
 0
62
  5
 0
LINE
8
default
6
CONTINUOUS
10
-198.028
20
  19.312
30
  14.250
11
-197.571
21
  18.056
31
  15.695
39
 0
62
  5
 0
LINE
8
default
6
CONTINUOUS
10
 197.571
20
  18.056
30
  15.695
11
 197.125
21
  16.955
31
  17.103
39
 0
62
  5
 0
LINE
8
default
6
CONTINUOUS
10
-197.571
20
  18.056
30
  15.695
11
-197.125
21
  16.955
31
  17.103
39
 0
62
  5
 0
LINE
8
default
6
CONTINUOUS
10
 197.125
20
  16.955
30
  17.103
11
 196.688
21
  15.991
31
  18.483
39
 0
62
  5
 0
LINE
8
default
6
CONTINUOUS
10
-197.125
20
  16.955
30
  17.103
11
-196.688
21
  15.991
31
  18.483
39
 0
62
  5
 0
LINE
8
default
6
CONTINUOUS
10
 196.688
20
  15.991
30
  18.483
11
 196.261
21
  15.156
31
  19.833
39
 0
62
  5
 0
LINE
8
default
6
CONTINUOUS
10
-196.688
20
  15.991
30
  18.483
11
-196.261
21
  15.156
31
  19.833
39
 0
62
  5
 0
LINE
8
default
6
CONTINUOUS
10
 196.261
20
  15.156
30
  19.833
11
 195.845
21
  14.443
31
  21.146
39
 0
62
  5
 0
LINE
8
default
6
CONTINUOUS
10
-196.261
20
  15.156
30
  19.833
11
-195.845
21
  14.443
31
  21.146
39
 0
62
  5
 0
LINE
8
default
6
CONTINUOUS
10
 195.845
20
  14.443
30
  21.146
11
 195.441
21
  13.844
31
  22.421
39
 0
62
  5
 0
LINE
8
default
6
CONTINUOUS
10
-195.845
20
  14.443
30
  21.146
11
-195.441
21
  13.844
31
  22.421
39
 0
62
  5
 0
LINE
8
default
6
CONTINUOUS
10
 195.441
20
  13.844
30
  22.421
11
 195.053
21
  13.356
31
  23.646
39
 0
62
  5
 0
LINE
8
default
6
CONTINUOUS
10
-195.441
20
  13.844
30
  22.421
11
-195.053
21
  13.356
31
  23.646
39
 0
62
  5
 0
LINE
8
default
6
CONTINUOUS
10
 195.053
20
  13.356
30
  23.646
11
 194.675
21
  12.965
31
  24.839
39
 0
62
  5
 0
LINE
8
default
6
CONTINUOUS
10
-195.053
20
  13.356
30
  23.646
11
-194.675
21
  12.965
31
  24.839
39
 0
62
  5
 0
LINE
8
default
6
CONTINUOUS
10
 194.675
20
  12.965
30
  24.839
11
 194.315
21
  12.655
31
  25.979
39
 0
62
  5
 0
LINE
8
default
6
CONTINUOUS
10
-194.675
20
  12.965
30
  24.839
11
-194.315
21
  12.655
31
  25.979
39
 0
62
  5
 0
LINE
8
default
6
CONTINUOUS
10
 194.315
20
  12.655
30
  25.979
11
 193.946
21
  12.413
31
  27.143
39
 0
62
  5
 0
LINE
8
default
6
CONTINUOUS
10
-194.315
20
  12.655
30
  25.979
11
-193.946
21
  12.413
31
  27.143
39
 0
62
  5
 0
LINE
8
default
6
CONTINUOUS
10
 193.946
20
  12.413
30
  27.143
11
 193.634
21
  12.234
31
  28.128
39
 0
62
  5
 0
LINE
8
default
6
CONTINUOUS
10
-193.946
20
  12.413
30
  27.143
11
-193.634
21
  12.234
31
  28.128
39
 0
62
  5
 0
LINE
8
default
6
CONTINUOUS
10
 193.634
20
  12.234
30
  28.128
11
 193.189
21
  12.133
31
  29.534
39
 0
62
  5
 0
LINE
8
default
6
CONTINUOUS
10
-193.634
20
  12.234
30
  28.128
11
-193.189
21
  12.133
31
  29.534
39
 0
62
  5
 0
LINE
8
default
6
CONTINUOUS
10
 193.189
20
  12.133
30
  29.534
11
 193.153
21
  12.138
31
  29.646
39
 0
62
  5
 0
LINE
8
default
6
CONTINUOUS
10
-193.189
20
  12.133
30
  29.534
11
-193.153
21
  12.138
31
  29.646
39
 0
62
  5
 0
LINE
8
default
6
CONTINUOUS
10
 193.153
20
  12.138
30
  29.646
11
 192.654
21
  12.261
31
  31.222
39
 0
62
  5
 0
LINE
8
default
6
CONTINUOUS
10
-193.153
20
  12.138
30
  29.646
11
-192.654
21
  12.261
31
  31.222
39
 0
62
  5
 0
LINE
8
default
6
CONTINUOUS
10
 192.654
20
  12.261
30
  31.222
11
 192.432
21
  12.529
31
  31.924
39
 0
62
  5
 0
LINE
8
default
6
CONTINUOUS
10
-192.654
20
  12.261
30
  31.222
11
-192.432
21
  12.529
31
  31.924
39
 0
62
  5
 0
LINE
8
default
6
CONTINUOUS
10
 192.432
20
  12.529
30
  31.924
11
 192.157
21
  12.937
31
  32.792
39
 0
62
  5
 0
LINE
8
default
6
CONTINUOUS
10
-192.432
20
  12.529
30
  31.924
11
-192.157
21
  12.937
31
  32.792
39
 0
62
  5
 0
LINE
8
default
6
CONTINUOUS
10
 192.157
20
  12.937
30
  32.792
11
 191.907
21
  13.492
31
  33.582
39
 0
62
  5
 0
LINE
8
default
6
CONTINUOUS
10
-192.157
20
  12.937
30
  32.792
11
-191.907
21
  13.492
31
  33.582
39
 0
62
  5
 0
LINE
8
default
6
CONTINUOUS
10
 191.907
20
  13.492
30
  33.582
11
 191.673
21
  14.195
31
  34.321
39
 0
62
  5
 0
LINE
8
default
6
CONTINUOUS
10
-191.907
20
  13.492
30
  33.582
11
-191.673
21
  14.195
31
  34.321
39
 0
62
  5
 0
LINE
8
default
6
CONTINUOUS
10
 191.673
20
  14.195
30
  34.321
11
 191.459
21
  15.043
31
  34.996
39
 0
62
  5
 0
LINE
8
default
6
CONTINUOUS
10
-191.673
20
  14.195
30
  34.321
11
-191.459
21
  15.043
31
  34.996
39
 0
62
  5
 0
LINE
8
default
6
CONTINUOUS
10
 191.459
20
  15.043
30
  34.996
11
 191.257
21
  16.037
31
  35.636
39
 0
62
  5
 0
LINE
8
default
6
CONTINUOUS
10
-191.459
20
  15.043
30
  34.996
11
-191.257
21
  16.037
31
  35.636
39
 0
62
  5
 0
LINE
8
default
6
CONTINUOUS
10
 191.257
20
  16.037
30
  35.636
11
 191.147
21
  16.660
31
  35.984
39
 0
62
  5
 0
LINE
8
default
6
CONTINUOUS
10
-191.257
20
  16.037
30
  35.636
11
-191.147
21
  16.660
31
  35.984
39
 0
62
  5
 0
LINE
8
default
6
CONTINUOUS
10
 191.147
20
  16.660
30
  35.984
11
 191.057
21
  17.165
31
  36.266
39
 0
62
  1
 0
LINE
8
default
6
CONTINUOUS
10
-191.147
20
  16.660
30
  35.984
11
-191.057
21
  17.165
31
  36.266
39
 0
62
  1
 0
LINE
8
default
6
CONTINUOUS
10
 191.057
20
  17.165
30
  36.266
11
 190.860
21
  18.413
31
  36.888
39
 0
62
  1
 0
LINE
8
default
6
CONTINUOUS
10
-191.057
20
  17.165
30
  36.266
11
-190.860
21
  18.413
31
  36.888
39
 0
62
  1
 0
LINE
8
default
6
CONTINUOUS
10
 190.860
20
  18.413
30
  36.888
11
 190.666
21
  19.792
31
  37.500
39
 0
62
  1
 0
LINE
8
default
6
CONTINUOUS
10
-190.860
20
  18.413
30
  36.888
11
-190.666
21
  19.792
31
  37.500
39
 0
62
  1
 0
LINE
8
default
6
CONTINUOUS
10
 190.666
20
  19.792
30
  37.500
11
 190.477
21
  21.324
31
  38.099
39
 0
62
  1
 0
LINE
8
default
6
CONTINUOUS
10
-190.666
20
  19.792
30
  37.500
11
-190.477
21
  21.324
31
  38.099
39
 0
62
  1
 0
LINE
8
default
6
CONTINUOUS
10
 190.477
20
  21.324
30
  38.099
11
 190.289
21
  23.031
31
  38.691
39
 0
62
  1
 0
LINE
8
default
6
CONTINUOUS
10
-190.477
20
  21.324
30
  38.099
11
-190.289
21
  23.031
31
  38.691
39
 0
62
  1
 0
LINE
8
default
6
CONTINUOUS
10
 190.289
20
  23.031
30
  38.691
11
 190.103
21
  24.945
31
  39.278
39
 0
62
  1
 0
LINE
8
default
6
CONTINUOUS
10
-190.289
20
  23.031
30
  38.691
11
-190.103
21
  24.945
31
  39.278
39
 0
62
  1
 0
LINE
8
default
6
CONTINUOUS
10
 190.103
20
  24.945
30
  39.278
11
 189.933
21
  26.897
31
  39.816
39
 0
62
  1
 0
LINE
8
default
6
CONTINUOUS
10
-190.103
20
  24.945
30
  39.278
11
-189.933
21
  26.897
31
  39.816
39
 0
62
  1
 0
LINE
8
default
6
CONTINUOUS
10
 189.933
20
  26.897
30
  39.816
11
 189.690
21
  30.027
31
  40.585
39
 0
62
  1
 0
LINE
8
default
6
CONTINUOUS
10
-189.933
20
  26.897
30
  39.816
11
-189.690
21
  30.027
31
  40.585
39
 0
62
  1
 0
LINE
8
default
6
CONTINUOUS
10
 189.690
20
  30.027
30
  40.585
11
 189.529
21
  32.315
31
  41.093
39
 0
62
  3
 0
LINE
8
default
6
CONTINUOUS
10
-189.690
20
  30.027
30
  40.585
11
-189.529
21
  32.315
31
  41.093
39
 0
62
  3
 0
LINE
8
default
6
CONTINUOUS
10
 189.529
20
  32.315
30
  41.093
11
 189.326
21
  35.489
31
  41.732
39
 0
62
  3
 0
LINE
8
default
6
CONTINUOUS
10
-189.529
20
  32.315
30
  41.093
11
-189.326
21
  35.489
31
  41.732
39
 0
62
  3
 0
LINE
8
default
6
CONTINUOUS
10
 189.326
20
  35.489
30
  41.732
11
 189.117
21
  39.130
31
  42.395
39
 0
62
  3
 0
LINE
8
default
6
CONTINUOUS
10
-189.326
20
  35.489
30
  41.732
11
-189.117
21
  39.130
31
  42.395
39
 0
62
  3
 0
LINE
8
default
6
CONTINUOUS
10
 189.117
20
  39.130
30
  42.395
11
 188.899
21
  43.331
31
  43.082
39
 0
62
  3
 0
LINE
8
default
6
CONTINUOUS
10
-189.117
20
  39.130
30
  42.395
11
-188.899
21
  43.331
31
  43.082
39
 0
62
  3
 0
LINE
8
default
6
CONTINUOUS
10
 188.899
20
  43.331
30
  43.082
11
 188.676
21
  48.171
31
  43.785
39
 0
62
  3
 0
LINE
8
default
6
CONTINUOUS
10
-188.899
20
  43.331
30
  43.082
11
-188.676
21
  48.171
31
  43.785
39
 0
62
  3
 0
LINE
8
default
6
CONTINUOUS
10
 188.676
20
  48.171
30
  43.785
11
 188.453
21
  53.703
31
  44.489
39
 0
62
  3
 0
LINE
8
default
6
CONTINUOUS
10
-188.676
20
  48.171
30
  43.785
11
-188.453
21
  53.703
31
  44.489
39
 0
62
  3
 0
LINE
8
default
6
CONTINUOUS
10
 188.453
20
  53.703
30
  44.489
11
 188.242
21
  59.917
31
  45.156
39
 0
62
  3
 0
LINE
8
default
6
CONTINUOUS
10
-188.453
20
  53.703
30
  44.489
11
-188.242
21
  59.917
31
  45.156
39
 0
62
  3
 0
LINE
8
default
6
CONTINUOUS
10
 188.242
20
  59.917
30
  45.156
11
 188.050
21
  66.729
31
  45.762
39
 0
62
  3
 0
LINE
8
default
6
CONTINUOUS
10
-188.242
20
  59.917
30
  45.156
11
-188.050
21
  66.729
31
  45.762
39
 0
62
  3
 0
LINE
8
default
6
CONTINUOUS
10
 188.050
20
  66.729
30
  45.762
11
 187.883
21
  73.985
31
  46.289
39
 0
62
  3
 0
LINE
8
default
6
CONTINUOUS
10
-188.050
20
  66.729
30
  45.762
11
-187.883
21
  73.985
31
  46.289
39
 0
62
  3
 0
LINE
8
default
6
CONTINUOUS
10
 187.883
20
  73.985
30
  46.289
11
 187.744
21
  81.585
31
  46.731
39
 0
62
  3
 0
LINE
8
default
6
CONTINUOUS
10
-187.883
20
  73.985
30
  46.289
11
-187.744
21
  81.585
31
  46.731
39
 0
62
  3
 0
LINE
8
default
6
CONTINUOUS
10
 187.744
20
  81.585
30
  46.731
11
 187.633
21
  89.435
31
  47.078
39
 0
62
  3
 0
LINE
8
default
6
CONTINUOUS
10
-187.744
20
  81.585
30
  46.731
11
-187.633
21
  89.435
31
  47.078
39
 0
62
  3
 0
LINE
8
default
6
CONTINUOUS
10
 187.633
20
  89.435
30
  47.078
11
 187.553
21
  97.451
31
  47.332
39
 0
62
  3
 0
LINE
8
default
6
CONTINUOUS
10
-187.633
20
  89.435
30
  47.078
11
-187.553
21
  97.451
31
  47.332
39
 0
62
  3
 0
LINE
8
default
6
CONTINUOUS
10
 187.553
20
  97.451
30
  47.332
11
 187.506
21
 105.553
31
  47.483
39
 0
62
  3
 0
LINE
8
default
6
CONTINUOUS
10
-187.553
20
  97.451
30
  47.332
11
-187.506
21
 105.553
31
  47.483
39
 0
62
  3
 0
LINE
8
default
6
CONTINUOUS
10
 187.506
20
 105.553
30
  47.483
11
 187.491
21
 113.678
31
  47.527
39
 0
62
  3
 0
LINE
8
default
6
CONTINUOUS
10
-187.506
20
 105.553
30
  47.483
11
-187.491
21
 113.678
31
  47.527
39
 0
62
  3
 0
LINE
8
default
6
CONTINUOUS
10
 187.491
20
 113.678
30
  47.527
11
 187.513
21
 121.807
31
  47.458
39
 0
62
  3
 0
LINE
8
default
6
CONTINUOUS
10
-187.491
20
 113.678
30
  47.527
11
-187.513
21
 121.807
31
  47.458
39
 0
62
  3
 0
LINE
8
default
6
CONTINUOUS
10
 187.513
20
 121.807
30
  47.458
11
 187.568
21
 129.950
31
  47.285
39
 0
62
  3
 0
LINE
8
default
6
CONTINUOUS
10
-187.513
20
 121.807
30
  47.458
11
-187.568
21
 129.950
31
  47.285
39
 0
62
  3
 0
LINE
8
default
6
CONTINUOUS
10
 187.568
20
 129.950
30
  47.285
11
 187.653
21
 138.134
31
  47.016
39
 0
62
  3
 0
LINE
8
default
6
CONTINUOUS
10
-187.568
20
 129.950
30
  47.285
11
-187.653
21
 138.134
31
  47.016
39
 0
62
  3
 0
LINE
8
default
6
CONTINUOUS
10
 187.653
20
 138.134
30
  47.016
11
 187.765
21
 146.395
31
  46.662
39
 0
62
  3
 0
LINE
8
default
6
CONTINUOUS
10
-187.653
20
 138.134
30
  47.016
11
-187.765
21
 146.395
31
  46.662
39
 0
62
  3
 0
LINE
8
default
6
CONTINUOUS
10
 187.765
20
 146.395
30
  46.662
11
 187.902
21
 154.742
31
  46.229
39
 0
62
  3
 0
LINE
8
default
6
CONTINUOUS
10
-187.765
20
 146.395
30
  46.662
11
-187.902
21
 154.742
31
  46.229
39
 0
62
  3
 0
LINE
8
default
6
CONTINUOUS
10
 187.902
20
 154.742
30
  46.229
11
 188.063
21
 163.152
31
  45.721
39
 0
62
  3
 0
LINE
8
default
6
CONTINUOUS
10
-187.902
20
 154.742
30
  46.229
11
-188.063
21
 163.152
31
  45.721
39
 0
62
  3
 0
LINE
8
default
6
CONTINUOUS
10
 188.063
20
 163.152
30
  45.721
11
 188.246
21
 171.600
31
  45.145
39
 0
62
  3
 0
LINE
8
default
6
CONTINUOUS
10
-188.063
20
 163.152
30
  45.721
11
-188.246
21
 171.600
31
  45.145
39
 0
62
  3
 0
LINE
8
default
6
CONTINUOUS
10
 188.246
20
 171.600
30
  45.145
11
 188.449
21
 180.059
31
  44.502
39
 0
62
  3
 0
LINE
8
default
6
CONTINUOUS
10
-188.246
20
 171.600
30
  45.145
11
-188.449
21
 180.059
31
  44.502
39
 0
62
  3
 0
LINE
8
default
6
CONTINUOUS
10
 188.449
20
 180.059
30
  44.502
11
 188.674
21
 188.527
31
  43.793
39
 0
62
  3
 0
LINE
8
default
6
CONTINUOUS
10
-188.449
20
 180.059
30
  44.502
11
-188.674
21
 188.527
31
  43.793
39
 0
62
  3
 0
LINE
8
default
6
CONTINUOUS
10
 188.674
20
 188.527
30
  43.793
11
 188.918
21
 197.018
31
  43.022
39
 0
62
  3
 0
LINE
8
default
6
CONTINUOUS
10
-188.674
20
 188.527
30
  43.793
11
-188.918
21
 197.018
31
  43.022
39
 0
62
  3
 0
LINE
8
default
6
CONTINUOUS
10
 188.918
20
 197.018
30
  43.022
11
 189.181
21
 205.538
31
  42.191
39
 0
62
  3
 0
LINE
8
default
6
CONTINUOUS
10
-188.918
20
 197.018
30
  43.022
11
-189.181
21
 205.538
31
  42.191
39
 0
62
  3
 0
LINE
8
default
6
CONTINUOUS
10
 189.181
20
 205.538
30
  42.191
11
 189.463
21
 214.081
31
  41.301
39
 0
62
  3
 0
LINE
8
default
6
CONTINUOUS
10
-189.181
20
 205.538
30
  42.191
11
-189.463
21
 214.081
31
  41.301
39
 0
62
  3
 0
LINE
8
default
6
CONTINUOUS
10
 189.463
20
 214.081
30
  41.301
11
 189.760
21
 222.630
31
  40.361
39
 0
62
  3
 0
LINE
8
default
6
CONTINUOUS
10
-189.463
20
 214.081
30
  41.301
11
-189.760
21
 222.630
31
  40.361
39
 0
62
  3
 0
LINE
8
default
6
CONTINUOUS
10
 189.760
20
 222.630
30
  40.361
11
 190.072
21
 231.153
31
  39.376
39
 0
62
  3
 0
LINE
8
default
6
CONTINUOUS
10
-189.760
20
 222.630
30
  40.361
11
-190.072
21
 231.153
31
  39.376
39
 0
62
  3
 0
LINE
8
default
6
CONTINUOUS
10
 190.072
20
 231.153
30
  39.376
11
 190.395
21
 239.640
31
  38.358
39
 0
62
  3
 0
LINE
8
default
6
CONTINUOUS
10
-190.072
20
 231.153
30
  39.376
11
-190.395
21
 239.640
31
  38.358
39
 0
62
  3
 0
LINE
8
default
6
CONTINUOUS
10
 190.395
20
 239.640
30
  38.358
11
 190.728
21
 248.130
31
  37.307
39
 0
62
  3
 0
LINE
8
default
6
CONTINUOUS
10
-190.395
20
 239.640
30
  38.358
11
-190.728
21
 248.130
31
  37.307
39
 0
62
  3
 0
LINE
8
default
6
CONTINUOUS
10
 190.728
20
 248.130
30
  37.307
11
 191.071
21
 256.685
31
  36.224
39
 0
62
  3
 0
LINE
8
default
6
CONTINUOUS
10
-190.728
20
 248.130
30
  37.307
11
-191.071
21
 256.685
31
  36.224
39
 0
62
  3
 0
LINE
8
default
6
CONTINUOUS
10
 191.071
20
 256.685
30
  36.224
11
 191.425
21
 265.312
31
  35.105
39
 0
62
  3
 0
LINE
8
default
6
CONTINUOUS
10
-191.071
20
 256.685
30
  36.224
11
-191.425
21
 265.312
31
  35.105
39
 0
62
  3
 0
LINE
8
default
6
CONTINUOUS
10
 191.425
20
 265.312
30
  35.105
11
 191.776
21
 273.699
31
  33.997
39
 0
62
  3
 0
LINE
8
default
6
CONTINUOUS
10
-191.425
20
 265.312
30
  35.105
11
-191.776
21
 273.699
31
  33.997
39
 0
62
  3
 0
LINE
8
default
6
CONTINUOUS
10
 191.776
20
 273.699
30
  33.997
11
 192.101
21
 281.368
31
  32.969
39
 0
62
  3
 0
LINE
8
default
6
CONTINUOUS
10
-191.776
20
 273.699
30
  33.997
11
-192.101
21
 281.368
31
  32.969
39
 0
62
  3
 0
LINE
8
default
6
CONTINUOUS
10
 192.101
20
 281.368
30
  32.969
11
 192.388
21
 288.025
31
  32.062
39
 0
62
  3
 0
LINE
8
default
6
CONTINUOUS
10
-192.101
20
 281.368
30
  32.969
11
-192.388
21
 288.025
31
  32.062
39
 0
62
  3
 0
LINE
8
default
6
CONTINUOUS
10
 192.388
20
 288.025
30
  32.062
11
 192.636
21
 293.701
31
  31.281
39
 0
62
  3
 0
LINE
8
default
6
CONTINUOUS
10
-192.388
20
 288.025
30
  32.062
11
-192.636
21
 293.701
31
  31.281
39
 0
62
  3
 0
LINE
8
default
6
CONTINUOUS
10
 192.636
20
 293.701
30
  31.281
11
 192.782
21
 297.031
31
  30.818
39
 0
62
  3
 0
LINE
8
default
6
CONTINUOUS
10
-192.636
20
 293.701
30
  31.281
11
-192.782
21
 297.031
31
  30.818
39
 0
62
  3
 0
LINE
8
default
6
CONTINUOUS
10
 231.772
20
 293.930
30
  45.097
11
 232.019
21
 290.734
31
  44.479
39
 0
62
  5
 0
LINE
8
default
6
CONTINUOUS
10
-231.772
20
 293.930
30
  45.097
11
-232.019
21
 290.734
31
  44.479
39
 0
62
  5
 0
LINE
8
default
6
CONTINUOUS
10
 232.019
20
 290.734
30
  44.479
11
 232.435
21
 285.289
31
  43.436
39
 0
62
  5
 0
LINE
8
default
6
CONTINUOUS
10
-232.019
20
 290.734
30
  44.479
11
-232.435
21
 285.289
31
  43.436
39
 0
62
  5
 0
LINE
8
default
6
CONTINUOUS
10
 232.435
20
 285.289
30
  43.436
11
 232.920
21
 278.906
31
  42.221
39
 0
62
  5
 0
LINE
8
default
6
CONTINUOUS
10
-232.435
20
 285.289
30
  43.436
11
-232.920
21
 278.906
31
  42.221
39
 0
62
  5
 0
LINE
8
default
6
CONTINUOUS
10
 232.920
20
 278.906
30
  42.221
11
 233.472
21
 271.545
31
  40.837
39
 0
62
  5
 0
LINE
8
default
6
CONTINUOUS
10
-232.920
20
 278.906
30
  42.221
11
-233.472
21
 271.545
31
  40.837
39
 0
62
  5
 0
LINE
8
default
6
CONTINUOUS
10
 233.472
20
 271.545
30
  40.837
11
 234.069
21
 263.482
31
  39.339
39
 0
62
  5
 0
LINE
8
default
6
CONTINUOUS
10
-233.472
20
 271.545
30
  40.837
11
-234.069
21
 263.482
31
  39.339
39
 0
62
  5
 0
LINE
8
default
6
CONTINUOUS
10
 234.069
20
 263.482
30
  39.339
11
 234.676
21
 255.187
31
  37.819
39
 0
62
  5
 0
LINE
8
default
6
CONTINUOUS
10
-234.069
20
 263.482
30
  39.339
11
-234.676
21
 255.187
31
  37.819
39
 0
62
  5
 0
LINE
8
default
6
CONTINUOUS
10
 234.676
20
 255.187
30
  37.819
11
 235.268
21
 246.953
31
  36.335
39
 0
62
  5
 0
LINE
8
default
6
CONTINUOUS
10
-234.676
20
 255.187
30
  37.819
11
-235.268
21
 246.953
31
  36.335
39
 0
62
  5
 0
LINE
8
default
6
CONTINUOUS
10
 235.268
20
 246.953
30
  36.335
11
 235.845
21
 238.779
31
  34.888
39
 0
62
  5
 0
LINE
8
default
6
CONTINUOUS
10
-235.268
20
 246.953
30
  36.335
11
-235.845
21
 238.779
31
  34.888
39
 0
62
  5
 0
LINE
8
default
6
CONTINUOUS
10
 235.845
20
 238.779
30
  34.888
11
 236.414
21
 230.586
31
  33.463
39
 0
62
  5
 0
LINE
8
default
6
CONTINUOUS
10
-235.845
20
 238.779
30
  34.888
11
-236.414
21
 230.586
31
  33.463
39
 0
62
  5
 0
LINE
8
default
6
CONTINUOUS
10
 236.414
20
 230.586
30
  33.463
11
 236.973
21
 222.334
31
  32.061
39
 0
62
  5
 0
LINE
8
default
6
CONTINUOUS
10
-236.414
20
 230.586
30
  33.463
11
-236.973
21
 222.334
31
  32.061
39
 0
62
  5
 0
LINE
8
default
6
CONTINUOUS
10
 236.973
20
 222.334
30
  32.061
11
 237.522
21
 214.011
31
  30.684
39
 0
62
  5
 0
LINE
8
default
6
CONTINUOUS
10
-236.973
20
 222.334
30
  32.061
11
-237.522
21
 214.011
31
  30.684
39
 0
62
  5
 0
LINE
8
default
6
CONTINUOUS
10
 237.522
20
 214.011
30
  30.684
11
 238.062
21
 205.646
31
  29.333
39
 0
62
  5
 0
LINE
8
default
6
CONTINUOUS
10
-237.522
20
 214.011
30
  30.684
11
-238.062
21
 205.646
31
  29.333
39
 0
62
  5
 0
LINE
8
default
6
CONTINUOUS
10
 238.062
20
 205.646
30
  29.333
11
 238.586
21
 197.258
31
  28.017
39
 0
62
  5
 0
LINE
8
default
6
CONTINUOUS
10
-238.062
20
 205.646
30
  29.333
11
-238.586
21
 197.258
31
  28.017
39
 0
62
  5
 0
LINE
8
default
6
CONTINUOUS
10
 238.586
20
 197.258
30
  28.017
11
 239.099
21
 188.868
31
  26.732
39
 0
62
  5
 0
LINE
8
default
6
CONTINUOUS
10
-238.586
20
 197.258
30
  28.017
11
-239.099
21
 188.868
31
  26.732
39
 0
62
  5
 0
LINE
8
default
6
CONTINUOUS
10
 239.099
20
 188.868
30
  26.732
11
 239.598
21
 180.489
31
  25.481
39
 0
62
  5
 0
LINE
8
default
6
CONTINUOUS
10
-239.099
20
 188.868
30
  26.732
11
-239.598
21
 180.489
31
  25.481
39
 0
62
  5
 0
LINE
8
default
6
CONTINUOUS
10
 239.598
20
 180.489
30
  25.481
11
 240.087
21
 172.128
31
  24.257
39
 0
62
  5
 0
LINE
8
default
6
CONTINUOUS
10
-239.598
20
 180.489
30
  25.481
11
-240.087
21
 172.128
31
  24.257
39
 0
62
  5
 0
LINE
8
default
6
CONTINUOUS
10
 240.087
20
 172.128
30
  24.257
11
 240.560
21
 163.792
31
  23.070
39
 0
62
  5
 0
LINE
8
default
6
CONTINUOUS
10
-240.087
20
 172.128
30
  24.257
11
-240.560
21
 163.792
31
  23.070
39
 0
62
  5
 0
LINE
8
default
6
CONTINUOUS
10
 240.560
20
 163.792
30
  23.070
11
 241.019
21
 155.489
31
  21.919
39
 0
62
  5
 0
LINE
8
default
6
CONTINUOUS
10
-240.560
20
 163.792
30
  23.070
11
-241.019
21
 155.489
31
  21.919
39
 0
62
  5
 0
LINE
8
default
6
CONTINUOUS
10
 241.019
20
 155.489
30
  21.919
11
 241.462
21
 147.224
31
  20.809
39
 0
62
  5
 0
LINE
8
default
6
CONTINUOUS
10
-241.019
20
 155.489
30
  21.919
11
-241.462
21
 147.224
31
  20.809
39
 0
62
  5
 0
LINE
8
default
6
CONTINUOUS
10
 241.462
20
 147.224
30
  20.809
11
 241.887
21
 139.009
31
  19.746
39
 0
62
  5
 0
LINE
8
default
6
CONTINUOUS
10
-241.462
20
 147.224
30
  20.809
11
-241.887
21
 139.009
31
  19.746
39
 0
62
  5
 0
LINE
8
default
6
CONTINUOUS
10
 241.887
20
 139.009
30
  19.746
11
 242.290
21
 130.868
31
  18.734
39
 0
62
  5
 0
LINE
8
default
6
CONTINUOUS
10
-241.887
20
 139.009
30
  19.746
11
-242.290
21
 130.868
31
  18.734
39
 0
62
  5
 0
LINE
8
default
6
CONTINUOUS
10
 242.290
20
 130.868
30
  18.734
11
 242.670
21
 122.814
31
  17.782
39
 0
62
  5
 0
LINE
8
default
6
CONTINUOUS
10
-242.290
20
 130.868
30
  18.734
11
-242.670
21
 122.814
31
  17.782
39
 0
62
  5
 0
LINE
8
default
6
CONTINUOUS
10
 242.670
20
 122.814
30
  17.782
11
 243.026
21
 114.887
31
  16.889
39
 0
62
  5
 0
LINE
8
default
6
CONTINUOUS
10
-242.670
20
 122.814
30
  17.782
11
-243.026
21
 114.887
31
  16.889
39
 0
62
  5
 0
LINE
8
default
6
CONTINUOUS
10
 243.026
20
 114.887
30
  16.889
11
 243.351
21
 107.141
31
  16.075
39
 0
62
  5
 0
LINE
8
default
6
CONTINUOUS
10
-243.026
20
 114.887
30
  16.889
11
-243.351
21
 107.141
31
  16.075
39
 0
62
  5
 0
LINE
8
default
6
CONTINUOUS
10
 243.351
20
 107.141
30
  16.075
11
 243.637
21
  99.640
31
  15.357
39
 0
62
  5
 0
LINE
8
default
6
CONTINUOUS
10
-243.351
20
 107.141
30
  16.075
11
-243.637
21
  99.640
31
  15.357
39
 0
62
  5
 0
LINE
8
default
6
CONTINUOUS
10
 243.637
20
  99.640
30
  15.357
11
 243.878
21
  92.461
31
  14.754
39
 0
62
  5
 0
LINE
8
default
6
CONTINUOUS
10
-243.637
20
  99.640
30
  15.357
11
-243.878
21
  92.461
31
  14.754
39
 0
62
  5
 0
LINE
8
default
6
CONTINUOUS
10
 243.878
20
  92.461
30
  14.754
11
 244.069
21
  85.657
31
  14.276
39
 0
62
  5
 0
LINE
8
default
6
CONTINUOUS
10
-243.878
20
  92.461
30
  14.754
11
-244.069
21
  85.657
31
  14.276
39
 0
62
  5
 0
LINE
8
default
6
CONTINUOUS
10
 244.069
20
  85.657
30
  14.276
11
 244.199
21
  79.256
31
  13.949
39
 0
62
  5
 0
LINE
8
default
6
CONTINUOUS
10
-244.069
20
  85.657
30
  14.276
11
-244.199
21
  79.256
31
  13.949
39
 0
62
  5
 0
LINE
8
default
6
CONTINUOUS
10
 244.199
20
  79.256
30
  13.949
11
 244.263
21
  73.266
31
  13.790
39
 0
62
  5
 0
LINE
8
default
6
CONTINUOUS
10
-244.199
20
  79.256
30
  13.949
11
-244.263
21
  73.266
31
  13.790
39
 0
62
  5
 0
LINE
8
default
6
CONTINUOUS
10
 244.263
20
  73.266
30
  13.790
11
 244.253
21
  67.688
31
  13.815
39
 0
62
  5
 0
LINE
8
default
6
CONTINUOUS
10
-244.263
20
  73.266
30
  13.790
11
-244.253
21
  67.688
31
  13.815
39
 0
62
  5
 0
LINE
8
default
6
CONTINUOUS
10
 244.253
20
  67.688
30
  13.815
11
 244.169
21
  62.519
31
  14.024
39
 0
62
  5
 0
LINE
8
default
6
CONTINUOUS
10
-244.253
20
  67.688
30
  13.815
11
-244.169
21
  62.519
31
  14.024
39
 0
62
  5
 0
LINE
8
default
6
CONTINUOUS
10
 244.169
20
  62.519
30
  14.024
11
 244.009
21
  57.746
31
  14.426
39
 0
62
  5
 0
LINE
8
default
6
CONTINUOUS
10
-244.169
20
  62.519
30
  14.024
11
-244.009
21
  57.746
31
  14.426
39
 0
62
  5
 0
LINE
8
default
6
CONTINUOUS
10
 244.009
20
  57.746
30
  14.426
11
 243.776
21
  53.361
31
  15.009
39
 0
62
  5
 0
LINE
8
default
6
CONTINUOUS
10
-244.009
20
  57.746
30
  14.426
11
-243.776
21
  53.361
31
  15.009
39
 0
62
  5
 0
LINE
8
default
6
CONTINUOUS
10
 243.776
20
  53.361
30
  15.009
11
 243.472
21
  49.339
31
  15.772
39
 0
62
  5
 0
LINE
8
default
6
CONTINUOUS
10
-243.776
20
  53.361
30
  15.009
11
-243.472
21
  49.339
31
  15.772
39
 0
62
  5
 0
LINE
8
default
6
CONTINUOUS
10
 243.472
20
  49.339
30
  15.772
11
 243.098
21
  45.660
31
  16.709
39
 0
62
  5
 0
LINE
8
default
6
CONTINUOUS
10
-243.472
20
  49.339
30
  15.772
11
-243.098
21
  45.660
31
  16.709
39
 0
62
  5
 0
LINE
8
default
6
CONTINUOUS
10
 243.098
20
  45.660
30
  16.709
11
 242.659
21
  42.297
31
  17.809
39
 0
62
  5
 0
LINE
8
default
6
CONTINUOUS
10
-243.098
20
  45.660
30
  16.709
11
-242.659
21
  42.297
31
  17.809
39
 0
62
  5
 0
LINE
8
default
6
CONTINUOUS
10
 242.659
20
  42.297
30
  17.809
11
 242.165
21
  39.239
31
  19.047
39
 0
62
  5
 0
LINE
8
default
6
CONTINUOUS
10
-242.659
20
  42.297
30
  17.809
11
-242.165
21
  39.239
31
  19.047
39
 0
62
  5
 0
LINE
8
default
6
CONTINUOUS
10
 242.165
20
  39.239
30
  19.047
11
 241.633
21
  36.476
31
  20.382
39
 0
62
  5
 0
LINE
8
default
6
CONTINUOUS
10
-242.165
20
  39.239
30
  19.047
11
-241.633
21
  36.476
31
  20.382
39
 0
62
  5
 0
LINE
8
default
6
CONTINUOUS
10
 241.633
20
  36.476
30
  20.382
11
 241.075
21
  33.988
31
  21.780
39
 0
62
  5
 0
LINE
8
default
6
CONTINUOUS
10
-241.633
20
  36.476
30
  20.382
11
-241.075
21
  33.988
31
  21.780
39
 0
62
  5
 0
LINE
8
default
6
CONTINUOUS
10
 241.075
20
  33.988
30
  21.780
11
 240.506
21
  31.765
31
  23.205
39
 0
62
  5
 0
LINE
8
default
6
CONTINUOUS
10
-241.075
20
  33.988
30
  21.780
11
-240.506
21
  31.765
31
  23.205
39
 0
62
  5
 0
LINE
8
default
6
CONTINUOUS
10
 240.506
20
  31.765
30
  23.205
11
 239.932
21
  29.778
31
  24.645
39
 0
62
  5
 0
LINE
8
default
6
CONTINUOUS
10
-240.506
20
  31.765
30
  23.205
11
-239.932
21
  29.778
31
  24.645
39
 0
62
  5
 0
LINE
8
default
6
CONTINUOUS
10
 239.932
20
  29.778
30
  24.645
11
 239.360
21
  28.013
31
  26.078
39
 0
62
  5
 0
LINE
8
default
6
CONTINUOUS
10
-239.932
20
  29.778
30
  24.645
11
-239.360
21
  28.013
31
  26.078
39
 0
62
  5
 0
LINE
8
default
6
CONTINUOUS
10
 239.360
20
  28.013
30
  26.078
11
 238.795
21
  26.449
31
  27.495
39
 0
62
  5
 0
LINE
8
default
6
CONTINUOUS
10
-239.360
20
  28.013
30
  26.078
11
-238.795
21
  26.449
31
  27.495
39
 0
62
  5
 0
LINE
8
default
6
CONTINUOUS
10
 238.795
20
  26.449
30
  27.495
11
 238.241
21
  25.065
31
  28.883
39
 0
62
  5
 0
LINE
8
default
6
CONTINUOUS
10
-238.795
20
  26.449
30
  27.495
11
-238.241
21
  25.065
31
  28.883
39
 0
62
  5
 0
LINE
8
default
6
CONTINUOUS
10
 238.241
20
  25.065
30
  28.883
11
 237.699
21
  23.846
31
  30.243
39
 0
62
  5
 0
LINE
8
default
6
CONTINUOUS
10
-238.241
20
  25.065
30
  28.883
11
-237.699
21
  23.846
31
  30.243
39
 0
62
  5
 0
LINE
8
default
6
CONTINUOUS
10
 237.699
20
  23.846
30
  30.243
11
 237.170
21
  22.777
31
  31.568
39
 0
62
  5
 0
LINE
8
default
6
CONTINUOUS
10
-237.699
20
  23.846
30
  30.243
11
-237.170
21
  22.777
31
  31.568
39
 0
62
  5
 0
LINE
8
default
6
CONTINUOUS
10
 237.170
20
  22.777
30
  31.568
11
 236.651
21
  21.840
31
  32.869
39
 0
62
  5
 0
LINE
8
default
6
CONTINUOUS
10
-237.170
20
  22.777
30
  31.568
11
-236.651
21
  21.840
31
  32.869
39
 0
62
  5
 0
LINE
8
default
6
CONTINUOUS
10
 236.651
20
  21.840
30
  32.869
11
 236.144
21
  21.027
31
  34.140
39
 0
62
  5
 0
LINE
8
default
6
CONTINUOUS
10
-236.651
20
  21.840
30
  32.869
11
-236.144
21
  21.027
31
  34.140
39
 0
62
  5
 0
LINE
8
default
6
CONTINUOUS
10
 236.144
20
  21.027
30
  34.140
11
 235.650
21
  20.334
31
  35.378
39
 0
62
  5
 0
LINE
8
default
6
CONTINUOUS
10
-236.144
20
  21.027
30
  34.140
11
-235.650
21
  20.334
31
  35.378
39
 0
62
  5
 0
LINE
8
default
6
CONTINUOUS
10
 235.650
20
  20.334
30
  35.378
11
 235.171
21
  19.751
31
  36.578
39
 0
62
  5
 0
LINE
8
default
6
CONTINUOUS
10
-235.650
20
  20.334
30
  35.378
11
-235.171
21
  19.751
31
  36.578
39
 0
62
  5
 0
LINE
8
default
6
CONTINUOUS
10
 235.171
20
  19.751
30
  36.578
11
 234.710
21
  19.276
31
  37.733
39
 0
62
  5
 0
LINE
8
default
6
CONTINUOUS
10
-235.171
20
  19.751
30
  36.578
11
-234.710
21
  19.276
31
  37.733
39
 0
62
  5
 0
LINE
8
default
6
CONTINUOUS
10
 234.710
20
  19.276
30
  37.733
11
 234.261
21
  18.895
31
  38.858
39
 0
62
  5
 0
LINE
8
default
6
CONTINUOUS
10
-234.710
20
  19.276
30
  37.733
11
-234.261
21
  18.895
31
  38.858
39
 0
62
  5
 0
LINE
8
default
6
CONTINUOUS
10
 234.261
20
  18.895
30
  38.858
11
 233.833
21
  18.592
31
  39.932
39
 0
62
  5
 0
LINE
8
default
6
CONTINUOUS
10
-234.261
20
  18.895
30
  38.858
11
-233.833
21
  18.592
31
  39.932
39
 0
62
  5
 0
LINE
8
default
6
CONTINUOUS
10
 233.833
20
  18.592
30
  39.932
11
 233.395
21
  18.354
31
  41.030
39
 0
62
  5
 0
LINE
8
default
6
CONTINUOUS
10
-233.833
20
  18.592
30
  39.932
11
-233.395
21
  18.354
31
  41.030
39
 0
62
  5
 0
LINE
8
default
6
CONTINUOUS
10
 233.395
20
  18.354
30
  41.030
11
 233.024
21
  18.179
31
  41.959
39
 0
62
  5
 0
LINE
8
default
6
CONTINUOUS
10
-233.395
20
  18.354
30
  41.030
11
-233.024
21
  18.179
31
  41.959
39
 0
62
  5
 0
LINE
8
default
6
CONTINUOUS
10
 233.024
20
  18.179
30
  41.959
11
 232.495
21
  18.078
31
  43.285
39
 0
62
  5
 0
LINE
8
default
6
CONTINUOUS
10
-233.024
20
  18.179
30
  41.959
11
-232.495
21
  18.078
31
  43.285
39
 0
62
  5
 0
LINE
8
default
6
CONTINUOUS
10
 232.495
20
  18.078
30
  43.285
11
 232.453
21
  18.082
31
  43.391
39
 0
62
  5
 0
LINE
8
default
6
CONTINUOUS
10
-232.495
20
  18.078
30
  43.285
11
-232.453
21
  18.082
31
  43.391
39
 0
62
  5
 0
LINE
8
default
6
CONTINUOUS
10
 232.453
20
  18.082
30
  43.391
11
 231.860
21
  18.198
31
  44.877
39
 0
62
  5
 0
LINE
8
default
6
CONTINUOUS
10
-232.453
20
  18.082
30
  43.391
11
-231.860
21
  18.198
31
  44.877
39
 0
62
  5
 0
LINE
8
default
6
CONTINUOUS
10
 231.860
20
  18.198
30
  44.877
11
 231.596
21
  18.455
31
  45.540
39
 0
62
  5
 0
LINE
8
default
6
CONTINUOUS
10
-231.860
20
  18.198
30
  44.877
11
-231.596
21
  18.455
31
  45.540
39
 0
62
  5
 0
LINE
8
default
6
CONTINUOUS
10
 231.596
20
  18.455
30
  45.540
11
 231.268
21
  18.849
31
  46.360
39
 0
62
  5
 0
LINE
8
default
6
CONTINUOUS
10
-231.596
20
  18.455
30
  45.540
11
-231.268
21
  18.849
31
  46.360
39
 0
62
  5
 0
LINE
8
default
6
CONTINUOUS
10
 231.268
20
  18.849
30
  46.360
11
 230.971
21
  19.384
31
  47.107
39
 0
62
  5
 0
LINE
8
default
6
CONTINUOUS
10
-231.268
20
  18.849
30
  46.360
11
-230.971
21
  19.384
31
  47.107
39
 0
62
  5
 0
LINE
8
default
6
CONTINUOUS
10
 230.971
20
  19.384
30
  47.107
11
 230.692
21
  20.063
31
  47.805
39
 0
62
  5
 0
LINE
8
default
6
CONTINUOUS
10
-230.971
20
  19.384
30
  47.107
11
-230.692
21
  20.063
31
  47.805
39
 0
62
  5
 0
LINE
8
default
6
CONTINUOUS
10
 230.692
20
  20.063
30
  47.805
11
 230.437
21
  20.883
31
  48.444
39
 0
62
  5
 0
LINE
8
default
6
CONTINUOUS
10
-230.692
20
  20.063
30
  47.805
11
-230.437
21
  20.883
31
  48.444
39
 0
62
  5
 0
LINE
8
default
6
CONTINUOUS
10
 230.437
20
  20.883
30
  48.444
11
 230.195
21
  21.844
31
  49.050
39
 0
62
  5
 0
LINE
8
default
6
CONTINUOUS
10
-230.437
20
  20.883
30
  48.444
11
-230.195
21
  21.844
31
  49.050
39
 0
62
  5
 0
LINE
8
default
6
CONTINUOUS
10
 230.195
20
  21.844
30
  49.050
11
 230.064
21
  22.445
31
  49.379
39
 0
62
  5
 0
LINE
8
default
6
CONTINUOUS
10
-230.195
20
  21.844
30
  49.050
11
-230.064
21
  22.445
31
  49.379
39
 0
62
  5
 0
LINE
8
default
6
CONTINUOUS
10
 230.064
20
  22.445
30
  49.379
11
 229.957
21
  22.934
31
  49.646
39
 0
62
  1
 0
LINE
8
default
6
CONTINUOUS
10
-230.064
20
  22.445
30
  49.379
11
-229.957
21
  22.934
31
  49.646
39
 0
62
  1
 0
LINE
8
default
6
CONTINUOUS
10
 229.957
20
  22.934
30
  49.646
11
 229.722
21
  24.141
31
  50.236
39
 0
62
  1
 0
LINE
8
default
6
CONTINUOUS
10
-229.957
20
  22.934
30
  49.646
11
-229.722
21
  24.141
31
  50.236
39
 0
62
  1
 0
LINE
8
default
6
CONTINUOUS
10
 229.722
20
  24.141
30
  50.236
11
 229.491
21
  25.474
31
  50.816
39
 0
62
  1
 0
LINE
8
default
6
CONTINUOUS
10
-229.722
20
  24.141
30
  50.236
11
-229.491
21
  25.474
31
  50.816
39
 0
62
  1
 0
LINE
8
default
6
CONTINUOUS
10
 229.491
20
  25.474
30
  50.816
11
 229.264
21
  26.957
31
  51.384
39
 0
62
  1
 0
LINE
8
default
6
CONTINUOUS
10
-229.491
20
  25.474
30
  50.816
11
-229.264
21
  26.957
31
  51.384
39
 0
62
  1
 0
LINE
8
default
6
CONTINUOUS
10
 229.264
20
  26.957
30
  51.384
11
 229.040
21
  28.608
31
  51.946
39
 0
62
  1
 0
LINE
8
default
6
CONTINUOUS
10
-229.264
20
  26.957
30
  51.384
11
-229.040
21
  28.608
31
  51.946
39
 0
62
  1
 0
LINE
8
default
6
CONTINUOUS
10
 229.040
20
  28.608
30
  51.946
11
 228.817
21
  30.460
31
  52.504
39
 0
62
  1
 0
LINE
8
default
6
CONTINUOUS
10
-229.040
20
  28.608
30
  51.946
11
-228.817
21
  30.460
31
  52.504
39
 0
62
  1
 0
LINE
8
default
6
CONTINUOUS
10
 228.817
20
  30.460
30
  52.504
11
 228.613
21
  32.349
31
  53.016
39
 0
62
  1
 0
LINE
8
default
6
CONTINUOUS
10
-228.817
20
  30.460
30
  52.504
11
-228.613
21
  32.349
31
  53.016
39
 0
62
  1
 0
LINE
8
default
6
CONTINUOUS
10
 228.613
20
  32.349
30
  53.016
11
 228.321
21
  35.378
31
  53.747
39
 0
62
  1
 0
LINE
8
default
6
CONTINUOUS
10
-228.613
20
  32.349
30
  53.016
11
-228.321
21
  35.378
31
  53.747
39
 0
62
  1
 0
LINE
8
default
6
CONTINUOUS
10
 228.321
20
  35.378
30
  53.747
11
 228.128
21
  37.592
31
  54.231
39
 0
62
  3
 0
LINE
8
default
6
CONTINUOUS
10
-228.321
20
  35.378
30
  53.747
11
-228.128
21
  37.592
31
  54.231
39
 0
62
  3
 0
LINE
8
default
6
CONTINUOUS
10
 228.128
20
  37.592
30
  54.231
11
 227.885
21
  40.663
31
  54.841
39
 0
62
  3
 0
LINE
8
default
6
CONTINUOUS
10
-228.128
20
  37.592
30
  54.231
11
-227.885
21
  40.663
31
  54.841
39
 0
62
  3
 0
LINE
8
default
6
CONTINUOUS
10
 227.885
20
  40.663
30
  54.841
11
 227.632
21
  44.187
31
  55.474
39
 0
62
  3
 0
LINE
8
default
6
CONTINUOUS
10
-227.885
20
  40.663
30
  54.841
11
-227.632
21
  44.187
31
  55.474
39
 0
62
  3
 0
LINE
8
default
6
CONTINUOUS
10
 227.632
20
  44.187
30
  55.474
11
 227.370
21
  48.253
31
  56.131
39
 0
62
  3
 0
LINE
8
default
6
CONTINUOUS
10
-227.632
20
  44.187
30
  55.474
11
-227.370
21
  48.253
31
  56.131
39
 0
62
  3
 0
LINE
8
default
6
CONTINUOUS
10
 227.370
20
  48.253
30
  56.131
11
 227.101
21
  52.938
31
  56.805
39
 0
62
  3
 0
LINE
8
default
6
CONTINUOUS
10
-227.370
20
  48.253
30
  56.131
11
-227.101
21
  52.938
31
  56.805
39
 0
62
  3
 0
LINE
8
default
6
CONTINUOUS
10
 227.101
20
  52.938
30
  56.805
11
 226.832
21
  58.293
31
  57.480
39
 0
62
  3
 0
LINE
8
default
6
CONTINUOUS
10
-227.101
20
  52.938
30
  56.805
11
-226.832
21
  58.293
31
  57.480
39
 0
62
  3
 0
LINE
8
default
6
CONTINUOUS
10
 226.832
20
  58.293
30
  57.480
11
 226.576
21
  64.308
31
  58.122
39
 0
62
  3
 0
LINE
8
default
6
CONTINUOUS
10
-226.832
20
  58.293
30
  57.480
11
-226.576
21
  64.308
31
  58.122
39
 0
62
  3
 0
LINE
8
default
6
CONTINUOUS
10
 226.576
20
  64.308
30
  58.122
11
 226.342
21
  70.902
31
  58.709
39
 0
62
  3
 0
LINE
8
default
6
CONTINUOUS
10
-226.576
20
  64.308
30
  58.122
11
-226.342
21
  70.902
31
  58.709
39
 0
62
  3
 0
LINE
8
default
6
CONTINUOUS
10
 226.342
20
  70.902
30
  58.709
11
 226.137
21
  77.927
31
  59.221
39
 0
62
  3
 0
LINE
8
default
6
CONTINUOUS
10
-226.342
20
  70.902
30
  58.709
11
-226.137
21
  77.927
31
  59.221
39
 0
62
  3
 0
LINE
8
default
6
CONTINUOUS
10
 226.137
20
  77.927
30
  59.221
11
 225.965
21
  85.284
31
  59.654
39
 0
62
  3
 0
LINE
8
default
6
CONTINUOUS
10
-226.137
20
  77.927
30
  59.221
11
-225.965
21
  85.284
31
  59.654
39
 0
62
  3
 0
LINE
8
default
6
CONTINUOUS
10
 225.965
20
  85.284
30
  59.654
11
 225.827
21
  92.884
31
  59.998
39
 0
62
  3
 0
LINE
8
default
6
CONTINUOUS
10
-225.965
20
  85.284
30
  59.654
11
-225.827
21
  92.884
31
  59.998
39
 0
62
  3
 0
LINE
8
default
6
CONTINUOUS
10
 225.827
20
  92.884
30
  59.998
11
 225.725
21
 100.645
31
  60.254
39
 0
62
  3
 0
LINE
8
default
6
CONTINUOUS
10
-225.827
20
  92.884
30
  59.998
11
-225.725
21
 100.645
31
  60.254
39
 0
62
  3
 0
LINE
8
default
6
CONTINUOUS
10
 225.725
20
 100.645
30
  60.254
11
 225.662
21
 108.489
31
  60.413
39
 0
62
  3
 0
LINE
8
default
6
CONTINUOUS
10
-225.725
20
 100.645
30
  60.254
11
-225.662
21
 108.489
31
  60.413
39
 0
62
  3
 0
LINE
8
default
6
CONTINUOUS
10
 225.662
20
 108.489
30
  60.413
11
 225.638
21
 116.357
31
  60.473
39
 0
62
  3
 0
LINE
8
default
6
CONTINUOUS
10
-225.662
20
 108.489
30
  60.413
11
-225.638
21
 116.357
31
  60.473
39
 0
62
  3
 0
LINE
8
default
6
CONTINUOUS
10
 225.638
20
 116.357
30
  60.473
11
 225.657
21
 124.227
31
  60.424
39
 0
62
  3
 0
LINE
8
default
6
CONTINUOUS
10
-225.638
20
 116.357
30
  60.473
11
-225.657
21
 124.227
31
  60.424
39
 0
62
  3
 0
LINE
8
default
6
CONTINUOUS
10
 225.657
20
 124.227
30
  60.424
11
 225.715
21
 132.113
31
  60.279
39
 0
62
  3
 0
LINE
8
default
6
CONTINUOUS
10
-225.657
20
 124.227
30
  60.424
11
-225.715
21
 132.113
31
  60.279
39
 0
62
  3
 0
LINE
8
default
6
CONTINUOUS
10
 225.715
20
 132.113
30
  60.279
11
 225.810
21
 140.037
31
  60.041
39
 0
62
  3
 0
LINE
8
default
6
CONTINUOUS
10
-225.715
20
 132.113
30
  60.279
11
-225.810
21
 140.037
31
  60.041
39
 0
62
  3
 0
LINE
8
default
6
CONTINUOUS
10
 225.810
20
 140.037
30
  60.041
11
 225.936
21
 148.037
31
  59.725
39
 0
62
  3
 0
LINE
8
default
6
CONTINUOUS
10
-225.810
20
 140.037
30
  60.041
11
-225.936
21
 148.037
31
  59.725
39
 0
62
  3
 0
LINE
8
default
6
CONTINUOUS
10
 225.936
20
 148.037
30
  59.725
11
 226.092
21
 156.120
31
  59.335
39
 0
62
  3
 0
LINE
8
default
6
CONTINUOUS
10
-225.936
20
 148.037
30
  59.725
11
-226.092
21
 156.120
31
  59.335
39
 0
62
  3
 0
LINE
8
default
6
CONTINUOUS
10
 226.092
20
 156.120
30
  59.335
11
 226.276
21
 164.265
31
  58.873
39
 0
62
  3
 0
LINE
8
default
6
CONTINUOUS
10
-226.092
20
 156.120
30
  59.335
11
-226.276
21
 164.265
31
  58.873
39
 0
62
  3
 0
LINE
8
default
6
CONTINUOUS
10
 226.276
20
 164.265
30
  58.873
11
 226.486
21
 172.445
31
  58.348
39
 0
62
  3
 0
LINE
8
default
6
CONTINUOUS
10
-226.276
20
 164.265
30
  58.873
11
-226.486
21
 172.445
31
  58.348
39
 0
62
  3
 0
LINE
8
default
6
CONTINUOUS
10
 226.486
20
 172.445
30
  58.348
11
 226.721
21
 180.637
31
  57.758
39
 0
62
  3
 0
LINE
8
default
6
CONTINUOUS
10
-226.486
20
 172.445
30
  58.348
11
-226.721
21
 180.637
31
  57.758
39
 0
62
  3
 0
LINE
8
default
6
CONTINUOUS
10
 226.721
20
 180.637
30
  57.758
11
 226.981
21
 188.838
31
  57.108
39
 0
62
  3
 0
LINE
8
default
6
CONTINUOUS
10
-226.721
20
 180.637
30
  57.758
11
-226.981
21
 188.838
31
  57.108
39
 0
62
  3
 0
LINE
8
default
6
CONTINUOUS
10
 226.981
20
 188.838
30
  57.108
11
 227.264
21
 197.062
31
  56.398
39
 0
62
  3
 0
LINE
8
default
6
CONTINUOUS
10
-226.981
20
 188.838
30
  57.108
11
-227.264
21
 197.062
31
  56.398
39
 0
62
  3
 0
LINE
8
default
6
CONTINUOUS
10
 227.264
20
 197.062
30
  56.398
11
 227.569
21
 205.313
31
  55.632
39
 0
62
  3
 0
LINE
8
default
6
CONTINUOUS
10
-227.264
20
 197.062
30
  56.398
11
-227.569
21
 205.313
31
  55.632
39
 0
62
  3
 0
LINE
8
default
6
CONTINUOUS
10
 227.569
20
 205.313
30
  55.632
11
 227.897
21
 213.587
31
  54.810
39
 0
62
  3
 0
LINE
8
default
6
CONTINUOUS
10
-227.569
20
 205.313
30
  55.632
11
-227.897
21
 213.587
31
  54.810
39
 0
62
  3
 0
LINE
8
default
6
CONTINUOUS
10
 227.897
20
 213.587
30
  54.810
11
 228.243
21
 221.867
31
  53.942
39
 0
62
  3
 0
LINE
8
default
6
CONTINUOUS
10
-227.897
20
 213.587
30
  54.810
11
-228.243
21
 221.867
31
  53.942
39
 0
62
  3
 0
LINE
8
default
6
CONTINUOUS
10
 228.243
20
 221.867
30
  53.942
11
 228.607
21
 230.122
31
  53.031
39
 0
62
  3
 0
LINE
8
default
6
CONTINUOUS
10
-228.243
20
 221.867
30
  53.942
11
-228.607
21
 230.122
31
  53.031
39
 0
62
  3
 0
LINE
8
default
6
CONTINUOUS
10
 228.607
20
 230.122
30
  53.031
11
 228.983
21
 238.342
31
  52.088
39
 0
62
  3
 0
LINE
8
default
6
CONTINUOUS
10
-228.607
20
 230.122
30
  53.031
11
-228.983
21
 238.342
31
  52.088
39
 0
62
  3
 0
LINE
8
default
6
CONTINUOUS
10
 228.983
20
 238.342
30
  52.088
11
 229.372
21
 246.565
31
  51.114
39
 0
62
  3
 0
LINE
8
default
6
CONTINUOUS
10
-228.983
20
 238.342
30
  52.088
11
-229.372
21
 246.565
31
  51.114
39
 0
62
  3
 0
LINE
8
default
6
CONTINUOUS
10
 229.372
20
 246.565
30
  51.114
11
 229.772
21
 254.851
31
  50.111
39
 0
62
  3
 0
LINE
8
default
6
CONTINUOUS
10
-229.372
20
 246.565
30
  51.114
11
-229.772
21
 254.851
31
  50.111
39
 0
62
  3
 0
LINE
8
default
6
CONTINUOUS
10
 229.772
20
 254.851
30
  50.111
11
 230.186
21
 263.207
31
  49.074
39
 0
62
  3
 0
LINE
8
default
6
CONTINUOUS
10
-229.772
20
 254.851
30
  50.111
11
-230.186
21
 263.207
31
  49.074
39
 0
62
  3
 0
LINE
8
default
6
CONTINUOUS
10
 230.186
20
 263.207
30
  49.074
11
 230.596
21
 271.330
31
  48.046
39
 0
62
  3
 0
LINE
8
default
6
CONTINUOUS
10
-230.186
20
 263.207
30
  49.074
11
-230.596
21
 271.330
31
  48.046
39
 0
62
  3
 0
LINE
8
default
6
CONTINUOUS
10
 230.596
20
 271.330
30
  48.046
11
 230.976
21
 278.759
31
  47.093
39
 0
62
  3
 0
LINE
8
default
6
CONTINUOUS
10
-230.596
20
 271.330
30
  48.046
11
-230.976
21
 278.759
31
  47.093
39
 0
62
  3
 0
LINE
8
default
6
CONTINUOUS
10
 230.976
20
 278.759
30
  47.093
11
 231.312
21
 285.206
31
  46.251
39
 0
62
  3
 0
LINE
8
default
6
CONTINUOUS
10
-230.976
20
 278.759
30
  47.093
11
-231.312
21
 285.206
31
  46.251
39
 0
62
  3
 0
LINE
8
default
6
CONTINUOUS
10
 231.312
20
 285.206
30
  46.251
11
 231.601
21
 290.704
31
  45.527
39
 0
62
  3
 0
LINE
8
default
6
CONTINUOUS
10
-231.312
20
 285.206
30
  46.251
11
-231.601
21
 290.704
31
  45.527
39
 0
62
  3
 0
LINE
8
default
6
CONTINUOUS
10
 231.601
20
 290.704
30
  45.527
11
 231.772
21
 293.930
31
  45.097
39
 0
62
  3
 0
LINE
8
default
6
CONTINUOUS
10
-231.601
20
 290.704
30
  45.527
11
-231.772
21
 293.930
31
  45.097
39
 0
62
  3
 0
LINE
8
default
6
CONTINUOUS
10
 268.431
20
 290.228
30
  62.025
11
 268.720
21
 287.160
31
  61.445
39
 0
62
  5
 0
LINE
8
default
6
CONTINUOUS
10
-268.431
20
 290.228
30
  62.025
11
-268.720
21
 287.160
31
  61.445
39
 0
62
  5
 0
LINE
8
default
6
CONTINUOUS
10
 268.720
20
 287.160
30
  61.445
11
 269.208
21
 281.931
31
  60.467
39
 0
62
  5
 0
LINE
8
default
6
CONTINUOUS
10
-268.720
20
 287.160
30
  61.445
11
-269.208
21
 281.931
31
  60.467
39
 0
62
  5
 0
LINE
8
default
6
CONTINUOUS
10
 269.208
20
 281.931
30
  60.467
11
 269.777
21
 275.802
31
  59.326
39
 0
62
  5
 0
LINE
8
default
6
CONTINUOUS
10
-269.208
20
 281.931
30
  60.467
11
-269.777
21
 275.802
31
  59.326
39
 0
62
  5
 0
LINE
8
default
6
CONTINUOUS
10
 269.777
20
 275.802
30
  59.326
11
 270.424
21
 268.734
31
  58.028
39
 0
62
  5
 0
LINE
8
default
6
CONTINUOUS
10
-269.777
20
 275.802
30
  59.326
11
-270.424
21
 268.734
31
  58.028
39
 0
62
  5
 0
LINE
8
default
6
CONTINUOUS
10
 270.424
20
 268.734
30
  58.028
11
 271.125
21
 260.991
31
  56.622
39
 0
62
  5
 0
LINE
8
default
6
CONTINUOUS
10
-270.424
20
 268.734
30
  58.028
11
-271.125
21
 260.991
31
  56.622
39
 0
62
  5
 0
LINE
8
default
6
CONTINUOUS
10
 271.125
20
 260.991
30
  56.622
11
 271.837
21
 253.026
31
  55.194
39
 0
62
  5
 0
LINE
8
default
6
CONTINUOUS
10
-271.125
20
 260.991
30
  56.622
11
-271.837
21
 253.026
31
  55.194
39
 0
62
  5
 0
LINE
8
default
6
CONTINUOUS
10
 271.837
20
 253.026
30
  55.194
11
 272.531
21
 245.119
31
  53.801
39
 0
62
  5
 0
LINE
8
default
6
CONTINUOUS
10
-271.837
20
 253.026
30
  55.194
11
-272.531
21
 245.119
31
  53.801
39
 0
62
  5
 0
LINE
8
default
6
CONTINUOUS
10
 272.531
20
 245.119
30
  53.801
11
 273.209
21
 237.270
31
  52.441
39
 0
62
  5
 0
LINE
8
default
6
CONTINUOUS
10
-272.531
20
 245.119
30
  53.801
11
-273.209
21
 237.270
31
  52.441
39
 0
62
  5
 0
LINE
8
default
6
CONTINUOUS
10
 273.209
20
 237.270
30
  52.441
11
 273.877
21
 229.402
31
  51.103
39
 0
62
  5
 0
LINE
8
default
6
CONTINUOUS
10
-273.209
20
 237.270
30
  52.441
11
-273.877
21
 229.402
31
  51.103
39
 0
62
  5
 0
LINE
8
default
6
CONTINUOUS
10
 273.877
20
 229.402
30
  51.103
11
 274.534
21
 221.478
31
  49.785
39
 0
62
  5
 0
LINE
8
default
6
CONTINUOUS
10
-273.877
20
 229.402
30
  51.103
11
-274.534
21
 221.478
31
  49.785
39
 0
62
  5
 0
LINE
8
default
6
CONTINUOUS
10
 274.534
20
 221.478
30
  49.785
11
 275.179
21
 213.485
31
  48.491
39
 0
62
  5
 0
LINE
8
default
6
CONTINUOUS
10
-274.534
20
 221.478
30
  49.785
11
-275.179
21
 213.485
31
  48.491
39
 0
62
  5
 0
LINE
8
default
6
CONTINUOUS
10
 275.179
20
 213.485
30
  48.491
11
 275.813
21
 205.452
31
  47.219
39
 0
62
  5
 0
LINE
8
default
6
CONTINUOUS
10
-275.179
20
 213.485
30
  48.491
11
-275.813
21
 205.452
31
  47.219
39
 0
62
  5
 0
LINE
8
default
6
CONTINUOUS
10
 275.813
20
 205.452
30
  47.219
11
 276.430
21
 197.398
31
  45.981
39
 0
62
  5
 0
LINE
8
default
6
CONTINUOUS
10
-275.813
20
 205.452
30
  47.219
11
-276.430
21
 197.398
31
  45.981
39
 0
62
  5
 0
LINE
8
default
6
CONTINUOUS
10
 276.430
20
 197.398
30
  45.981
11
 277.033
21
 189.340
31
  44.771
39
 0
62
  5
 0
LINE
8
default
6
CONTINUOUS
10
-276.430
20
 197.398
30
  45.981
11
-277.033
21
 189.340
31
  44.771
39
 0
62
  5
 0
LINE
8
default
6
CONTINUOUS
10
 277.033
20
 189.340
30
  44.771
11
 277.621
21
 181.293
31
  43.592
39
 0
62
  5
 0
LINE
8
default
6
CONTINUOUS
10
-277.033
20
 189.340
30
  44.771
11
-277.621
21
 181.293
31
  43.592
39
 0
62
  5
 0
LINE
8
default
6
CONTINUOUS
10
 277.621
20
 181.293
30
  43.592
11
 278.196
21
 173.264
31
  42.440
39
 0
62
  5
 0
LINE
8
default
6
CONTINUOUS
10
-277.621
20
 181.293
30
  43.592
11
-278.196
21
 173.264
31
  42.440
39
 0
62
  5
 0
LINE
8
default
6
CONTINUOUS
10
 278.196
20
 173.264
30
  42.440
11
 278.754
21
 165.258
31
  41.321
39
 0
62
  5
 0
LINE
8
default
6
CONTINUOUS
10
-278.196
20
 173.264
30
  42.440
11
-278.754
21
 165.258
31
  41.321
39
 0
62
  5
 0
LINE
8
default
6
CONTINUOUS
10
 278.754
20
 165.258
30
  41.321
11
 279.295
21
 157.284
31
  40.235
39
 0
62
  5
 0
LINE
8
default
6
CONTINUOUS
10
-278.754
20
 165.258
30
  41.321
11
-279.295
21
 157.284
31
  40.235
39
 0
62
  5
 0
LINE
8
default
6
CONTINUOUS
10
 279.295
20
 157.284
30
  40.235
11
 279.817
21
 149.347
31
  39.188
39
 0
62
  5
 0
LINE
8
default
6
CONTINUOUS
10
-279.295
20
 157.284
30
  40.235
11
-279.817
21
 149.347
31
  39.188
39
 0
62
  5
 0
LINE
8
default
6
CONTINUOUS
10
 279.817
20
 149.347
30
  39.188
11
 280.318
21
 141.457
31
  38.183
39
 0
62
  5
 0
LINE
8
default
6
CONTINUOUS
10
-279.817
20
 149.347
30
  39.188
11
-280.318
21
 141.457
31
  38.183
39
 0
62
  5
 0
LINE
8
default
6
CONTINUOUS
10
 280.318
20
 141.457
30
  38.183
11
 280.795
21
 133.638
31
  37.227
39
 0
62
  5
 0
LINE
8
default
6
CONTINUOUS
10
-280.318
20
 141.457
30
  38.183
11
-280.795
21
 133.638
31
  37.227
39
 0
62
  5
 0
LINE
8
default
6
CONTINUOUS
10
 280.795
20
 133.638
30
  37.227
11
 281.244
21
 125.903
31
  36.326
39
 0
62
  5
 0
LINE
8
default
6
CONTINUOUS
10
-280.795
20
 133.638
30
  37.227
11
-281.244
21
 125.903
31
  36.326
39
 0
62
  5
 0
LINE
8
default
6
CONTINUOUS
10
 281.244
20
 125.903
30
  36.326
11
 281.666
21
 118.289
31
  35.481
39
 0
62
  5
 0
LINE
8
default
6
CONTINUOUS
10
-281.244
20
 125.903
30
  36.326
11
-281.666
21
 118.289
31
  35.481
39
 0
62
  5
 0
LINE
8
default
6
CONTINUOUS
10
 281.666
20
 118.289
30
  35.481
11
 282.051
21
 110.849
31
  34.708
39
 0
62
  5
 0
LINE
8
default
6
CONTINUOUS
10
-281.666
20
 118.289
30
  35.481
11
-282.051
21
 110.849
31
  34.708
39
 0
62
  5
 0
LINE
8
default
6
CONTINUOUS
10
 282.051
20
 110.849
30
  34.708
11
 282.391
21
 103.645
31
  34.025
39
 0
62
  5
 0
LINE
8
default
6
CONTINUOUS
10
-282.051
20
 110.849
30
  34.708
11
-282.391
21
 103.645
31
  34.025
39
 0
62
  5
 0
LINE
8
default
6
CONTINUOUS
10
 282.391
20
 103.645
30
  34.025
11
 282.678
21
  96.749
31
  33.450
39
 0
62
  5
 0
LINE
8
default
6
CONTINUOUS
10
-282.391
20
 103.645
30
  34.025
11
-282.678
21
  96.749
31
  33.450
39
 0
62
  5
 0
LINE
8
default
6
CONTINUOUS
10
 282.678
20
  96.749
30
  33.450
11
 282.907
21
  90.213
31
  32.991
39
 0
62
  5
 0
LINE
8
default
6
CONTINUOUS
10
-282.678
20
  96.749
30
  33.450
11
-282.907
21
  90.213
31
  32.991
39
 0
62
  5
 0
LINE
8
default
6
CONTINUOUS
10
 282.907
20
  90.213
30
  32.991
11
 283.065
21
  84.064
31
  32.673
39
 0
62
  5
 0
LINE
8
default
6
CONTINUOUS
10
-282.907
20
  90.213
30
  32.991
11
-283.065
21
  84.064
31
  32.673
39
 0
62
  5
 0
LINE
8
default
6
CONTINUOUS
10
 283.065
20
  84.064
30
  32.673
11
 283.146
21
  78.309
31
  32.511
39
 0
62
  5
 0
LINE
8
default
6
CONTINUOUS
10
-283.065
20
  84.064
30
  32.673
11
-283.146
21
  78.309
31
  32.511
39
 0
62
  5
 0
LINE
8
default
6
CONTINUOUS
10
 283.146
20
  78.309
30
  32.511
11
 283.141
21
  72.950
31
  32.521
39
 0
62
  5
 0
LINE
8
default
6
CONTINUOUS
10
-283.146
20
  78.309
30
  32.511
11
-283.141
21
  72.950
31
  32.521
39
 0
62
  5
 0
LINE
8
default
6
CONTINUOUS
10
 283.141
20
  72.950
30
  32.521
11
 283.051
21
  67.983
31
  32.702
39
 0
62
  5
 0
LINE
8
default
6
CONTINUOUS
10
-283.141
20
  72.950
30
  32.521
11
-283.051
21
  67.983
31
  32.702
39
 0
62
  5
 0
LINE
8
default
6
CONTINUOUS
10
 283.051
20
  67.983
30
  32.702
11
 282.871
21
  63.396
31
  33.063
39
 0
62
  5
 0
LINE
8
default
6
CONTINUOUS
10
-283.051
20
  67.983
30
  32.702
11
-282.871
21
  63.396
31
  33.063
39
 0
62
  5
 0
LINE
8
default
6
CONTINUOUS
10
 282.871
20
  63.396
30
  33.063
11
 282.607
21
  59.182
31
  33.592
39
 0
62
  5
 0
LINE
8
default
6
CONTINUOUS
10
-282.871
20
  63.396
30
  33.063
11
-282.607
21
  59.182
31
  33.592
39
 0
62
  5
 0
LINE
8
default
6
CONTINUOUS
10
 282.607
20
  59.182
30
  33.592
11
 282.260
21
  55.315
31
  34.289
39
 0
62
  5
 0
LINE
8
default
6
CONTINUOUS
10
-282.607
20
  59.182
30
  33.592
11
-282.260
21
  55.315
31
  34.289
39
 0
62
  5
 0
LINE
8
default
6
CONTINUOUS
10
 282.260
20
  55.315
30
  34.289
11
 281.832
21
  51.777
31
  35.147
39
 0
62
  5
 0
LINE
8
default
6
CONTINUOUS
10
-282.260
20
  55.315
30
  34.289
11
-281.832
21
  51.777
31
  35.147
39
 0
62
  5
 0
LINE
8
default
6
CONTINUOUS
10
 281.832
20
  51.777
30
  35.147
11
 281.328
21
  48.543
31
  36.157
39
 0
62
  5
 0
LINE
8
default
6
CONTINUOUS
10
-281.832
20
  51.777
30
  35.147
11
-281.328
21
  48.543
31
  36.157
39
 0
62
  5
 0
LINE
8
default
6
CONTINUOUS
10
 281.328
20
  48.543
30
  36.157
11
 280.760
21
  45.602
31
  37.296
39
 0
62
  5
 0
LINE
8
default
6
CONTINUOUS
10
-281.328
20
  48.543
30
  36.157
11
-280.760
21
  45.602
31
  37.296
39
 0
62
  5
 0
LINE
8
default
6
CONTINUOUS
10
 280.760
20
  45.602
30
  37.296
11
 280.148
21
  42.943
31
  38.525
39
 0
62
  5
 0
LINE
8
default
6
CONTINUOUS
10
-280.760
20
  45.602
30
  37.296
11
-280.148
21
  42.943
31
  38.525
39
 0
62
  5
 0
LINE
8
default
6
CONTINUOUS
10
 280.148
20
  42.943
30
  38.525
11
 279.505
21
  40.549
31
  39.813
39
 0
62
  5
 0
LINE
8
default
6
CONTINUOUS
10
-280.148
20
  42.943
30
  38.525
11
-279.505
21
  40.549
31
  39.813
39
 0
62
  5
 0
LINE
8
default
6
CONTINUOUS
10
 279.505
20
  40.549
30
  39.813
11
 278.850
21
  38.408
31
  41.127
39
 0
62
  5
 0
LINE
8
default
6
CONTINUOUS
10
-279.505
20
  40.549
30
  39.813
11
-278.850
21
  38.408
31
  41.127
39
 0
62
  5
 0
LINE
8
default
6
CONTINUOUS
10
 278.850
20
  38.408
30
  41.127
11
 278.188
21
  36.496
31
  42.455
39
 0
62
  5
 0
LINE
8
default
6
CONTINUOUS
10
-278.850
20
  38.408
30
  41.127
11
-278.188
21
  36.496
31
  42.455
39
 0
62
  5
 0
LINE
8
default
6
CONTINUOUS
10
 278.188
20
  36.496
30
  42.455
11
 277.529
21
  34.796
31
  43.778
39
 0
62
  5
 0
LINE
8
default
6
CONTINUOUS
10
-278.188
20
  36.496
30
  42.455
11
-277.529
21
  34.796
31
  43.778
39
 0
62
  5
 0
LINE
8
default
6
CONTINUOUS
10
 277.529
20
  34.796
30
  43.778
11
 276.876
21
  33.289
31
  45.086
39
 0
62
  5
 0
LINE
8
default
6
CONTINUOUS
10
-277.529
20
  34.796
30
  43.778
11
-276.876
21
  33.289
31
  45.086
39
 0
62
  5
 0
LINE
8
default
6
CONTINUOUS
10
 276.876
20
  33.289
30
  45.086
11
 276.238
21
  31.955
31
  46.367
39
 0
62
  5
 0
LINE
8
default
6
CONTINUOUS
10
-276.876
20
  33.289
30
  45.086
11
-276.238
21
  31.955
31
  46.367
39
 0
62
  5
 0
LINE
8
default
6
CONTINUOUS
10
 276.238
20
  31.955
30
  46.367
11
 275.611
21
  30.780
31
  47.624
39
 0
62
  5
 0
LINE
8
default
6
CONTINUOUS
10
-276.238
20
  31.955
30
  46.367
11
-275.611
21
  30.780
31
  47.624
39
 0
62
  5
 0
LINE
8
default
6
CONTINUOUS
10
 275.611
20
  30.780
30
  47.624
11
 275.001
21
  29.749
31
  48.848
39
 0
62
  5
 0
LINE
8
default
6
CONTINUOUS
10
-275.611
20
  30.780
30
  47.624
11
-275.001
21
  29.749
31
  48.848
39
 0
62
  5
 0
LINE
8
default
6
CONTINUOUS
10
 275.001
20
  29.749
30
  48.848
11
 274.402
21
  28.845
31
  50.050
39
 0
62
  5
 0
LINE
8
default
6
CONTINUOUS
10
-275.001
20
  29.749
30
  48.848
11
-274.402
21
  28.845
31
  50.050
39
 0
62
  5
 0
LINE
8
default
6
CONTINUOUS
10
 274.402
20
  28.845
30
  50.050
11
 273.816
21
  28.061
31
  51.224
39
 0
62
  5
 0
LINE
8
default
6
CONTINUOUS
10
-274.402
20
  28.845
30
  50.050
11
-273.816
21
  28.061
31
  51.224
39
 0
62
  5
 0
LINE
8
default
6
CONTINUOUS
10
 273.816
20
  28.061
30
  51.224
11
 273.246
21
  27.391
31
  52.368
39
 0
62
  5
 0
LINE
8
default
6
CONTINUOUS
10
-273.816
20
  28.061
30
  51.224
11
-273.246
21
  27.391
31
  52.368
39
 0
62
  5
 0
LINE
8
default
6
CONTINUOUS
10
 273.246
20
  27.391
30
  52.368
11
 272.692
21
  26.827
31
  53.478
39
 0
62
  5
 0
LINE
8
default
6
CONTINUOUS
10
-273.246
20
  27.391
30
  52.368
11
-272.692
21
  26.827
31
  53.478
39
 0
62
  5
 0
LINE
8
default
6
CONTINUOUS
10
 272.692
20
  26.827
30
  53.478
11
 272.160
21
  26.367
31
  54.547
39
 0
62
  5
 0
LINE
8
default
6
CONTINUOUS
10
-272.692
20
  26.827
30
  53.478
11
-272.160
21
  26.367
31
  54.547
39
 0
62
  5
 0
LINE
8
default
6
CONTINUOUS
10
 272.160
20
  26.367
30
  54.547
11
 271.641
21
  25.998
31
  55.587
39
 0
62
  5
 0
LINE
8
default
6
CONTINUOUS
10
-272.160
20
  26.367
30
  54.547
11
-271.641
21
  25.998
31
  55.587
39
 0
62
  5
 0
LINE
8
default
6
CONTINUOUS
10
 271.641
20
  25.998
30
  55.587
11
 271.146
21
  25.703
31
  56.581
39
 0
62
  5
 0
LINE
8
default
6
CONTINUOUS
10
-271.641
20
  25.998
30
  55.587
11
-271.146
21
  25.703
31
  56.581
39
 0
62
  5
 0
LINE
8
default
6
CONTINUOUS
10
 271.146
20
  25.703
30
  56.581
11
 270.639
21
  25.472
31
  57.596
39
 0
62
  5
 0
LINE
8
default
6
CONTINUOUS
10
-271.146
20
  25.703
30
  56.581
11
-270.639
21
  25.472
31
  57.596
39
 0
62
  5
 0
LINE
8
default
6
CONTINUOUS
10
 270.639
20
  25.472
30
  57.596
11
 270.211
21
  25.301
31
  58.456
39
 0
62
  5
 0
LINE
8
default
6
CONTINUOUS
10
-270.639
20
  25.472
30
  57.596
11
-270.211
21
  25.301
31
  58.456
39
 0
62
  5
 0
LINE
8
default
6
CONTINUOUS
10
 270.211
20
  25.301
30
  58.456
11
 269.598
21
  25.200
31
  59.684
39
 0
62
  5
 0
LINE
8
default
6
CONTINUOUS
10
-270.211
20
  25.301
30
  58.456
11
-269.598
21
  25.200
31
  59.684
39
 0
62
  5
 0
LINE
8
default
6
CONTINUOUS
10
 269.598
20
  25.200
30
  59.684
11
 269.550
21
  25.204
31
  59.781
39
 0
62
  5
 0
LINE
8
default
6
CONTINUOUS
10
-269.598
20
  25.200
30
  59.684
11
-269.550
21
  25.204
31
  59.781
39
 0
62
  5
 0
LINE
8
default
6
CONTINUOUS
10
 269.550
20
  25.204
30
  59.781
11
 268.864
21
  25.311
31
  61.158
39
 0
62
  5
 0
LINE
8
default
6
CONTINUOUS
10
-269.550
20
  25.204
30
  59.781
11
-268.864
21
  25.311
31
  61.158
39
 0
62
  5
 0
LINE
8
default
6
CONTINUOUS
10
 268.864
20
  25.311
30
  61.158
11
 268.557
21
  25.556
31
  61.772
39
 0
62
  5
 0
LINE
8
default
6
CONTINUOUS
10
-268.864
20
  25.311
30
  61.158
11
-268.557
21
  25.556
31
  61.772
39
 0
62
  5
 0
LINE
8
default
6
CONTINUOUS
10
 268.557
20
  25.556
30
  61.772
11
 268.178
21
  25.932
31
  62.532
39
 0
62
  5
 0
LINE
8
default
6
CONTINUOUS
10
-268.557
20
  25.556
30
  61.772
11
-268.178
21
  25.932
31
  62.532
39
 0
62
  5
 0
LINE
8
default
6
CONTINUOUS
10
 268.178
20
  25.932
30
  62.532
11
 267.833
21
  26.444
31
  63.224
39
 0
62
  5
 0
LINE
8
default
6
CONTINUOUS
10
-268.178
20
  25.932
30
  62.532
11
-267.833
21
  26.444
31
  63.224
39
 0
62
  5
 0
LINE
8
default
6
CONTINUOUS
10
 267.833
20
  26.444
30
  63.224
11
 267.510
21
  27.094
31
  63.873
39
 0
62
  5
 0
LINE
8
default
6
CONTINUOUS
10
-267.833
20
  26.444
30
  63.224
11
-267.510
21
  27.094
31
  63.873
39
 0
62
  5
 0
LINE
8
default
6
CONTINUOUS
10
 267.510
20
  27.094
30
  63.873
11
 267.214
21
  27.880
31
  64.466
39
 0
62
  5
 0
LINE
8
default
6
CONTINUOUS
10
-267.510
20
  27.094
30
  63.873
11
-267.214
21
  27.880
31
  64.466
39
 0
62
  5
 0
LINE
8
default
6
CONTINUOUS
10
 267.214
20
  27.880
30
  64.466
11
 266.933
21
  28.802
31
  65.029
39
 0
62
  5
 0
LINE
8
default
6
CONTINUOUS
10
-267.214
20
  27.880
30
  64.466
11
-266.933
21
  28.802
31
  65.029
39
 0
62
  5
 0
LINE
8
default
6
CONTINUOUS
10
 266.933
20
  28.802
30
  65.029
11
 266.781
21
  29.379
31
  65.335
39
 0
62
  5
 0
LINE
8
default
6
CONTINUOUS
10
-266.933
20
  28.802
30
  65.029
11
-266.781
21
  29.379
31
  65.335
39
 0
62
  5
 0
LINE
8
default
6
CONTINUOUS
10
 266.781
20
  29.379
30
  65.335
11
 266.657
21
  29.848
31
  65.584
39
 0
62
  1
 0
LINE
8
default
6
CONTINUOUS
10
-266.781
20
  29.379
30
  65.335
11
-266.657
21
  29.848
31
  65.584
39
 0
62
  1
 0
LINE
8
default
6
CONTINUOUS
10
 266.657
20
  29.848
30
  65.584
11
 266.383
21
  31.005
31
  66.132
39
 0
62
  1
 0
LINE
8
default
6
CONTINUOUS
10
-266.657
20
  29.848
30
  65.584
11
-266.383
21
  31.005
31
  66.132
39
 0
62
  1
 0
LINE
8
default
6
CONTINUOUS
10
 266.383
20
  31.005
30
  66.132
11
 266.114
21
  32.285
31
  66.672
39
 0
62
  1
 0
LINE
8
default
6
CONTINUOUS
10
-266.383
20
  31.005
30
  66.132
11
-266.114
21
  32.285
31
  66.672
39
 0
62
  1
 0
LINE
8
default
6
CONTINUOUS
10
 266.114
20
  32.285
30
  66.672
11
 265.850
21
  33.708
31
  67.202
39
 0
62
  1
 0
LINE
8
default
6
CONTINUOUS
10
-266.114
20
  32.285
30
  66.672
11
-265.850
21
  33.708
31
  67.202
39
 0
62
  1
 0
LINE
8
default
6
CONTINUOUS
10
 265.850
20
  33.708
30
  67.202
11
 265.588
21
  35.292
31
  67.726
39
 0
62
  1
 0
LINE
8
default
6
CONTINUOUS
10
-265.850
20
  33.708
30
  67.202
11
-265.588
21
  35.292
31
  67.726
39
 0
62
  1
 0
LINE
8
default
6
CONTINUOUS
10
 265.588
20
  35.292
30
  67.726
11
 265.329
21
  37.070
31
  68.247
39
 0
62
  1
 0
LINE
8
default
6
CONTINUOUS
10
-265.588
20
  35.292
30
  67.726
11
-265.329
21
  37.070
31
  68.247
39
 0
62
  1
 0
LINE
8
default
6
CONTINUOUS
10
 265.329
20
  37.070
30
  68.247
11
 265.090
21
  38.883
31
  68.726
39
 0
62
  1
 0
LINE
8
default
6
CONTINUOUS
10
-265.329
20
  37.070
30
  68.247
11
-265.090
21
  38.883
31
  68.726
39
 0
62
  1
 0
LINE
8
default
6
CONTINUOUS
10
 265.090
20
  38.883
30
  68.726
11
 264.749
21
  41.791
31
  69.410
39
 0
62
  1
 0
LINE
8
default
6
CONTINUOUS
10
-265.090
20
  38.883
30
  68.726
11
-264.749
21
  41.791
31
  69.410
39
 0
62
  1
 0
LINE
8
default
6
CONTINUOUS
10
 264.749
20
  41.791
30
  69.410
11
 264.523
21
  43.917
31
  69.864
39
 0
62
  3
 0
LINE
8
default
6
CONTINUOUS
10
-264.749
20
  41.791
30
  69.410
11
-264.523
21
  43.917
31
  69.864
39
 0
62
  3
 0
LINE
8
default
6
CONTINUOUS
10
 264.523
20
  43.917
30
  69.864
11
 264.238
21
  46.866
31
  70.435
39
 0
62
  3
 0
LINE
8
default
6
CONTINUOUS
10
-264.523
20
  43.917
30
  69.864
11
-264.238
21
  46.866
31
  70.435
39
 0
62
  3
 0
LINE
8
default
6
CONTINUOUS
10
 264.238
20
  46.866
30
  70.435
11
 263.941
21
  50.250
31
  71.030
39
 0
62
  3
 0
LINE
8
default
6
CONTINUOUS
10
-264.238
20
  46.866
30
  70.435
11
-263.941
21
  50.250
31
  71.030
39
 0
62
  3
 0
LINE
8
default
6
CONTINUOUS
10
 263.941
20
  50.250
30
  71.030
11
 263.633
21
  54.155
31
  71.648
39
 0
62
  3
 0
LINE
8
default
6
CONTINUOUS
10
-263.941
20
  50.250
30
  71.030
11
-263.633
21
  54.155
31
  71.648
39
 0
62
  3
 0
LINE
8
default
6
CONTINUOUS
10
 263.633
20
  54.155
30
  71.648
11
 263.317
21
  58.654
31
  72.283
39
 0
62
  3
 0
LINE
8
default
6
CONTINUOUS
10
-263.633
20
  54.155
30
  71.648
11
-263.317
21
  58.654
31
  72.283
39
 0
62
  3
 0
LINE
8
default
6
CONTINUOUS
10
 263.317
20
  58.654
30
  72.283
11
 262.998
21
  63.797
31
  72.921
39
 0
62
  3
 0
LINE
8
default
6
CONTINUOUS
10
-263.317
20
  58.654
30
  72.283
11
-262.998
21
  63.797
31
  72.921
39
 0
62
  3
 0
LINE
8
default
6
CONTINUOUS
10
 262.998
20
  63.797
30
  72.921
11
 262.695
21
  69.574
31
  73.530
39
 0
62
  3
 0
LINE
8
default
6
CONTINUOUS
10
-262.998
20
  63.797
30
  72.921
11
-262.695
21
  69.574
31
  73.530
39
 0
62
  3
 0
LINE
8
default
6
CONTINUOUS
10
 262.695
20
  69.574
30
  73.530
11
 262.416
21
  75.908
31
  74.089
39
 0
62
  3
 0
LINE
8
default
6
CONTINUOUS
10
-262.695
20
  69.574
30
  73.530
11
-262.416
21
  75.908
31
  74.089
39
 0
62
  3
 0
LINE
8
default
6
CONTINUOUS
10
 262.416
20
  75.908
30
  74.089
11
 262.171
21
  82.656
31
  74.580
39
 0
62
  3
 0
LINE
8
default
6
CONTINUOUS
10
-262.416
20
  75.908
30
  74.089
11
-262.171
21
  82.656
31
  74.580
39
 0
62
  3
 0
LINE
8
default
6
CONTINUOUS
10
 262.171
20
  82.656
30
  74.580
11
 261.963
21
  89.723
31
  74.998
39
 0
62
  3
 0
LINE
8
default
6
CONTINUOUS
10
-262.171
20
  82.656
30
  74.580
11
-261.963
21
  89.723
31
  74.998
39
 0
62
  3
 0
LINE
8
default
6
CONTINUOUS
10
 261.963
20
  89.723
30
  74.998
11
 261.795
21
  97.024
31
  75.336
39
 0
62
  3
 0
LINE
8
default
6
CONTINUOUS
10
-261.963
20
  89.723
30
  74.998
11
-261.795
21
  97.024
31
  75.336
39
 0
62
  3
 0
LINE
8
default
6
CONTINUOUS
10
 261.795
20
  97.024
30
  75.336
11
 261.667
21
 104.480
31
  75.591
39
 0
62
  3
 0
LINE
8
default
6
CONTINUOUS
10
-261.795
20
  97.024
30
  75.336
11
-261.667
21
 104.480
31
  75.591
39
 0
62
  3
 0
LINE
8
default
6
CONTINUOUS
10
 261.667
20
 104.480
30
  75.591
11
 261.584
21
 112.016
31
  75.757
39
 0
62
  3
 0
LINE
8
default
6
CONTINUOUS
10
-261.667
20
 104.480
30
  75.591
11
-261.584
21
 112.016
31
  75.757
39
 0
62
  3
 0
LINE
8
default
6
CONTINUOUS
10
 261.584
20
 112.016
30
  75.757
11
 261.548
21
 119.575
31
  75.831
39
 0
62
  3
 0
LINE
8
default
6
CONTINUOUS
10
-261.584
20
 112.016
30
  75.757
11
-261.548
21
 119.575
31
  75.831
39
 0
62
  3
 0
LINE
8
default
6
CONTINUOUS
10
 261.548
20
 119.575
30
  75.831
11
 261.560
21
 127.137
31
  75.806
39
 0
62
  3
 0
LINE
8
default
6
CONTINUOUS
10
-261.548
20
 119.575
30
  75.831
11
-261.560
21
 127.137
31
  75.806
39
 0
62
  3
 0
LINE
8
default
6
CONTINUOUS
10
 261.560
20
 127.137
30
  75.806
11
 261.618
21
 134.713
31
  75.690
39
 0
62
  3
 0
LINE
8
default
6
CONTINUOUS
10
-261.560
20
 127.137
30
  75.806
11
-261.618
21
 134.713
31
  75.690
39
 0
62
  3
 0
LINE
8
default
6
CONTINUOUS
10
 261.618
20
 134.713
30
  75.690
11
 261.718
21
 142.328
31
  75.489
39
 0
62
  3
 0
LINE
8
default
6
CONTINUOUS
10
-261.618
20
 134.713
30
  75.690
11
-261.718
21
 142.328
31
  75.489
39
 0
62
  3
 0
LINE
8
default
6
CONTINUOUS
10
 261.718
20
 142.328
30
  75.489
11
 261.855
21
 150.015
31
  75.216
39
 0
62
  3
 0
LINE
8
default
6
CONTINUOUS
10
-261.718
20
 142.328
30
  75.489
11
-261.855
21
 150.015
31
  75.216
39
 0
62
  3
 0
LINE
8
default
6
CONTINUOUS
10
 261.855
20
 150.015
30
  75.216
11
 262.025
21
 157.782
31
  74.874
39
 0
62
  3
 0
LINE
8
default
6
CONTINUOUS
10
-261.855
20
 150.015
30
  75.216
11
-262.025
21
 157.782
31
  74.874
39
 0
62
  3
 0
LINE
8
default
6
CONTINUOUS
10
 262.025
20
 157.782
30
  74.874
11
 262.228
21
 165.608
31
  74.466
39
 0
62
  3
 0
LINE
8
default
6
CONTINUOUS
10
-262.025
20
 157.782
30
  74.874
11
-262.228
21
 165.608
31
  74.466
39
 0
62
  3
 0
LINE
8
default
6
CONTINUOUS
10
 262.228
20
 165.608
30
  74.466
11
 262.461
21
 173.470
31
  73.999
39
 0
62
  3
 0
LINE
8
default
6
CONTINUOUS
10
-262.228
20
 165.608
30
  74.466
11
-262.461
21
 173.470
31
  73.999
39
 0
62
  3
 0
LINE
8
default
6
CONTINUOUS
10
 262.461
20
 173.470
30
  73.999
11
 262.723
21
 181.342
31
  73.474
39
 0
62
  3
 0
LINE
8
default
6
CONTINUOUS
10
-262.461
20
 173.470
30
  73.999
11
-262.723
21
 181.342
31
  73.474
39
 0
62
  3
 0
LINE
8
default
6
CONTINUOUS
10
 262.723
20
 181.342
30
  73.474
11
 263.013
21
 189.224
31
  72.891
39
 0
62
  3
 0
LINE
8
default
6
CONTINUOUS
10
-262.723
20
 181.342
30
  73.474
11
-263.013
21
 189.224
31
  72.891
39
 0
62
  3
 0
LINE
8
default
6
CONTINUOUS
10
 263.013
20
 189.224
30
  72.891
11
 263.331
21
 197.127
31
  72.254
39
 0
62
  3
 0
LINE
8
default
6
CONTINUOUS
10
-263.013
20
 189.224
30
  72.891
11
-263.331
21
 197.127
31
  72.254
39
 0
62
  3
 0
LINE
8
default
6
CONTINUOUS
10
 263.331
20
 197.127
30
  72.254
11
 263.675
21
 205.057
31
  71.565
39
 0
62
  3
 0
LINE
8
default
6
CONTINUOUS
10
-263.331
20
 197.127
30
  72.254
11
-263.675
21
 205.057
31
  71.565
39
 0
62
  3
 0
LINE
8
default
6
CONTINUOUS
10
 263.675
20
 205.057
30
  71.565
11
 264.044
21
 213.008
31
  70.824
39
 0
62
  3
 0
LINE
8
default
6
CONTINUOUS
10
-263.675
20
 205.057
30
  71.565
11
-264.044
21
 213.008
31
  70.824
39
 0
62
  3
 0
LINE
8
default
6
CONTINUOUS
10
 264.044
20
 213.008
30
  70.824
11
 264.435
21
 220.966
31
  70.040
39
 0
62
  3
 0
LINE
8
default
6
CONTINUOUS
10
-264.044
20
 213.008
30
  70.824
11
-264.435
21
 220.966
31
  70.040
39
 0
62
  3
 0
LINE
8
default
6
CONTINUOUS
10
 264.435
20
 220.966
30
  70.040
11
 264.846
21
 228.900
31
  69.216
39
 0
62
  3
 0
LINE
8
default
6
CONTINUOUS
10
-264.435
20
 220.966
30
  70.040
11
-264.846
21
 228.900
31
  69.216
39
 0
62
  3
 0
LINE
8
default
6
CONTINUOUS
10
 264.846
20
 228.900
30
  69.216
11
 265.271
21
 236.800
31
  68.363
39
 0
62
  3
 0
LINE
8
default
6
CONTINUOUS
10
-264.846
20
 228.900
30
  69.216
11
-265.271
21
 236.800
31
  68.363
39
 0
62
  3
 0
LINE
8
default
6
CONTINUOUS
10
 265.271
20
 236.800
30
  68.363
11
 265.710
21
 244.703
31
  67.482
39
 0
62
  3
 0
LINE
8
default
6
CONTINUOUS
10
-265.271
20
 236.800
30
  68.363
11
-265.710
21
 244.703
31
  67.482
39
 0
62
  3
 0
LINE
8
default
6
CONTINUOUS
10
 265.710
20
 244.703
30
  67.482
11
 266.164
21
 252.668
31
  66.573
39
 0
62
  3
 0
LINE
8
default
6
CONTINUOUS
10
-265.710
20
 244.703
30
  67.482
11
-266.164
21
 252.668
31
  66.573
39
 0
62
  3
 0
LINE
8
default
6
CONTINUOUS
10
 266.164
20
 252.668
30
  66.573
11
 266.632
21
 260.699
31
  65.633
39
 0
62
  3
 0
LINE
8
default
6
CONTINUOUS
10
-266.164
20
 252.668
30
  66.573
11
-266.632
21
 260.699
31
  65.633
39
 0
62
  3
 0
LINE
8
default
6
CONTINUOUS
10
 266.632
20
 260.699
30
  65.633
11
 267.097
21
 268.507
31
  64.701
39
 0
62
  3
 0
LINE
8
default
6
CONTINUOUS
10
-266.632
20
 260.699
30
  65.633
11
-267.097
21
 268.507
31
  64.701
39
 0
62
  3
 0
LINE
8
default
6
CONTINUOUS
10
 267.097
20
 268.507
30
  64.701
11
 267.528
21
 275.646
31
  63.837
39
 0
62
  3
 0
LINE
8
default
6
CONTINUOUS
10
-267.097
20
 268.507
30
  64.701
11
-267.528
21
 275.646
31
  63.837
39
 0
62
  3
 0
LINE
8
default
6
CONTINUOUS
10
 267.528
20
 275.646
30
  63.837
11
 267.909
21
 281.844
31
  63.073
39
 0
62
  3
 0
LINE
8
default
6
CONTINUOUS
10
-267.528
20
 275.646
30
  63.837
11
-267.909
21
 281.844
31
  63.073
39
 0
62
  3
 0
LINE
8
default
6
CONTINUOUS
10
 267.909
20
 281.844
30
  63.073
11
 268.237
21
 287.128
31
  62.415
39
 0
62
  3
 0
LINE
8
default
6
CONTINUOUS
10
-267.909
20
 281.844
30
  63.073
11
-268.237
21
 287.128
31
  62.415
39
 0
62
  3
 0
LINE
8
default
6
CONTINUOUS
10
 268.237
20
 287.128
30
  62.415
11
 268.431
21
 290.228
31
  62.025
39
 0
62
  3
 0
LINE
8
default
6
CONTINUOUS
10
-268.237
20
 287.128
30
  62.415
11
-268.431
21
 290.228
31
  62.025
39
 0
62
  3
 0
LINE
8
default
6
CONTINUOUS
10
 302.300
20
 285.956
30
  81.310
11
 302.625
21
 283.042
31
  80.775
39
 0
62
  5
 0
LINE
8
default
6
CONTINUOUS
10
-302.300
20
 285.956
30
  81.310
11
-302.625
21
 283.042
31
  80.775
39
 0
62
  5
 0
LINE
8
default
6
CONTINUOUS
10
 302.625
20
 283.042
30
  80.775
11
 303.173
21
 278.077
31
  79.872
39
 0
62
  5
 0
LINE
8
default
6
CONTINUOUS
10
-302.625
20
 283.042
30
  80.775
11
-303.173
21
 278.077
31
  79.872
39
 0
62
  5
 0
LINE
8
default
6
CONTINUOUS
10
 303.173
20
 278.077
30
  79.872
11
 303.811
21
 272.257
31
  78.820
39
 0
62
  5
 0
LINE
8
default
6
CONTINUOUS
10
-303.173
20
 278.077
30
  79.872
11
-303.811
21
 272.257
31
  78.820
39
 0
62
  5
 0
LINE
8
default
6
CONTINUOUS
10
 303.811
20
 272.257
30
  78.820
11
 304.538
21
 265.545
31
  77.622
39
 0
62
  5
 0
LINE
8
default
6
CONTINUOUS
10
-303.811
20
 272.257
30
  78.820
11
-304.538
21
 265.545
31
  77.622
39
 0
62
  5
 0
LINE
8
default
6
CONTINUOUS
10
 304.538
20
 265.545
30
  77.622
11
 305.326
21
 258.193
31
  76.324
39
 0
62
  5
 0
LINE
8
default
6
CONTINUOUS
10
-304.538
20
 265.545
30
  77.622
11
-305.326
21
 258.193
31
  76.324
39
 0
62
  5
 0
LINE
8
default
6
CONTINUOUS
10
 305.326
20
 258.193
30
  76.324
11
 306.125
21
 250.629
31
  75.006
39
 0
62
  5
 0
LINE
8
default
6
CONTINUOUS
10
-305.326
20
 258.193
30
  76.324
11
-306.125
21
 250.629
31
  75.006
39
 0
62
  5
 0
LINE
8
default
6
CONTINUOUS
10
 306.125
20
 250.629
30
  75.006
11
 306.906
21
 243.120
31
  73.719
39
 0
62
  5
 0
LINE
8
default
6
CONTINUOUS
10
-306.125
20
 250.629
30
  75.006
11
-306.906
21
 243.120
31
  73.719
39
 0
62
  5
 0
LINE
8
default
6
CONTINUOUS
10
 306.906
20
 243.120
30
  73.719
11
 307.668
21
 235.667
31
  72.463
39
 0
62
  5
 0
LINE
8
default
6
CONTINUOUS
10
-306.906
20
 243.120
30
  73.719
11
-307.668
21
 235.667
31
  72.463
39
 0
62
  5
 0
LINE
8
default
6
CONTINUOUS
10
 307.668
20
 235.667
30
  72.463
11
 308.419
21
 228.195
31
  71.226
39
 0
62
  5
 0
LINE
8
default
6
CONTINUOUS
10
-307.668
20
 235.667
30
  72.463
11
-308.419
21
 228.195
31
  71.226
39
 0
62
  5
 0
LINE
8
default
6
CONTINUOUS
10
 308.419
20
 228.195
30
  71.226
11
 309.158
21
 220.670
31
  70.008
39
 0
62
  5
 0
LINE
8
default
6
CONTINUOUS
10
-308.419
20
 228.195
30
  71.226
11
-309.158
21
 220.670
31
  70.008
39
 0
62
  5
 0
LINE
8
default
6
CONTINUOUS
10
 309.158
20
 220.670
30
  70.008
11
 309.885
21
 213.079
31
  68.811
39
 0
62
  5
 0
LINE
8
default
6
CONTINUOUS
10
-309.158
20
 220.670
30
  70.008
11
-309.885
21
 213.079
31
  68.811
39
 0
62
  5
 0
LINE
8
default
6
CONTINUOUS
10
 309.885
20
 213.079
30
  68.811
11
 310.599
21
 205.450
31
  67.635
39
 0
62
  5
 0
LINE
8
default
6
CONTINUOUS
10
-309.885
20
 213.079
30
  68.811
11
-310.599
21
 205.450
31
  67.635
39
 0
62
  5
 0
LINE
8
default
6
CONTINUOUS
10
 310.599
20
 205.450
30
  67.635
11
 311.294
21
 197.801
31
  66.488
39
 0
62
  5
 0
LINE
8
default
6
CONTINUOUS
10
-310.599
20
 205.450
30
  67.635
11
-311.294
21
 197.801
31
  66.488
39
 0
62
  5
 0
LINE
8
default
6
CONTINUOUS
10
 311.294
20
 197.801
30
  66.488
11
 311.974
21
 190.148
31
  65.368
39
 0
62
  5
 0
LINE
8
default
6
CONTINUOUS
10
-311.294
20
 197.801
30
  66.488
11
-311.974
21
 190.148
31
  65.368
39
 0
62
  5
 0
LINE
8
default
6
CONTINUOUS
10
 311.974
20
 190.148
30
  65.368
11
 312.637
21
 182.506
31
  64.275
39
 0
62
  5
 0
LINE
8
default
6
CONTINUOUS
10
-311.974
20
 190.148
30
  65.368
11
-312.637
21
 182.506
31
  64.275
39
 0
62
  5
 0
LINE
8
default
6
CONTINUOUS
10
 312.637
20
 182.506
30
  64.275
11
 313.286
21
 174.880
31
  63.207
39
 0
62
  5
 0
LINE
8
default
6
CONTINUOUS
10
-312.637
20
 182.506
30
  64.275
11
-313.286
21
 174.880
31
  63.207
39
 0
62
  5
 0
LINE
8
default
6
CONTINUOUS
10
 313.286
20
 174.880
30
  63.207
11
 313.916
21
 167.277
31
  62.168
39
 0
62
  5
 0
LINE
8
default
6
CONTINUOUS
10
-313.286
20
 174.880
30
  63.207
11
-313.916
21
 167.277
31
  62.168
39
 0
62
  5
 0
LINE
8
default
6
CONTINUOUS
10
 313.916
20
 167.277
30
  62.168
11
 314.527
21
 159.703
31
  61.161
39
 0
62
  5
 0
LINE
8
default
6
CONTINUOUS
10
-313.916
20
 167.277
30
  62.168
11
-314.527
21
 159.703
31
  61.161
39
 0
62
  5
 0
LINE
8
default
6
CONTINUOUS
10
 314.527
20
 159.703
30
  61.161
11
 315.117
21
 152.164
31
  60.188
39
 0
62
  5
 0
LINE
8
default
6
CONTINUOUS
10
-314.527
20
 159.703
30
  61.161
11
-315.117
21
 152.164
31
  60.188
39
 0
62
  5
 0
LINE
8
default
6
CONTINUOUS
10
 315.117
20
 152.164
30
  60.188
11
 315.684
21
 144.670
31
  59.254
39
 0
62
  5
 0
LINE
8
default
6
CONTINUOUS
10
-315.117
20
 152.164
30
  60.188
11
-315.684
21
 144.670
31
  59.254
39
 0
62
  5
 0
LINE
8
default
6
CONTINUOUS
10
 315.684
20
 144.670
30
  59.254
11
 316.224
21
 137.244
31
  58.365
39
 0
62
  5
 0
LINE
8
default
6
CONTINUOUS
10
-315.684
20
 144.670
30
  59.254
11
-316.224
21
 137.244
31
  58.365
39
 0
62
  5
 0
LINE
8
default
6
CONTINUOUS
10
 316.224
20
 137.244
30
  58.365
11
 316.733
21
 129.897
31
  57.525
39
 0
62
  5
 0
LINE
8
default
6
CONTINUOUS
10
-316.224
20
 137.244
30
  58.365
11
-316.733
21
 129.897
31
  57.525
39
 0
62
  5
 0
LINE
8
default
6
CONTINUOUS
10
 316.733
20
 129.897
30
  57.525
11
 317.211
21
 122.665
31
  56.737
39
 0
62
  5
 0
LINE
8
default
6
CONTINUOUS
10
-316.733
20
 129.897
30
  57.525
11
-317.211
21
 122.665
31
  56.737
39
 0
62
  5
 0
LINE
8
default
6
CONTINUOUS
10
 317.211
20
 122.665
30
  56.737
11
 317.650
21
 115.598
31
  56.015
39
 0
62
  5
 0
LINE
8
default
6
CONTINUOUS
10
-317.211
20
 122.665
30
  56.737
11
-317.650
21
 115.598
31
  56.015
39
 0
62
  5
 0
LINE
8
default
6
CONTINUOUS
10
 317.650
20
 115.598
30
  56.015
11
 318.038
21
 108.754
31
  55.375
39
 0
62
  5
 0
LINE
8
default
6
CONTINUOUS
10
-317.650
20
 115.598
30
  56.015
11
-318.038
21
 108.754
31
  55.375
39
 0
62
  5
 0
LINE
8
default
6
CONTINUOUS
10
 318.038
20
 108.754
30
  55.375
11
 318.366
21
 102.204
31
  54.833
39
 0
62
  5
 0
LINE
8
default
6
CONTINUOUS
10
-318.038
20
 108.754
30
  55.375
11
-318.366
21
 102.204
31
  54.833
39
 0
62
  5
 0
LINE
8
default
6
CONTINUOUS
10
 318.366
20
 102.204
30
  54.833
11
 318.630
21
  95.994
31
  54.399
39
 0
62
  5
 0
LINE
8
default
6
CONTINUOUS
10
-318.366
20
 102.204
30
  54.833
11
-318.630
21
  95.994
31
  54.399
39
 0
62
  5
 0
LINE
8
default
6
CONTINUOUS
10
 318.630
20
  95.994
30
  54.399
11
 318.815
21
  90.153
31
  54.093
39
 0
62
  5
 0
LINE
8
default
6
CONTINUOUS
10
-318.630
20
  95.994
30
  54.399
11
-318.815
21
  90.153
31
  54.093
39
 0
62
  5
 0
LINE
8
default
6
CONTINUOUS
10
 318.815
20
  90.153
30
  54.093
11
 318.915
21
  84.684
31
  53.930
39
 0
62
  5
 0
LINE
8
default
6
CONTINUOUS
10
-318.815
20
  90.153
30
  54.093
11
-318.915
21
  84.684
31
  53.930
39
 0
62
  5
 0
LINE
8
default
6
CONTINUOUS
10
 318.915
20
  84.684
30
  53.930
11
 318.918
21
  79.591
31
  53.924
39
 0
62
  5
 0
LINE
8
default
6
CONTINUOUS
10
-318.915
20
  84.684
30
  53.930
11
-318.918
21
  79.591
31
  53.924
39
 0
62
  5
 0
LINE
8
default
6
CONTINUOUS
10
 318.918
20
  79.591
30
  53.924
11
 318.827
21
  74.871
31
  54.075
39
 0
62
  5
 0
LINE
8
default
6
CONTINUOUS
10
-318.918
20
  79.591
30
  53.924
11
-318.827
21
  74.871
31
  54.075
39
 0
62
  5
 0
LINE
8
default
6
CONTINUOUS
10
 318.827
20
  74.871
30
  54.075
11
 318.636
21
  70.511
31
  54.389
39
 0
62
  5
 0
LINE
8
default
6
CONTINUOUS
10
-318.827
20
  74.871
30
  54.075
11
-318.636
21
  70.511
31
  54.389
39
 0
62
  5
 0
LINE
8
default
6
CONTINUOUS
10
 318.636
20
  70.511
30
  54.389
11
 318.351
21
  66.504
31
  54.859
39
 0
62
  5
 0
LINE
8
default
6
CONTINUOUS
10
-318.636
20
  70.511
30
  54.389
11
-318.351
21
  66.504
31
  54.859
39
 0
62
  5
 0
LINE
8
default
6
CONTINUOUS
10
 318.351
20
  66.504
30
  54.859
11
 317.974
21
  62.827
31
  55.480
39
 0
62
  5
 0
LINE
8
default
6
CONTINUOUS
10
-318.351
20
  66.504
30
  54.859
11
-317.974
21
  62.827
31
  55.480
39
 0
62
  5
 0
LINE
8
default
6
CONTINUOUS
10
 317.974
20
  62.827
30
  55.480
11
 317.507
21
  59.463
31
  56.249
39
 0
62
  5
 0
LINE
8
default
6
CONTINUOUS
10
-317.974
20
  62.827
30
  55.480
11
-317.507
21
  59.463
31
  56.249
39
 0
62
  5
 0
LINE
8
default
6
CONTINUOUS
10
 317.507
20
  59.463
30
  56.249
11
 316.956
21
  56.386
31
  57.157
39
 0
62
  5
 0
LINE
8
default
6
CONTINUOUS
10
-317.507
20
  59.463
30
  56.249
11
-316.956
21
  56.386
31
  57.157
39
 0
62
  5
 0
LINE
8
default
6
CONTINUOUS
10
 316.956
20
  56.386
30
  57.157
11
 316.334
21
  53.586
31
  58.183
39
 0
62
  5
 0
LINE
8
default
6
CONTINUOUS
10
-316.956
20
  56.386
30
  57.157
11
-316.334
21
  53.586
31
  58.183
39
 0
62
  5
 0
LINE
8
default
6
CONTINUOUS
10
 316.334
20
  53.586
30
  58.183
11
 315.661
21
  51.055
31
  59.291
39
 0
62
  5
 0
LINE
8
default
6
CONTINUOUS
10
-316.334
20
  53.586
30
  58.183
11
-315.661
21
  51.055
31
  59.291
39
 0
62
  5
 0
LINE
8
default
6
CONTINUOUS
10
 315.661
20
  51.055
30
  59.291
11
 314.956
21
  48.775
31
  60.454
39
 0
62
  5
 0
LINE
8
default
6
CONTINUOUS
10
-315.661
20
  51.055
30
  59.291
11
-314.956
21
  48.775
31
  60.454
39
 0
62
  5
 0
LINE
8
default
6
CONTINUOUS
10
 314.956
20
  48.775
30
  60.454
11
 314.236
21
  46.737
31
  61.641
39
 0
62
  5
 0
LINE
8
default
6
CONTINUOUS
10
-314.956
20
  48.775
30
  60.454
11
-314.236
21
  46.737
31
  61.641
39
 0
62
  5
 0
LINE
8
default
6
CONTINUOUS
10
 314.236
20
  46.737
30
  61.641
11
 313.507
21
  44.915
31
  62.841
39
 0
62
  5
 0
LINE
8
default
6
CONTINUOUS
10
-314.236
20
  46.737
30
  61.641
11
-313.507
21
  44.915
31
  62.841
39
 0
62
  5
 0
LINE
8
default
6
CONTINUOUS
10
 313.507
20
  44.915
30
  62.841
11
 312.781
21
  43.294
31
  64.037
39
 0
62
  5
 0
LINE
8
default
6
CONTINUOUS
10
-313.507
20
  44.915
30
  62.841
11
-312.781
21
  43.294
31
  64.037
39
 0
62
  5
 0
LINE
8
default
6
CONTINUOUS
10
 312.781
20
  43.294
30
  64.037
11
 312.063
21
  41.858
31
  65.220
39
 0
62
  5
 0
LINE
8
default
6
CONTINUOUS
10
-312.781
20
  43.294
30
  64.037
11
-312.063
21
  41.858
31
  65.220
39
 0
62
  5
 0
LINE
8
default
6
CONTINUOUS
10
 312.063
20
  41.858
30
  65.220
11
 311.360
21
  40.585
31
  66.380
39
 0
62
  5
 0
LINE
8
default
6
CONTINUOUS
10
-312.063
20
  41.858
30
  65.220
11
-311.360
21
  40.585
31
  66.380
39
 0
62
  5
 0
LINE
8
default
6
CONTINUOUS
10
 311.360
20
  40.585
30
  66.380
11
 310.670
21
  39.464
31
  67.517
39
 0
62
  5
 0
LINE
8
default
6
CONTINUOUS
10
-311.360
20
  40.585
30
  66.380
11
-310.670
21
  39.464
31
  67.517
39
 0
62
  5
 0
LINE
8
default
6
CONTINUOUS
10
 310.670
20
  39.464
30
  67.517
11
 309.997
21
  38.480
31
  68.625
39
 0
62
  5
 0
LINE
8
default
6
CONTINUOUS
10
-310.670
20
  39.464
30
  67.517
11
-309.997
21
  38.480
31
  68.625
39
 0
62
  5
 0
LINE
8
default
6
CONTINUOUS
10
 309.997
20
  38.480
30
  68.625
11
 309.337
21
  37.617
31
  69.714
39
 0
62
  5
 0
LINE
8
default
6
CONTINUOUS
10
-309.997
20
  38.480
30
  68.625
11
-309.337
21
  37.617
31
  69.714
39
 0
62
  5
 0
LINE
8
default
6
CONTINUOUS
10
 309.337
20
  37.617
30
  69.714
11
 308.691
21
  36.867
31
  70.778
39
 0
62
  5
 0
LINE
8
default
6
CONTINUOUS
10
-309.337
20
  37.617
30
  69.714
11
-308.691
21
  36.867
31
  70.778
39
 0
62
  5
 0
LINE
8
default
6
CONTINUOUS
10
 308.691
20
  36.867
30
  70.778
11
 308.062
21
  36.226
31
  71.815
39
 0
62
  5
 0
LINE
8
default
6
CONTINUOUS
10
-308.691
20
  36.867
30
  70.778
11
-308.062
21
  36.226
31
  71.815
39
 0
62
  5
 0
LINE
8
default
6
CONTINUOUS
10
 308.062
20
  36.226
30
  71.815
11
 307.451
21
  35.687
31
  72.821
39
 0
62
  5
 0
LINE
8
default
6
CONTINUOUS
10
-308.062
20
  36.226
30
  71.815
11
-307.451
21
  35.687
31
  72.821
39
 0
62
  5
 0
LINE
8
default
6
CONTINUOUS
10
 307.451
20
  35.687
30
  72.821
11
 306.864
21
  35.246
31
  73.789
39
 0
62
  5
 0
LINE
8
default
6
CONTINUOUS
10
-307.451
20
  35.687
30
  72.821
11
-306.864
21
  35.246
31
  73.789
39
 0
62
  5
 0
LINE
8
default
6
CONTINUOUS
10
 306.864
20
  35.246
30
  73.789
11
 306.291
21
  34.891
31
  74.732
39
 0
62
  5
 0
LINE
8
default
6
CONTINUOUS
10
-306.864
20
  35.246
30
  73.789
11
-306.291
21
  34.891
31
  74.732
39
 0
62
  5
 0
LINE
8
default
6
CONTINUOUS
10
 306.291
20
  34.891
30
  74.732
11
 305.745
21
  34.608
31
  75.634
39
 0
62
  5
 0
LINE
8
default
6
CONTINUOUS
10
-306.291
20
  34.891
30
  74.732
11
-305.745
21
  34.608
31
  75.634
39
 0
62
  5
 0
LINE
8
default
6
CONTINUOUS
10
 305.745
20
  34.608
30
  75.634
11
 305.186
21
  34.385
31
  76.555
39
 0
62
  5
 0
LINE
8
default
6
CONTINUOUS
10
-305.745
20
  34.608
30
  75.634
11
-305.186
21
  34.385
31
  76.555
39
 0
62
  5
 0
LINE
8
default
6
CONTINUOUS
10
 305.186
20
  34.385
30
  76.555
11
 304.712
21
  34.219
31
  77.335
39
 0
62
  5
 0
LINE
8
default
6
CONTINUOUS
10
-305.186
20
  34.385
30
  76.555
11
-304.712
21
  34.219
31
  77.335
39
 0
62
  5
 0
LINE
8
default
6
CONTINUOUS
10
 304.712
20
  34.219
30
  77.335
11
 304.036
21
  34.118
31
  78.449
39
 0
62
  5
 0
LINE
8
default
6
CONTINUOUS
10
-304.712
20
  34.219
30
  77.335
11
-304.036
21
  34.118
31
  78.449
39
 0
62
  5
 0
LINE
8
default
6
CONTINUOUS
10
 304.036
20
  34.118
30
  78.449
11
 303.983
21
  34.122
31
  78.537
39
 0
62
  5
 0
LINE
8
default
6
CONTINUOUS
10
-304.036
20
  34.118
30
  78.449
11
-303.983
21
  34.122
31
  78.537
39
 0
62
  5
 0
LINE
8
default
6
CONTINUOUS
10
 303.983
20
  34.122
30
  78.537
11
 303.224
21
  34.218
31
  79.787
39
 0
62
  5
 0
LINE
8
default
6
CONTINUOUS
10
-303.983
20
  34.122
30
  78.537
11
-303.224
21
  34.218
31
  79.787
39
 0
62
  5
 0
LINE
8
default
6
CONTINUOUS
10
 303.224
20
  34.218
30
  79.787
11
 302.885
21
  34.449
31
  80.346
39
 0
62
  5
 0
LINE
8
default
6
CONTINUOUS
10
-303.224
20
  34.218
30
  79.787
11
-302.885
21
  34.449
31
  80.346
39
 0
62
  5
 0
LINE
8
default
6
CONTINUOUS
10
 302.885
20
  34.449
30
  80.346
11
 302.466
21
  34.804
31
  81.036
39
 0
62
  5
 0
LINE
8
default
6
CONTINUOUS
10
-302.885
20
  34.449
30
  80.346
11
-302.466
21
  34.804
31
  81.036
39
 0
62
  5
 0
LINE
8
default
6
CONTINUOUS
10
 302.466
20
  34.804
30
  81.036
11
 302.084
21
  35.287
31
  81.666
39
 0
62
  5
 0
LINE
8
default
6
CONTINUOUS
10
-302.466
20
  34.804
30
  81.036
11
-302.084
21
  35.287
31
  81.666
39
 0
62
  5
 0
LINE
8
default
6
CONTINUOUS
10
 302.084
20
  35.287
30
  81.666
11
 301.725
21
  35.903
31
  82.257
39
 0
62
  5
 0
LINE
8
default
6
CONTINUOUS
10
-302.084
20
  35.287
30
  81.666
11
-301.725
21
  35.903
31
  82.257
39
 0
62
  5
 0
LINE
8
default
6
CONTINUOUS
10
 301.725
20
  35.903
30
  82.257
11
 301.398
21
  36.648
31
  82.797
39
 0
62
  5
 0
LINE
8
default
6
CONTINUOUS
10
-301.725
20
  35.903
30
  82.257
11
-301.398
21
  36.648
31
  82.797
39
 0
62
  5
 0
LINE
8
default
6
CONTINUOUS
10
 301.398
20
  36.648
30
  82.797
11
 301.086
21
  37.521
31
  83.311
39
 0
62
  5
 0
LINE
8
default
6
CONTINUOUS
10
-301.398
20
  36.648
30
  82.797
11
-301.086
21
  37.521
31
  83.311
39
 0
62
  5
 0
LINE
8
default
6
CONTINUOUS
10
 301.086
20
  37.521
30
  83.311
11
 300.916
21
  38.069
31
  83.591
39
 0
62
  5
 0
LINE
8
default
6
CONTINUOUS
10
-301.086
20
  37.521
30
  83.311
11
-300.916
21
  38.069
31
  83.591
39
 0
62
  5
 0
LINE
8
default
6
CONTINUOUS
10
 300.916
20
  38.069
30
  83.591
11
 300.778
21
  38.513
31
  83.818
39
 0
62
  1
 0
LINE
8
default
6
CONTINUOUS
10
-300.916
20
  38.069
30
  83.591
11
-300.778
21
  38.513
31
  83.818
39
 0
62
  1
 0
LINE
8
default
6
CONTINUOUS
10
 300.778
20
  38.513
30
  83.818
11
 300.474
21
  39.611
31
  84.319
39
 0
62
  1
 0
LINE
8
default
6
CONTINUOUS
10
-300.778
20
  38.513
30
  83.818
11
-300.474
21
  39.611
31
  84.319
39
 0
62
  1
 0
LINE
8
default
6
CONTINUOUS
10
 300.474
20
  39.611
30
  84.319
11
 300.174
21
  40.825
31
  84.813
39
 0
62
  1
 0
LINE
8
default
6
CONTINUOUS
10
-300.474
20
  39.611
30
  84.319
11
-300.174
21
  40.825
31
  84.813
39
 0
62
  1
 0
LINE
8
default
6
CONTINUOUS
10
 300.174
20
  40.825
30
  84.813
11
 299.880
21
  42.175
31
  85.298
39
 0
62
  1
 0
LINE
8
default
6
CONTINUOUS
10
-300.174
20
  40.825
30
  84.813
11
-299.880
21
  42.175
31
  85.298
39
 0
62
  1
 0
LINE
8
default
6
CONTINUOUS
10
 299.880
20
  42.175
30
  85.298
11
 299.589
21
  43.679
31
  85.778
39
 0
62
  1
 0
LINE
8
default
6
CONTINUOUS
10
-299.880
20
  42.175
30
  85.298
11
-299.589
21
  43.679
31
  85.778
39
 0
62
  1
 0
LINE
8
default
6
CONTINUOUS
10
 299.589
20
  43.679
30
  85.778
11
 299.299
21
  45.367
31
  86.256
39
 0
62
  1
 0
LINE
8
default
6
CONTINUOUS
10
-299.589
20
  43.679
30
  85.778
11
-299.299
21
  45.367
31
  86.256
39
 0
62
  1
 0
LINE
8
default
6
CONTINUOUS
10
 299.299
20
  45.367
30
  86.256
11
 299.032
21
  47.088
31
  86.695
39
 0
62
  1
 0
LINE
8
default
6
CONTINUOUS
10
-299.299
20
  45.367
30
  86.256
11
-299.032
21
  47.088
31
  86.695
39
 0
62
  1
 0
LINE
8
default
6
CONTINUOUS
10
 299.032
20
  47.088
30
  86.695
11
 298.650
21
  49.849
31
  87.325
39
 0
62
  1
 0
LINE
8
default
6
CONTINUOUS
10
-299.032
20
  47.088
30
  86.695
11
-298.650
21
  49.849
31
  87.325
39
 0
62
  1
 0
LINE
8
default
6
CONTINUOUS
10
 298.650
20
  49.849
30
  87.325
11
 298.397
21
  51.868
31
  87.742
39
 0
62
  3
 0
LINE
8
default
6
CONTINUOUS
10
-298.650
20
  49.849
30
  87.325
11
-298.397
21
  51.868
31
  87.742
39
 0
62
  3
 0
LINE
8
default
6
CONTINUOUS
10
 298.397
20
  51.868
30
  87.742
11
 298.077
21
  54.668
31
  88.269
39
 0
62
  3
 0
LINE
8
default
6
CONTINUOUS
10
-298.397
20
  51.868
30
  87.742
11
-298.077
21
  54.668
31
  88.269
39
 0
62
  3
 0
LINE
8
default
6
CONTINUOUS
10
 298.077
20
  54.668
30
  88.269
11
 297.744
21
  57.881
31
  88.818
39
 0
62
  3
 0
LINE
8
default
6
CONTINUOUS
10
-298.077
20
  54.668
30
  88.269
11
-297.744
21
  57.881
31
  88.818
39
 0
62
  3
 0
LINE
8
default
6
CONTINUOUS
10
 297.744
20
  57.881
30
  88.818
11
 297.397
21
  61.590
31
  89.390
39
 0
62
  3
 0
LINE
8
default
6
CONTINUOUS
10
-297.744
20
  57.881
30
  88.818
11
-297.397
21
  61.590
31
  89.390
39
 0
62
  3
 0
LINE
8
default
6
CONTINUOUS
10
 297.397
20
  61.590
30
  89.390
11
 297.040
21
  65.863
31
  89.979
39
 0
62
  3
 0
LINE
8
default
6
CONTINUOUS
10
-297.397
20
  61.590
30
  89.390
11
-297.040
21
  65.863
31
  89.979
39
 0
62
  3
 0
LINE
8
default
6
CONTINUOUS
10
 297.040
20
  65.863
30
  89.979
11
 296.679
21
  70.747
31
  90.573
39
 0
62
  3
 0
LINE
8
default
6
CONTINUOUS
10
-297.040
20
  65.863
30
  89.979
11
-296.679
21
  70.747
31
  90.573
39
 0
62
  3
 0
LINE
8
default
6
CONTINUOUS
10
 296.679
20
  70.747
30
  90.573
11
 296.334
21
  76.235
31
  91.141
39
 0
62
  3
 0
LINE
8
default
6
CONTINUOUS
10
-296.679
20
  70.747
30
  90.573
11
-296.334
21
  76.235
31
  91.141
39
 0
62
  3
 0
LINE
8
default
6
CONTINUOUS
10
 296.334
20
  76.235
30
  91.141
11
 296.016
21
  82.252
31
  91.666
39
 0
62
  3
 0
LINE
8
default
6
CONTINUOUS
10
-296.334
20
  76.235
30
  91.141
11
-296.016
21
  82.252
31
  91.666
39
 0
62
  3
 0
LINE
8
default
6
CONTINUOUS
10
 296.016
20
  82.252
30
  91.666
11
 295.734
21
  88.662
31
  92.131
39
 0
62
  3
 0
LINE
8
default
6
CONTINUOUS
10
-296.016
20
  82.252
30
  91.666
11
-295.734
21
  88.662
31
  92.131
39
 0
62
  3
 0
LINE
8
default
6
CONTINUOUS
10
 295.734
20
  88.662
30
  92.131
11
 295.491
21
  95.376
31
  92.530
39
 0
62
  3
 0
LINE
8
default
6
CONTINUOUS
10
-295.734
20
  88.662
30
  92.131
11
-295.491
21
  95.376
31
  92.530
39
 0
62
  3
 0
LINE
8
default
6
CONTINUOUS
10
 295.491
20
  95.376
30
  92.530
11
 295.293
21
 102.313
31
  92.857
39
 0
62
  3
 0
LINE
8
default
6
CONTINUOUS
10
-295.491
20
  95.376
30
  92.530
11
-295.293
21
 102.313
31
  92.857
39
 0
62
  3
 0
LINE
8
default
6
CONTINUOUS
10
 295.293
20
 102.313
30
  92.857
11
 295.140
21
 109.397
31
  93.109
39
 0
62
  3
 0
LINE
8
default
6
CONTINUOUS
10
-295.293
20
 102.313
30
  92.857
11
-295.140
21
 109.397
31
  93.109
39
 0
62
  3
 0
LINE
8
default
6
CONTINUOUS
10
 295.140
20
 109.397
30
  93.109
11
 295.036
21
 116.558
31
  93.281
39
 0
62
  3
 0
LINE
8
default
6
CONTINUOUS
10
-295.140
20
 109.397
30
  93.109
11
-295.036
21
 116.558
31
  93.281
39
 0
62
  3
 0
LINE
8
default
6
CONTINUOUS
10
 295.036
20
 116.558
30
  93.281
11
 294.982
21
 123.740
31
  93.369
39
 0
62
  3
 0
LINE
8
default
6
CONTINUOUS
10
-295.036
20
 116.558
30
  93.281
11
-294.982
21
 123.740
31
  93.369
39
 0
62
  3
 0
LINE
8
default
6
CONTINUOUS
10
 294.982
20
 123.740
30
  93.369
11
 294.984
21
 130.926
31
  93.367
39
 0
62
  3
 0
LINE
8
default
6
CONTINUOUS
10
-294.982
20
 123.740
30
  93.369
11
-294.984
21
 130.926
31
  93.367
39
 0
62
  3
 0
LINE
8
default
6
CONTINUOUS
10
 294.984
20
 130.926
30
  93.367
11
 295.035
21
 138.127
31
  93.283
39
 0
62
  3
 0
LINE
8
default
6
CONTINUOUS
10
-294.984
20
 130.926
30
  93.367
11
-295.035
21
 138.127
31
  93.283
39
 0
62
  3
 0
LINE
8
default
6
CONTINUOUS
10
 295.035
20
 138.127
30
  93.283
11
 295.133
21
 145.363
31
  93.122
39
 0
62
  3
 0
LINE
8
default
6
CONTINUOUS
10
-295.035
20
 138.127
30
  93.283
11
-295.133
21
 145.363
31
  93.122
39
 0
62
  3
 0
LINE
8
default
6
CONTINUOUS
10
 295.133
20
 145.363
30
  93.122
11
 295.270
21
 152.669
31
  92.895
39
 0
62
  3
 0
LINE
8
default
6
CONTINUOUS
10
-295.133
20
 145.363
30
  93.122
11
-295.270
21
 152.669
31
  92.895
39
 0
62
  3
 0
LINE
8
default
6
CONTINUOUS
10
 295.270
20
 152.669
30
  92.895
11
 295.445
21
 160.051
31
  92.606
39
 0
62
  3
 0
LINE
8
default
6
CONTINUOUS
10
-295.270
20
 152.669
30
  92.895
11
-295.445
21
 160.051
31
  92.606
39
 0
62
  3
 0
LINE
8
default
6
CONTINUOUS
10
 295.445
20
 160.051
30
  92.606
11
 295.657
21
 167.489
31
  92.258
39
 0
62
  3
 0
LINE
8
default
6
CONTINUOUS
10
-295.445
20
 160.051
30
  92.606
11
-295.657
21
 167.489
31
  92.258
39
 0
62
  3
 0
LINE
8
default
6
CONTINUOUS
10
 295.657
20
 167.489
30
  92.258
11
 295.901
21
 174.961
31
  91.856
39
 0
62
  3
 0
LINE
8
default
6
CONTINUOUS
10
-295.657
20
 167.489
30
  92.258
11
-295.901
21
 174.961
31
  91.856
39
 0
62
  3
 0
LINE
8
default
6
CONTINUOUS
10
 295.901
20
 174.961
30
  91.856
11
 296.177
21
 182.444
31
  91.400
39
 0
62
  3
 0
LINE
8
default
6
CONTINUOUS
10
-295.901
20
 174.961
30
  91.856
11
-296.177
21
 182.444
31
  91.400
39
 0
62
  3
 0
LINE
8
default
6
CONTINUOUS
10
 296.177
20
 182.444
30
  91.400
11
 296.485
21
 189.936
31
  90.893
39
 0
62
  3
 0
LINE
8
default
6
CONTINUOUS
10
-296.177
20
 182.444
30
  91.400
11
-296.485
21
 189.936
31
  90.893
39
 0
62
  3
 0
LINE
8
default
6
CONTINUOUS
10
 296.485
20
 189.936
30
  90.893
11
 296.822
21
 197.448
31
  90.337
39
 0
62
  3
 0
LINE
8
default
6
CONTINUOUS
10
-296.485
20
 189.936
30
  90.893
11
-296.822
21
 197.448
31
  90.337
39
 0
62
  3
 0
LINE
8
default
6
CONTINUOUS
10
 296.822
20
 197.448
30
  90.337
11
 297.189
21
 204.986
31
  89.733
39
 0
62
  3
 0
LINE
8
default
6
CONTINUOUS
10
-296.822
20
 197.448
30
  90.337
11
-297.189
21
 204.986
31
  89.733
39
 0
62
  3
 0
LINE
8
default
6
CONTINUOUS
10
 297.189
20
 204.986
30
  89.733
11
 297.583
21
 212.545
31
  89.083
39
 0
62
  3
 0
LINE
8
default
6
CONTINUOUS
10
-297.189
20
 204.986
30
  89.733
11
-297.583
21
 212.545
31
  89.083
39
 0
62
  3
 0
LINE
8
default
6
CONTINUOUS
10
 297.583
20
 212.545
30
  89.083
11
 298.002
21
 220.110
31
  88.394
39
 0
62
  3
 0
LINE
8
default
6
CONTINUOUS
10
-297.583
20
 212.545
30
  89.083
11
-298.002
21
 220.110
31
  88.394
39
 0
62
  3
 0
LINE
8
default
6
CONTINUOUS
10
 298.002
20
 220.110
30
  88.394
11
 298.442
21
 227.652
31
  87.667
39
 0
62
  3
 0
LINE
8
default
6
CONTINUOUS
10
-298.002
20
 220.110
30
  88.394
11
-298.442
21
 227.652
31
  87.667
39
 0
62
  3
 0
LINE
8
default
6
CONTINUOUS
10
 298.442
20
 227.652
30
  87.667
11
 298.899
21
 235.162
31
  86.915
39
 0
62
  3
 0
LINE
8
default
6
CONTINUOUS
10
-298.442
20
 227.652
30
  87.667
11
-298.899
21
 235.162
31
  86.915
39
 0
62
  3
 0
LINE
8
default
6
CONTINUOUS
10
 298.899
20
 235.162
30
  86.915
11
 299.371
21
 242.675
31
  86.137
39
 0
62
  3
 0
LINE
8
default
6
CONTINUOUS
10
-298.899
20
 235.162
30
  86.915
11
-299.371
21
 242.675
31
  86.137
39
 0
62
  3
 0
LINE
8
default
6
CONTINUOUS
10
 299.371
20
 242.675
30
  86.137
11
 299.858
21
 250.247
31
  85.334
39
 0
62
  3
 0
LINE
8
default
6
CONTINUOUS
10
-299.371
20
 242.675
30
  86.137
11
-299.858
21
 250.247
31
  85.334
39
 0
62
  3
 0
LINE
8
default
6
CONTINUOUS
10
 299.858
20
 250.247
30
  85.334
11
 300.363
21
 257.882
31
  84.503
39
 0
62
  3
 0
LINE
8
default
6
CONTINUOUS
10
-299.858
20
 250.247
30
  85.334
11
-300.363
21
 257.882
31
  84.503
39
 0
62
  3
 0
LINE
8
default
6
CONTINUOUS
10
 300.363
20
 257.882
30
  84.503
11
 300.863
21
 265.305
31
  83.679
39
 0
62
  3
 0
LINE
8
default
6
CONTINUOUS
10
-300.363
20
 257.882
30
  84.503
11
-300.863
21
 265.305
31
  83.679
39
 0
62
  3
 0
LINE
8
default
6
CONTINUOUS
10
 300.863
20
 265.305
30
  83.679
11
 301.327
21
 272.092
31
  82.914
39
 0
62
  3
 0
LINE
8
default
6
CONTINUOUS
10
-300.863
20
 265.305
30
  83.679
11
-301.327
21
 272.092
31
  82.914
39
 0
62
  3
 0
LINE
8
default
6
CONTINUOUS
10
 301.327
20
 272.092
30
  82.914
11
 301.737
21
 277.984
31
  82.238
39
 0
62
  3
 0
LINE
8
default
6
CONTINUOUS
10
-301.327
20
 272.092
30
  82.914
11
-301.737
21
 277.984
31
  82.238
39
 0
62
  3
 0
LINE
8
default
6
CONTINUOUS
10
 301.737
20
 277.984
30
  82.238
11
 302.090
21
 283.008
31
  81.655
39
 0
62
  3
 0
LINE
8
default
6
CONTINUOUS
10
-301.737
20
 277.984
30
  82.238
11
-302.090
21
 283.008
31
  81.655
39
 0
62
  3
 0
LINE
8
default
6
CONTINUOUS
10
 302.090
20
 283.008
30
  81.655
11
 302.300
21
 285.956
31
  81.310
39
 0
62
  3
 0
LINE
8
default
6
CONTINUOUS
10
-302.090
20
 283.008
30
  81.655
11
-302.300
21
 285.956
31
  81.310
39
 0
62
  3
 0
LINE
8
default
6
CONTINUOUS
10
 333.052
20
 281.131
30
 102.316
11
 333.400
21
 278.413
31
 101.833
39
 0
62
  5
 0
LINE
8
default
6
CONTINUOUS
10
-333.052
20
 281.131
30
 102.316
11
-333.400
21
 278.413
31
 101.833
39
 0
62
  5
 0
LINE
8
default
6
CONTINUOUS
10
 333.400
20
 278.413
30
 101.833
11
 333.988
21
 273.780
31
 101.017
39
 0
62
  5
 0
LINE
8
default
6
CONTINUOUS
10
-333.400
20
 278.413
30
 101.833
11
-333.988
21
 273.780
31
 101.017
39
 0
62
  5
 0
LINE
8
default
6
CONTINUOUS
10
 333.988
20
 273.780
30
 101.017
11
 334.674
21
 268.350
31
 100.065
39
 0
62
  5
 0
LINE
8
default
6
CONTINUOUS
10
-333.988
20
 273.780
30
 101.017
11
-334.674
21
 268.350
31
 100.065
39
 0
62
  5
 0
LINE
8
default
6
CONTINUOUS
10
 334.674
20
 268.350
30
 100.065
11
 335.455
21
 262.088
31
  98.981
39
 0
62
  5
 0
LINE
8
default
6
CONTINUOUS
10
-334.674
20
 268.350
30
 100.065
11
-335.455
21
 262.088
31
  98.981
39
 0
62
  5
 0
LINE
8
default
6
CONTINUOUS
10
 335.455
20
 262.088
30
  98.981
11
 336.301
21
 255.228
31
  97.807
39
 0
62
  5
 0
LINE
8
default
6
CONTINUOUS
10
-335.455
20
 262.088
30
  98.981
11
-336.301
21
 255.228
31
  97.807
39
 0
62
  5
 0
LINE
8
default
6
CONTINUOUS
10
 336.301
20
 255.228
30
  97.807
11
 337.161
21
 248.171
31
  96.615
39
 0
62
  5
 0
LINE
8
default
6
CONTINUOUS
10
-336.301
20
 255.228
30
  97.807
11
-337.161
21
 248.171
31
  96.615
39
 0
62
  5
 0
LINE
8
default
6
CONTINUOUS
10
 337.161
20
 248.171
30
  96.615
11
 338.000
21
 241.165
31
  95.450
39
 0
62
  5
 0
LINE
8
default
6
CONTINUOUS
10
-337.161
20
 248.171
30
  96.615
11
-338.000
21
 241.165
31
  95.450
39
 0
62
  5
 0
LINE
8
default
6
CONTINUOUS
10
 338.000
20
 241.165
30
  95.450
11
 338.820
21
 234.211
31
  94.312
39
 0
62
  5
 0
LINE
8
default
6
CONTINUOUS
10
-338.000
20
 241.165
30
  95.450
11
-338.820
21
 234.211
31
  94.312
39
 0
62
  5
 0
LINE
8
default
6
CONTINUOUS
10
 338.820
20
 234.211
30
  94.312
11
 339.628
21
 227.239
31
  93.192
39
 0
62
  5
 0
LINE
8
default
6
CONTINUOUS
10
-338.820
20
 234.211
30
  94.312
11
-339.628
21
 227.239
31
  93.192
39
 0
62
  5
 0
LINE
8
default
6
CONTINUOUS
10
 339.628
20
 227.239
30
  93.192
11
 340.423
21
 220.218
31
  92.088
39
 0
62
  5
 0
LINE
8
default
6
CONTINUOUS
10
-339.628
20
 227.239
30
  93.192
11
-340.423
21
 220.218
31
  92.088
39
 0
62
  5
 0
LINE
8
default
6
CONTINUOUS
10
 340.423
20
 220.218
30
  92.088
11
 341.206
21
 213.135
31
  91.002
39
 0
62
  5
 0
LINE
8
default
6
CONTINUOUS
10
-340.423
20
 220.218
30
  92.088
11
-341.206
21
 213.135
31
  91.002
39
 0
62
  5
 0
LINE
8
default
6
CONTINUOUS
10
 341.206
20
 213.135
30
  91.002
11
 341.975
21
 206.017
31
  89.934
39
 0
62
  5
 0
LINE
8
default
6
CONTINUOUS
10
-341.206
20
 213.135
30
  91.002
11
-341.975
21
 206.017
31
  89.934
39
 0
62
  5
 0
LINE
8
default
6
CONTINUOUS
10
 341.975
20
 206.017
30
  89.934
11
 342.725
21
 198.879
31
  88.894
39
 0
62
  5
 0
LINE
8
default
6
CONTINUOUS
10
-341.975
20
 206.017
30
  89.934
11
-342.725
21
 198.879
31
  88.894
39
 0
62
  5
 0
LINE
8
default
6
CONTINUOUS
10
 342.725
20
 198.879
30
  88.894
11
 343.459
21
 191.738
31
  87.876
39
 0
62
  5
 0
LINE
8
default
6
CONTINUOUS
10
-342.725
20
 198.879
30
  88.894
11
-343.459
21
 191.738
31
  87.876
39
 0
62
  5
 0
LINE
8
default
6
CONTINUOUS
10
 343.459
20
 191.738
30
  87.876
11
 344.175
21
 184.606
31
  86.883
39
 0
62
  5
 0
LINE
8
default
6
CONTINUOUS
10
-343.459
20
 191.738
30
  87.876
11
-344.175
21
 184.606
31
  86.883
39
 0
62
  5
 0
LINE
8
default
6
CONTINUOUS
10
 344.175
20
 184.606
30
  86.883
11
 344.875
21
 177.490
31
  85.911
39
 0
62
  5
 0
LINE
8
default
6
CONTINUOUS
10
-344.175
20
 184.606
30
  86.883
11
-344.875
21
 177.490
31
  85.911
39
 0
62
  5
 0
LINE
8
default
6
CONTINUOUS
10
 344.875
20
 177.490
30
  85.911
11
 345.556
21
 170.395
31
  84.966
39
 0
62
  5
 0
LINE
8
default
6
CONTINUOUS
10
-344.875
20
 177.490
30
  85.911
11
-345.556
21
 170.395
31
  84.966
39
 0
62
  5
 0
LINE
8
default
6
CONTINUOUS
10
 345.556
20
 170.395
30
  84.966
11
 346.217
21
 163.327
31
  84.048
39
 0
62
  5
 0
LINE
8
default
6
CONTINUOUS
10
-345.556
20
 170.395
30
  84.966
11
-346.217
21
 163.327
31
  84.048
39
 0
62
  5
 0
LINE
8
default
6
CONTINUOUS
10
 346.217
20
 163.327
30
  84.048
11
 346.856
21
 156.292
31
  83.161
39
 0
62
  5
 0
LINE
8
default
6
CONTINUOUS
10
-346.217
20
 163.327
30
  84.048
11
-346.856
21
 156.292
31
  83.161
39
 0
62
  5
 0
LINE
8
default
6
CONTINUOUS
10
 346.856
20
 156.292
30
  83.161
11
 347.470
21
 149.298
31
  82.310
39
 0
62
  5
 0
LINE
8
default
6
CONTINUOUS
10
-346.856
20
 156.292
30
  83.161
11
-347.470
21
 149.298
31
  82.310
39
 0
62
  5
 0
LINE
8
default
6
CONTINUOUS
10
 347.470
20
 149.298
30
  82.310
11
 348.056
21
 142.367
31
  81.497
39
 0
62
  5
 0
LINE
8
default
6
CONTINUOUS
10
-347.470
20
 149.298
30
  82.310
11
-348.056
21
 142.367
31
  81.497
39
 0
62
  5
 0
LINE
8
default
6
CONTINUOUS
10
 348.056
20
 142.367
30
  81.497
11
 348.609
21
 135.510
31
  80.729
39
 0
62
  5
 0
LINE
8
default
6
CONTINUOUS
10
-348.056
20
 142.367
30
  81.497
11
-348.609
21
 135.510
31
  80.729
39
 0
62
  5
 0
LINE
8
default
6
CONTINUOUS
10
 348.609
20
 135.510
30
  80.729
11
 349.130
21
 128.761
31
  80.007
39
 0
62
  5
 0
LINE
8
default
6
CONTINUOUS
10
-348.609
20
 135.510
30
  80.729
11
-349.130
21
 128.761
31
  80.007
39
 0
62
  5
 0
LINE
8
default
6
CONTINUOUS
10
 349.130
20
 128.761
30
  80.007
11
 349.608
21
 122.165
31
  79.344
39
 0
62
  5
 0
LINE
8
default
6
CONTINUOUS
10
-349.130
20
 128.761
30
  80.007
11
-349.608
21
 122.165
31
  79.344
39
 0
62
  5
 0
LINE
8
default
6
CONTINUOUS
10
 349.608
20
 122.165
30
  79.344
11
 350.032
21
 115.777
31
  78.754
39
 0
62
  5
 0
LINE
8
default
6
CONTINUOUS
10
-349.608
20
 122.165
30
  79.344
11
-350.032
21
 115.777
31
  78.754
39
 0
62
  5
 0
LINE
8
default
6
CONTINUOUS
10
 350.032
20
 115.777
30
  78.754
11
 350.394
21
 109.662
31
  78.253
39
 0
62
  5
 0
LINE
8
default
6
CONTINUOUS
10
-350.032
20
 115.777
30
  78.754
11
-350.394
21
 109.662
31
  78.253
39
 0
62
  5
 0
LINE
8
default
6
CONTINUOUS
10
 350.394
20
 109.662
30
  78.253
11
 350.686
21
 103.866
31
  77.848
39
 0
62
  5
 0
LINE
8
default
6
CONTINUOUS
10
-350.394
20
 109.662
30
  78.253
11
-350.686
21
 103.866
31
  77.848
39
 0
62
  5
 0
LINE
8
default
6
CONTINUOUS
10
 350.686
20
 103.866
30
  77.848
11
 350.895
21
  98.412
31
  77.558
39
 0
62
  5
 0
LINE
8
default
6
CONTINUOUS
10
-350.686
20
 103.866
30
  77.848
11
-350.895
21
  98.412
31
  77.558
39
 0
62
  5
 0
LINE
8
default
6
CONTINUOUS
10
 350.895
20
  98.412
30
  77.558
11
 351.012
21
  93.306
31
  77.395
39
 0
62
  5
 0
LINE
8
default
6
CONTINUOUS
10
-350.895
20
  98.412
30
  77.558
11
-351.012
21
  93.306
31
  77.395
39
 0
62
  5
 0
LINE
8
default
6
CONTINUOUS
10
 351.012
20
  93.306
30
  77.395
11
 351.028
21
  88.550
31
  77.373
39
 0
62
  5
 0
LINE
8
default
6
CONTINUOUS
10
-351.012
20
  93.306
30
  77.395
11
-351.028
21
  88.550
31
  77.373
39
 0
62
  5
 0
LINE
8
default
6
CONTINUOUS
10
 351.028
20
  88.550
30
  77.373
11
 350.943
21
  84.142
31
  77.491
39
 0
62
  5
 0
LINE
8
default
6
CONTINUOUS
10
-351.028
20
  88.550
30
  77.373
11
-350.943
21
  84.142
31
  77.491
39
 0
62
  5
 0
LINE
8
default
6
CONTINUOUS
10
 350.943
20
  84.142
30
  77.491
11
 350.752
21
  80.069
31
  77.756
39
 0
62
  5
 0
LINE
8
default
6
CONTINUOUS
10
-350.943
20
  84.142
30
  77.491
11
-350.752
21
  80.069
31
  77.756
39
 0
62
  5
 0
LINE
8
default
6
CONTINUOUS
10
 350.752
20
  80.069
30
  77.756
11
 350.462
21
  76.325
31
  78.159
39
 0
62
  5
 0
LINE
8
default
6
CONTINUOUS
10
-350.752
20
  80.069
30
  77.756
11
-350.462
21
  76.325
31
  78.159
39
 0
62
  5
 0
LINE
8
default
6
CONTINUOUS
10
 350.462
20
  76.325
30
  78.159
11
 350.074
21
  72.888
31
  78.697
39
 0
62
  5
 0
LINE
8
default
6
CONTINUOUS
10
-350.462
20
  76.325
30
  78.159
11
-350.074
21
  72.888
31
  78.697
39
 0
62
  5
 0
LINE
8
default
6
CONTINUOUS
10
 350.074
20
  72.888
30
  78.697
11
 349.590
21
  69.743
31
  79.368
39
 0
62
  5
 0
LINE
8
default
6
CONTINUOUS
10
-350.074
20
  72.888
30
  78.697
11
-349.590
21
  69.743
31
  79.368
39
 0
62
  5
 0
LINE
8
default
6
CONTINUOUS
10
 349.590
20
  69.743
30
  79.368
11
 349.018
21
  66.865
31
  80.163
39
 0
62
  5
 0
LINE
8
default
6
CONTINUOUS
10
-349.590
20
  69.743
30
  79.368
11
-349.018
21
  66.865
31
  80.163
39
 0
62
  5
 0
LINE
8
default
6
CONTINUOUS
10
 349.018
20
  66.865
30
  80.163
11
 348.369
21
  64.246
31
  81.062
39
 0
62
  5
 0
LINE
8
default
6
CONTINUOUS
10
-349.018
20
  66.865
30
  80.163
11
-348.369
21
  64.246
31
  81.062
39
 0
62
  5
 0
LINE
8
default
6
CONTINUOUS
10
 348.369
20
  64.246
30
  81.062
11
 347.667
21
  61.877
31
  82.036
39
 0
62
  5
 0
LINE
8
default
6
CONTINUOUS
10
-348.369
20
  64.246
30
  81.062
11
-347.667
21
  61.877
31
  82.036
39
 0
62
  5
 0
LINE
8
default
6
CONTINUOUS
10
 347.667
20
  61.877
30
  82.036
11
 346.930
21
  59.743
31
  83.059
39
 0
62
  5
 0
LINE
8
default
6
CONTINUOUS
10
-347.667
20
  61.877
30
  82.036
11
-346.930
21
  59.743
31
  83.059
39
 0
62
  5
 0
LINE
8
default
6
CONTINUOUS
10
 346.930
20
  59.743
30
  83.059
11
 346.177
21
  57.834
31
  84.104
39
 0
62
  5
 0
LINE
8
default
6
CONTINUOUS
10
-346.930
20
  59.743
30
  83.059
11
-346.177
21
  57.834
31
  84.104
39
 0
62
  5
 0
LINE
8
default
6
CONTINUOUS
10
 346.177
20
  57.834
30
  84.104
11
 345.415
21
  56.126
31
  85.162
39
 0
62
  5
 0
LINE
8
default
6
CONTINUOUS
10
-346.177
20
  57.834
30
  84.104
11
-345.415
21
  56.126
31
  85.162
39
 0
62
  5
 0
LINE
8
default
6
CONTINUOUS
10
 345.415
20
  56.126
30
  85.162
11
 344.655
21
  54.607
31
  86.217
39
 0
62
  5
 0
LINE
8
default
6
CONTINUOUS
10
-345.415
20
  56.126
30
  85.162
11
-344.655
21
  54.607
31
  86.217
39
 0
62
  5
 0
LINE
8
default
6
CONTINUOUS
10
 344.655
20
  54.607
30
  86.217
11
 343.902
21
  53.260
31
  87.260
39
 0
62
  5
 0
LINE
8
default
6
CONTINUOUS
10
-344.655
20
  54.607
30
  86.217
11
-343.902
21
  53.260
31
  87.260
39
 0
62
  5
 0
LINE
8
default
6
CONTINUOUS
10
 343.902
20
  53.260
30
  87.260
11
 343.165
21
  52.067
31
  88.283
39
 0
62
  5
 0
LINE
8
default
6
CONTINUOUS
10
-343.902
20
  53.260
30
  87.260
11
-343.165
21
  52.067
31
  88.283
39
 0
62
  5
 0
LINE
8
default
6
CONTINUOUS
10
 343.165
20
  52.067
30
  88.283
11
 342.441
21
  51.015
31
  89.287
39
 0
62
  5
 0
LINE
8
default
6
CONTINUOUS
10
-343.165
20
  52.067
30
  88.283
11
-342.441
21
  51.015
31
  89.287
39
 0
62
  5
 0
LINE
8
default
6
CONTINUOUS
10
 342.441
20
  51.015
30
  89.287
11
 341.736
21
  50.090
31
  90.267
39
 0
62
  5
 0
LINE
8
default
6
CONTINUOUS
10
-342.441
20
  51.015
30
  89.287
11
-341.736
21
  50.090
31
  90.267
39
 0
62
  5
 0
LINE
8
default
6
CONTINUOUS
10
 341.736
20
  50.090
30
  90.267
11
 341.043
21
  49.279
31
  91.228
39
 0
62
  5
 0
LINE
8
default
6
CONTINUOUS
10
-341.736
20
  50.090
30
  90.267
11
-341.043
21
  49.279
31
  91.228
39
 0
62
  5
 0
LINE
8
default
6
CONTINUOUS
10
 341.043
20
  49.279
30
  91.228
11
 340.365
21
  48.574
31
  92.168
39
 0
62
  5
 0
LINE
8
default
6
CONTINUOUS
10
-341.043
20
  49.279
30
  91.228
11
-340.365
21
  48.574
31
  92.168
39
 0
62
  5
 0
LINE
8
default
6
CONTINUOUS
10
 340.365
20
  48.574
30
  92.168
11
 339.704
21
  47.971
31
  93.085
39
 0
62
  5
 0
LINE
8
default
6
CONTINUOUS
10
-340.365
20
  48.574
30
  92.168
11
-339.704
21
  47.971
31
  93.085
39
 0
62
  5
 0
LINE
8
default
6
CONTINUOUS
10
 339.704
20
  47.971
30
  93.085
11
 339.063
21
  47.462
31
  93.975
39
 0
62
  5
 0
LINE
8
default
6
CONTINUOUS
10
-339.704
20
  47.971
30
  93.085
11
-339.063
21
  47.462
31
  93.975
39
 0
62
  5
 0
LINE
8
default
6
CONTINUOUS
10
 339.063
20
  47.462
30
  93.975
11
 338.446
21
  47.046
31
  94.832
39
 0
62
  5
 0
LINE
8
default
6
CONTINUOUS
10
-339.063
20
  47.462
30
  93.975
11
-338.446
21
  47.046
31
  94.832
39
 0
62
  5
 0
LINE
8
default
6
CONTINUOUS
10
 338.446
20
  47.046
30
  94.832
11
 337.844
21
  46.710
31
  95.667
39
 0
62
  5
 0
LINE
8
default
6
CONTINUOUS
10
-338.446
20
  47.046
30
  94.832
11
-337.844
21
  46.710
31
  95.667
39
 0
62
  5
 0
LINE
8
default
6
CONTINUOUS
10
 337.844
20
  46.710
30
  95.667
11
 337.269
21
  46.441
31
  96.464
39
 0
62
  5
 0
LINE
8
default
6
CONTINUOUS
10
-337.844
20
  46.710
30
  95.667
11
-337.269
21
  46.441
31
  96.464
39
 0
62
  5
 0
LINE
8
default
6
CONTINUOUS
10
 337.269
20
  46.441
30
  96.464
11
 336.681
21
  46.228
31
  97.280
39
 0
62
  5
 0
LINE
8
default
6
CONTINUOUS
10
-337.269
20
  46.441
30
  96.464
11
-336.681
21
  46.228
31
  97.280
39
 0
62
  5
 0
LINE
8
default
6
CONTINUOUS
10
 336.681
20
  46.228
30
  97.280
11
 336.184
21
  46.070
31
  97.970
39
 0
62
  5
 0
LINE
8
default
6
CONTINUOUS
10
-336.681
20
  46.228
30
  97.280
11
-336.184
21
  46.070
31
  97.970
39
 0
62
  5
 0
LINE
8
default
6
CONTINUOUS
10
 336.184
20
  46.070
30
  97.970
11
 335.472
21
  45.971
31
  98.957
39
 0
62
  5
 0
LINE
8
default
6
CONTINUOUS
10
-336.184
20
  46.070
30
  97.970
11
-335.472
21
  45.971
31
  98.957
39
 0
62
  5
 0
LINE
8
default
6
CONTINUOUS
10
 335.472
20
  45.971
30
  98.957
11
 335.416
21
  45.974
31
  99.036
39
 0
62
  5
 0
LINE
8
default
6
CONTINUOUS
10
-335.472
20
  45.971
30
  98.957
11
-335.416
21
  45.974
31
  99.036
39
 0
62
  5
 0
LINE
8
default
6
CONTINUOUS
10
 335.416
20
  45.974
30
  99.036
11
 334.617
21
  46.058
31
 100.144
39
 0
62
  5
 0
LINE
8
default
6
CONTINUOUS
10
-335.416
20
  45.974
30
  99.036
11
-334.617
21
  46.058
31
 100.144
39
 0
62
  5
 0
LINE
8
default
6
CONTINUOUS
10
 334.617
20
  46.058
30
 100.144
11
 334.260
21
  46.271
31
 100.639
39
 0
62
  5
 0
LINE
8
default
6
CONTINUOUS
10
-334.617
20
  46.058
30
 100.144
11
-334.260
21
  46.271
31
 100.639
39
 0
62
  5
 0
LINE
8
default
6
CONTINUOUS
10
 334.260
20
  46.271
30
 100.639
11
 333.818
21
  46.598
31
 101.253
39
 0
62
  5
 0
LINE
8
default
6
CONTINUOUS
10
-334.260
20
  46.271
30
 100.639
11
-333.818
21
  46.598
31
 101.253
39
 0
62
  5
 0
LINE
8
default
6
CONTINUOUS
10
 333.818
20
  46.598
30
 101.253
11
 333.415
21
  47.047
31
 101.812
39
 0
62
  5
 0
LINE
8
default
6
CONTINUOUS
10
-333.818
20
  46.598
30
 101.253
11
-333.415
21
  47.047
31
 101.812
39
 0
62
  5
 0
LINE
8
default
6
CONTINUOUS
10
 333.415
20
  47.047
30
 101.812
11
 333.036
21
  47.619
31
 102.338
39
 0
62
  5
 0
LINE
8
default
6
CONTINUOUS
10
-333.415
20
  47.047
30
 101.812
11
-333.036
21
  47.619
31
 102.338
39
 0
62
  5
 0
LINE
8
default
6
CONTINUOUS
10
 333.036
20
  47.619
30
 102.338
11
 332.689
21
  48.312
31
 102.819
39
 0
62
  5
 0
LINE
8
default
6
CONTINUOUS
10
-333.036
20
  47.619
30
 102.338
11
-332.689
21
  48.312
31
 102.819
39
 0
62
  5
 0
LINE
8
default
6
CONTINUOUS
10
 332.689
20
  48.312
30
 102.819
11
 332.359
21
  49.125
31
 103.277
39
 0
62
  5
 0
LINE
8
default
6
CONTINUOUS
10
-332.689
20
  48.312
30
 102.819
11
-332.359
21
  49.125
31
 103.277
39
 0
62
  5
 0
LINE
8
default
6
CONTINUOUS
10
 332.359
20
  49.125
30
 103.277
11
 332.179
21
  49.635
31
 103.527
39
 0
62
  5
 0
LINE
8
default
6
CONTINUOUS
10
-332.359
20
  49.125
30
 103.277
11
-332.179
21
  49.635
31
 103.527
39
 0
62
  5
 0
LINE
8
default
6
CONTINUOUS
10
 332.179
20
  49.635
30
 103.527
11
 332.033
21
  50.050
31
 103.729
39
 0
62
  1
 0
LINE
8
default
6
CONTINUOUS
10
-332.179
20
  49.635
30
 103.527
11
-332.033
21
  50.050
31
 103.729
39
 0
62
  1
 0
LINE
8
default
6
CONTINUOUS
10
 332.033
20
  50.050
30
 103.729
11
 331.710
21
  51.072
31
 104.177
39
 0
62
  1
 0
LINE
8
default
6
CONTINUOUS
10
-332.033
20
  50.050
30
 103.729
11
-331.710
21
  51.072
31
 104.177
39
 0
62
  1
 0
LINE
8
default
6
CONTINUOUS
10
 331.710
20
  51.072
30
 104.177
11
 331.392
21
  52.204
31
 104.619
39
 0
62
  1
 0
LINE
8
default
6
CONTINUOUS
10
-331.710
20
  51.072
30
 104.177
11
-331.392
21
  52.204
31
 104.619
39
 0
62
  1
 0
LINE
8
default
6
CONTINUOUS
10
 331.392
20
  52.204
30
 104.619
11
 331.079
21
  53.462
31
 105.053
39
 0
62
  1
 0
LINE
8
default
6
CONTINUOUS
10
-331.392
20
  52.204
30
 104.619
11
-331.079
21
  53.462
31
 105.053
39
 0
62
  1
 0
LINE
8
default
6
CONTINUOUS
10
 331.079
20
  53.462
30
 105.053
11
 330.769
21
  54.864
31
 105.483
39
 0
62
  1
 0
LINE
8
default
6
CONTINUOUS
10
-331.079
20
  53.462
30
 105.053
11
-330.769
21
  54.864
31
 105.483
39
 0
62
  1
 0
LINE
8
default
6
CONTINUOUS
10
 330.769
20
  54.864
30
 105.483
11
 330.460
21
  56.438
31
 105.912
39
 0
62
  1
 0
LINE
8
default
6
CONTINUOUS
10
-330.769
20
  54.864
30
 105.483
11
-330.460
21
  56.438
31
 105.912
39
 0
62
  1
 0
LINE
8
default
6
CONTINUOUS
10
 330.460
20
  56.438
30
 105.912
11
 330.175
21
  58.043
31
 106.307
39
 0
62
  1
 0
LINE
8
default
6
CONTINUOUS
10
-330.460
20
  56.438
30
 105.912
11
-330.175
21
  58.043
31
 106.307
39
 0
62
  1
 0
LINE
8
default
6
CONTINUOUS
10
 330.175
20
  58.043
30
 106.307
11
 329.767
21
  60.619
31
 106.874
39
 0
62
  1
 0
LINE
8
default
6
CONTINUOUS
10
-330.175
20
  58.043
30
 106.307
11
-329.767
21
  60.619
31
 106.874
39
 0
62
  1
 0
LINE
8
default
6
CONTINUOUS
10
 329.767
20
  60.619
30
 106.874
11
 329.495
21
  62.502
31
 107.251
39
 0
62
  3
 0
LINE
8
default
6
CONTINUOUS
10
-329.767
20
  60.619
30
 106.874
11
-329.495
21
  62.502
31
 107.251
39
 0
62
  3
 0
LINE
8
default
6
CONTINUOUS
10
 329.495
20
  62.502
30
 107.251
11
 329.152
21
  65.114
31
 107.727
39
 0
62
  3
 0
LINE
8
default
6
CONTINUOUS
10
-329.495
20
  62.502
30
 107.251
11
-329.152
21
  65.114
31
 107.727
39
 0
62
  3
 0
LINE
8
default
6
CONTINUOUS
10
 329.152
20
  65.114
30
 107.727
11
 328.794
21
  68.112
31
 108.224
39
 0
62
  3
 0
LINE
8
default
6
CONTINUOUS
10
-329.152
20
  65.114
30
 107.727
11
-328.794
21
  68.112
31
 108.224
39
 0
62
  3
 0
LINE
8
default
6
CONTINUOUS
10
 328.794
20
  68.112
30
 108.224
11
 328.420
21
  71.573
31
 108.743
39
 0
62
  3
 0
LINE
8
default
6
CONTINUOUS
10
-328.794
20
  68.112
30
 108.224
11
-328.420
21
  71.573
31
 108.743
39
 0
62
  3
 0
LINE
8
default
6
CONTINUOUS
10
 328.420
20
  71.573
30
 108.743
11
 328.034
21
  75.560
31
 109.279
39
 0
62
  3
 0
LINE
8
default
6
CONTINUOUS
10
-328.420
20
  71.573
30
 108.743
11
-328.034
21
  75.560
31
 109.279
39
 0
62
  3
 0
LINE
8
default
6
CONTINUOUS
10
 328.034
20
  75.560
30
 109.279
11
 327.643
21
  80.119
31
 109.821
39
 0
62
  3
 0
LINE
8
default
6
CONTINUOUS
10
-328.034
20
  75.560
30
 109.279
11
-327.643
21
  80.119
31
 109.821
39
 0
62
  3
 0
LINE
8
default
6
CONTINUOUS
10
 327.643
20
  80.119
30
 109.821
11
 327.267
21
  85.240
31
 110.343
39
 0
62
  3
 0
LINE
8
default
6
CONTINUOUS
10
-327.643
20
  80.119
30
 109.821
11
-327.267
21
  85.240
31
 110.343
39
 0
62
  3
 0
LINE
8
default
6
CONTINUOUS
10
 327.267
20
  85.240
30
 110.343
11
 326.918
21
  90.857
31
 110.827
39
 0
62
  3
 0
LINE
8
default
6
CONTINUOUS
10
-327.267
20
  85.240
30
 110.343
11
-326.918
21
  90.857
31
 110.827
39
 0
62
  3
 0
LINE
8
default
6
CONTINUOUS
10
 326.918
20
  90.857
30
 110.827
11
 326.606
21
  96.841
31
 111.260
39
 0
62
  3
 0
LINE
8
default
6
CONTINUOUS
10
-326.918
20
  90.857
30
 110.827
11
-326.606
21
  96.841
31
 111.260
39
 0
62
  3
 0
LINE
8
default
6
CONTINUOUS
10
 326.606
20
  96.841
30
 111.260
11
 326.335
21
 103.109
31
 111.636
39
 0
62
  3
 0
LINE
8
default
6
CONTINUOUS
10
-326.606
20
  96.841
30
 111.260
11
-326.335
21
 103.109
31
 111.636
39
 0
62
  3
 0
LINE
8
default
6
CONTINUOUS
10
 326.335
20
 103.109
30
 111.636
11
 326.110
21
 109.585
31
 111.948
39
 0
62
  3
 0
LINE
8
default
6
CONTINUOUS
10
-326.335
20
 103.109
30
 111.636
11
-326.110
21
 109.585
31
 111.948
39
 0
62
  3
 0
LINE
8
default
6
CONTINUOUS
10
 326.110
20
 109.585
30
 111.948
11
 325.932
21
 116.199
31
 112.195
39
 0
62
  3
 0
LINE
8
default
6
CONTINUOUS
10
-326.110
20
 109.585
30
 111.948
11
-325.932
21
 116.199
31
 112.195
39
 0
62
  3
 0
LINE
8
default
6
CONTINUOUS
10
 325.932
20
 116.199
30
 112.195
11
 325.805
21
 122.885
31
 112.371
39
 0
62
  3
 0
LINE
8
default
6
CONTINUOUS
10
-325.932
20
 116.199
30
 112.195
11
-325.805
21
 122.885
31
 112.371
39
 0
62
  3
 0
LINE
8
default
6
CONTINUOUS
10
 325.805
20
 122.885
30
 112.371
11
 325.732
21
 129.592
31
 112.472
39
 0
62
  3
 0
LINE
8
default
6
CONTINUOUS
10
-325.805
20
 122.885
30
 112.371
11
-325.732
21
 129.592
31
 112.472
39
 0
62
  3
 0
LINE
8
default
6
CONTINUOUS
10
 325.732
20
 129.592
30
 112.472
11
 325.717
21
 136.303
31
 112.494
39
 0
62
  3
 0
LINE
8
default
6
CONTINUOUS
10
-325.732
20
 129.592
30
 112.472
11
-325.717
21
 136.303
31
 112.494
39
 0
62
  3
 0
LINE
8
default
6
CONTINUOUS
10
 325.717
20
 136.303
30
 112.494
11
 325.754
21
 143.027
31
 112.443
39
 0
62
  3
 0
LINE
8
default
6
CONTINUOUS
10
-325.717
20
 136.303
30
 112.494
11
-325.754
21
 143.027
31
 112.443
39
 0
62
  3
 0
LINE
8
default
6
CONTINUOUS
10
 325.754
20
 143.027
30
 112.443
11
 325.839
21
 149.785
31
 112.324
39
 0
62
  3
 0
LINE
8
default
6
CONTINUOUS
10
-325.754
20
 143.027
30
 112.443
11
-325.839
21
 149.785
31
 112.324
39
 0
62
  3
 0
LINE
8
default
6
CONTINUOUS
10
 325.839
20
 149.785
30
 112.324
11
 325.967
21
 156.609
31
 112.146
39
 0
62
  3
 0
LINE
8
default
6
CONTINUOUS
10
-325.839
20
 149.785
30
 112.324
11
-325.967
21
 156.609
31
 112.146
39
 0
62
  3
 0
LINE
8
default
6
CONTINUOUS
10
 325.967
20
 156.609
30
 112.146
11
 326.134
21
 163.504
31
 111.915
39
 0
62
  3
 0
LINE
8
default
6
CONTINUOUS
10
-325.967
20
 156.609
30
 112.146
11
-326.134
21
 163.504
31
 111.915
39
 0
62
  3
 0
LINE
8
default
6
CONTINUOUS
10
 326.134
20
 163.504
30
 111.915
11
 326.339
21
 170.451
31
 111.630
39
 0
62
  3
 0
LINE
8
default
6
CONTINUOUS
10
-326.134
20
 163.504
30
 111.915
11
-326.339
21
 170.451
31
 111.630
39
 0
62
  3
 0
LINE
8
default
6
CONTINUOUS
10
 326.339
20
 170.451
30
 111.630
11
 326.578
21
 177.431
31
 111.299
39
 0
62
  3
 0
LINE
8
default
6
CONTINUOUS
10
-326.339
20
 170.451
30
 111.630
11
-326.578
21
 177.431
31
 111.299
39
 0
62
  3
 0
LINE
8
default
6
CONTINUOUS
10
 326.578
20
 177.431
30
 111.299
11
 326.851
21
 184.421
31
 110.919
39
 0
62
  3
 0
LINE
8
default
6
CONTINUOUS
10
-326.578
20
 177.431
30
 111.299
11
-326.851
21
 184.421
31
 110.919
39
 0
62
  3
 0
LINE
8
default
6
CONTINUOUS
10
 326.851
20
 184.421
30
 110.919
11
 327.157
21
 191.419
31
 110.495
39
 0
62
  3
 0
LINE
8
default
6
CONTINUOUS
10
-326.851
20
 184.421
30
 110.919
11
-327.157
21
 191.419
31
 110.495
39
 0
62
  3
 0
LINE
8
default
6
CONTINUOUS
10
 327.157
20
 191.419
30
 110.495
11
 327.495
21
 198.437
31
 110.026
39
 0
62
  3
 0
LINE
8
default
6
CONTINUOUS
10
-327.157
20
 191.419
30
 110.495
11
-327.495
21
 198.437
31
 110.026
39
 0
62
  3
 0
LINE
8
default
6
CONTINUOUS
10
 327.495
20
 198.437
30
 110.026
11
 327.863
21
 205.479
31
 109.516
39
 0
62
  3
 0
LINE
8
default
6
CONTINUOUS
10
-327.495
20
 198.437
30
 110.026
11
-327.863
21
 205.479
31
 109.516
39
 0
62
  3
 0
LINE
8
default
6
CONTINUOUS
10
 327.863
20
 205.479
30
 109.516
11
 328.260
21
 212.541
31
 108.964
39
 0
62
  3
 0
LINE
8
default
6
CONTINUOUS
10
-327.863
20
 205.479
30
 109.516
11
-328.260
21
 212.541
31
 108.964
39
 0
62
  3
 0
LINE
8
default
6
CONTINUOUS
10
 328.260
20
 212.541
30
 108.964
11
 328.683
21
 219.608
31
 108.378
39
 0
62
  3
 0
LINE
8
default
6
CONTINUOUS
10
-328.260
20
 212.541
30
 108.964
11
-328.683
21
 219.608
31
 108.378
39
 0
62
  3
 0
LINE
8
default
6
CONTINUOUS
10
 328.683
20
 219.608
30
 108.378
11
 329.129
21
 226.655
31
 107.759
39
 0
62
  3
 0
LINE
8
default
6
CONTINUOUS
10
-328.683
20
 219.608
30
 108.378
11
-329.129
21
 226.655
31
 107.759
39
 0
62
  3
 0
LINE
8
default
6
CONTINUOUS
10
 329.129
20
 226.655
30
 107.759
11
 329.591
21
 233.672
31
 107.117
39
 0
62
  3
 0
LINE
8
default
6
CONTINUOUS
10
-329.129
20
 226.655
30
 107.759
11
-329.591
21
 233.672
31
 107.117
39
 0
62
  3
 0
LINE
8
default
6
CONTINUOUS
10
 329.591
20
 233.672
30
 107.117
11
 330.071
21
 240.691
31
 106.452
39
 0
62
  3
 0
LINE
8
default
6
CONTINUOUS
10
-329.591
20
 233.672
30
 107.117
11
-330.071
21
 240.691
31
 106.452
39
 0
62
  3
 0
LINE
8
default
6
CONTINUOUS
10
 330.071
20
 240.691
30
 106.452
11
 330.566
21
 247.766
31
 105.765
39
 0
62
  3
 0
LINE
8
default
6
CONTINUOUS
10
-330.071
20
 240.691
30
 106.452
11
-330.566
21
 247.766
31
 105.765
39
 0
62
  3
 0
LINE
8
default
6
CONTINUOUS
10
 330.566
20
 247.766
30
 105.765
11
 331.078
21
 254.899
31
 105.054
39
 0
62
  3
 0
LINE
8
default
6
CONTINUOUS
10
-330.566
20
 247.766
30
 105.765
11
-331.078
21
 254.899
31
 105.054
39
 0
62
  3
 0
LINE
8
default
6
CONTINUOUS
10
 331.078
20
 254.899
30
 105.054
11
 331.587
21
 261.835
31
 104.348
39
 0
62
  3
 0
LINE
8
default
6
CONTINUOUS
10
-331.078
20
 254.899
30
 105.054
11
-331.587
21
 261.835
31
 104.348
39
 0
62
  3
 0
LINE
8
default
6
CONTINUOUS
10
 331.587
20
 261.835
30
 104.348
11
 332.060
21
 268.177
31
 103.692
39
 0
62
  3
 0
LINE
8
default
6
CONTINUOUS
10
-331.587
20
 261.835
30
 104.348
11
-332.060
21
 268.177
31
 103.692
39
 0
62
  3
 0
LINE
8
default
6
CONTINUOUS
10
 332.060
20
 268.177
30
 103.692
11
 332.478
21
 273.682
31
 103.113
39
 0
62
  3
 0
LINE
8
default
6
CONTINUOUS
10
-332.060
20
 268.177
30
 103.692
11
-332.478
21
 273.682
31
 103.113
39
 0
62
  3
 0
LINE
8
default
6
CONTINUOUS
10
 332.478
20
 273.682
30
 103.113
11
 332.838
21
 278.377
31
 102.613
39
 0
62
  3
 0
LINE
8
default
6
CONTINUOUS
10
-332.478
20
 273.682
30
 103.113
11
-332.838
21
 278.377
31
 102.613
39
 0
62
  3
 0
LINE
8
default
6
CONTINUOUS
10
 332.838
20
 278.377
30
 102.613
11
 333.052
21
 281.131
31
 102.316
39
 0
62
  3
 0
LINE
8
default
6
CONTINUOUS
10
-332.838
20
 278.377
30
 102.613
11
-333.052
21
 281.131
31
 102.316
39
 0
62
  3
 0
LINE
8
default
6
CONTINUOUS
10
 360.493
20
 275.616
30
 124.320
11
 360.852
21
 273.131
31
 123.893
39
 0
62
  5
 0
LINE
8
default
6
CONTINUOUS
10
-360.493
20
 275.616
30
 124.320
11
-360.852
21
 273.131
31
 123.893
39
 0
62
  5
 0
LINE
8
default
6
CONTINUOUS
10
 360.852
20
 273.131
30
 123.893
11
 361.460
21
 268.896
31
 123.172
39
 0
62
  5
 0
LINE
8
default
6
CONTINUOUS
10
-360.852
20
 273.131
30
 123.893
11
-361.460
21
 268.896
31
 123.172
39
 0
62
  5
 0
LINE
8
default
6
CONTINUOUS
10
 361.460
20
 268.896
30
 123.172
11
 362.168
21
 263.932
31
 122.331
39
 0
62
  5
 0
LINE
8
default
6
CONTINUOUS
10
-361.460
20
 268.896
30
 123.172
11
-362.168
21
 263.932
31
 122.331
39
 0
62
  5
 0
LINE
8
default
6
CONTINUOUS
10
 362.168
20
 263.932
30
 122.331
11
 362.974
21
 258.207
31
 121.373
39
 0
62
  5
 0
LINE
8
default
6
CONTINUOUS
10
-362.168
20
 263.932
30
 122.331
11
-362.974
21
 258.207
31
 121.373
39
 0
62
  5
 0
LINE
8
default
6
CONTINUOUS
10
 362.974
20
 258.207
30
 121.373
11
 363.848
21
 251.936
31
 120.335
39
 0
62
  5
 0
LINE
8
default
6
CONTINUOUS
10
-362.974
20
 258.207
30
 121.373
11
-363.848
21
 251.936
31
 120.335
39
 0
62
  5
 0
LINE
8
default
6
CONTINUOUS
10
 363.848
20
 251.936
30
 120.335
11
 364.736
21
 245.484
31
 119.280
39
 0
62
  5
 0
LINE
8
default
6
CONTINUOUS
10
-363.848
20
 251.936
30
 120.335
11
-364.736
21
 245.484
31
 119.280
39
 0
62
  5
 0
LINE
8
default
6
CONTINUOUS
10
 364.736
20
 245.484
30
 119.280
11
 365.604
21
 239.079
31
 118.250
39
 0
62
  5
 0
LINE
8
default
6
CONTINUOUS
10
-364.736
20
 245.484
30
 119.280
11
-365.604
21
 239.079
31
 118.250
39
 0
62
  5
 0
LINE
8
default
6
CONTINUOUS
10
 365.604
20
 239.079
30
 118.250
11
 366.452
21
 232.721
31
 117.243
39
 0
62
  5
 0
LINE
8
default
6
CONTINUOUS
10
-365.604
20
 239.079
30
 118.250
11
-366.452
21
 232.721
31
 117.243
39
 0
62
  5
 0
LINE
8
default
6
CONTINUOUS
10
 366.452
20
 232.721
30
 117.243
11
 367.287
21
 226.347
31
 116.251
39
 0
62
  5
 0
LINE
8
default
6
CONTINUOUS
10
-366.452
20
 232.721
30
 117.243
11
-367.287
21
 226.347
31
 116.251
39
 0
62
  5
 0
LINE
8
default
6
CONTINUOUS
10
 367.287
20
 226.347
30
 116.251
11
 368.111
21
 219.927
31
 115.273
39
 0
62
  5
 0
LINE
8
default
6
CONTINUOUS
10
-367.287
20
 226.347
30
 116.251
11
-368.111
21
 219.927
31
 115.273
39
 0
62
  5
 0
LINE
8
default
6
CONTINUOUS
10
 368.111
20
 219.927
30
 115.273
11
 368.922
21
 213.451
31
 114.310
39
 0
62
  5
 0
LINE
8
default
6
CONTINUOUS
10
-368.111
20
 219.927
30
 115.273
11
-368.922
21
 213.451
31
 114.310
39
 0
62
  5
 0
LINE
8
default
6
CONTINUOUS
10
 368.922
20
 213.451
30
 114.310
11
 369.719
21
 206.943
31
 113.364
39
 0
62
  5
 0
LINE
8
default
6
CONTINUOUS
10
-368.922
20
 213.451
30
 114.310
11
-369.719
21
 206.943
31
 113.364
39
 0
62
  5
 0
LINE
8
default
6
CONTINUOUS
10
 369.719
20
 206.943
30
 113.364
11
 370.497
21
 200.416
31
 112.440
39
 0
62
  5
 0
LINE
8
default
6
CONTINUOUS
10
-369.719
20
 206.943
30
 113.364
11
-370.497
21
 200.416
31
 112.440
39
 0
62
  5
 0
LINE
8
default
6
CONTINUOUS
10
 370.497
20
 200.416
30
 112.440
11
 371.258
21
 193.887
31
 111.535
39
 0
62
  5
 0
LINE
8
default
6
CONTINUOUS
10
-370.497
20
 200.416
30
 112.440
11
-371.258
21
 193.887
31
 111.535
39
 0
62
  5
 0
LINE
8
default
6
CONTINUOUS
10
 371.258
20
 193.887
30
 111.535
11
 372.002
21
 187.365
31
 110.653
39
 0
62
  5
 0
LINE
8
default
6
CONTINUOUS
10
-371.258
20
 193.887
30
 111.535
11
-372.002
21
 187.365
31
 110.653
39
 0
62
  5
 0
LINE
8
default
6
CONTINUOUS
10
 372.002
20
 187.365
30
 110.653
11
 372.730
21
 180.858
31
 109.788
39
 0
62
  5
 0
LINE
8
default
6
CONTINUOUS
10
-372.002
20
 187.365
30
 110.653
11
-372.730
21
 180.858
31
 109.788
39
 0
62
  5
 0
LINE
8
default
6
CONTINUOUS
10
 372.730
20
 180.858
30
 109.788
11
 373.438
21
 174.370
31
 108.947
39
 0
62
  5
 0
LINE
8
default
6
CONTINUOUS
10
-372.730
20
 180.858
30
 109.788
11
-373.438
21
 174.370
31
 108.947
39
 0
62
  5
 0
LINE
8
default
6
CONTINUOUS
10
 373.438
20
 174.370
30
 108.947
11
 374.126
21
 167.907
31
 108.130
39
 0
62
  5
 0
LINE
8
default
6
CONTINUOUS
10
-373.438
20
 174.370
30
 108.947
11
-374.126
21
 167.907
31
 108.130
39
 0
62
  5
 0
LINE
8
default
6
CONTINUOUS
10
 374.126
20
 167.907
30
 108.130
11
 374.792
21
 161.473
31
 107.339
39
 0
62
  5
 0
LINE
8
default
6
CONTINUOUS
10
-374.126
20
 167.907
30
 108.130
11
-374.792
21
 161.473
31
 107.339
39
 0
62
  5
 0
LINE
8
default
6
CONTINUOUS
10
 374.792
20
 161.473
30
 107.339
11
 375.432
21
 155.078
31
 106.579
39
 0
62
  5
 0
LINE
8
default
6
CONTINUOUS
10
-374.792
20
 161.473
30
 107.339
11
-375.432
21
 155.078
31
 106.579
39
 0
62
  5
 0
LINE
8
default
6
CONTINUOUS
10
 375.432
20
 155.078
30
 106.579
11
 376.044
21
 148.739
31
 105.852
39
 0
62
  5
 0
LINE
8
default
6
CONTINUOUS
10
-375.432
20
 155.078
30
 106.579
11
-376.044
21
 148.739
31
 105.852
39
 0
62
  5
 0
LINE
8
default
6
CONTINUOUS
10
 376.044
20
 148.739
30
 105.852
11
 376.623
21
 142.468
31
 105.165
39
 0
62
  5
 0
LINE
8
default
6
CONTINUOUS
10
-376.044
20
 148.739
30
 105.852
11
-376.623
21
 142.468
31
 105.165
39
 0
62
  5
 0
LINE
8
default
6
CONTINUOUS
10
 376.623
20
 142.468
30
 105.165
11
 377.168
21
 136.295
31
 104.517
39
 0
62
  5
 0
LINE
8
default
6
CONTINUOUS
10
-376.623
20
 142.468
30
 105.165
11
-377.168
21
 136.295
31
 104.517
39
 0
62
  5
 0
LINE
8
default
6
CONTINUOUS
10
 377.168
20
 136.295
30
 104.517
11
 377.670
21
 130.262
31
 103.921
39
 0
62
  5
 0
LINE
8
default
6
CONTINUOUS
10
-377.168
20
 136.295
30
 104.517
11
-377.670
21
 130.262
31
 103.921
39
 0
62
  5
 0
LINE
8
default
6
CONTINUOUS
10
 377.670
20
 130.262
30
 103.921
11
 378.118
21
 124.419
31
 103.390
39
 0
62
  5
 0
LINE
8
default
6
CONTINUOUS
10
-377.670
20
 130.262
30
 103.921
11
-378.118
21
 124.419
31
 103.390
39
 0
62
  5
 0
LINE
8
default
6
CONTINUOUS
10
 378.118
20
 124.419
30
 103.390
11
 378.501
21
 118.826
31
 102.935
39
 0
62
  5
 0
LINE
8
default
6
CONTINUOUS
10
-378.118
20
 124.419
30
 103.390
11
-378.501
21
 118.826
31
 102.935
39
 0
62
  5
 0
LINE
8
default
6
CONTINUOUS
10
 378.501
20
 118.826
30
 102.935
11
 378.813
21
 113.523
31
 102.564
39
 0
62
  5
 0
LINE
8
default
6
CONTINUOUS
10
-378.501
20
 118.826
30
 102.935
11
-378.813
21
 113.523
31
 102.564
39
 0
62
  5
 0
LINE
8
default
6
CONTINUOUS
10
 378.813
20
 113.523
30
 102.564
11
 379.040
21
 108.534
31
 102.294
39
 0
62
  5
 0
LINE
8
default
6
CONTINUOUS
10
-378.813
20
 113.523
30
 102.564
11
-379.040
21
 108.534
31
 102.294
39
 0
62
  5
 0
LINE
8
default
6
CONTINUOUS
10
 379.040
20
 108.534
30
 102.294
11
 379.174
21
 103.862
31
 102.136
39
 0
62
  5
 0
LINE
8
default
6
CONTINUOUS
10
-379.040
20
 108.534
30
 102.294
11
-379.174
21
 103.862
31
 102.136
39
 0
62
  5
 0
LINE
8
default
6
CONTINUOUS
10
 379.174
20
 103.862
30
 102.136
11
 379.204
21
  99.509
31
 102.099
39
 0
62
  5
 0
LINE
8
default
6
CONTINUOUS
10
-379.174
20
 103.862
30
 102.136
11
-379.204
21
  99.509
31
 102.099
39
 0
62
  5
 0
LINE
8
default
6
CONTINUOUS
10
 379.204
20
  99.509
30
 102.099
11
 379.132
21
  95.474
31
 102.185
39
 0
62
  5
 0
LINE
8
default
6
CONTINUOUS
10
-379.204
20
  99.509
30
 102.099
11
-379.132
21
  95.474
31
 102.185
39
 0
62
  5
 0
LINE
8
default
6
CONTINUOUS
10
 379.132
20
  95.474
30
 102.185
11
 378.952
21
  91.745
31
 102.399
39
 0
62
  5
 0
LINE
8
default
6
CONTINUOUS
10
-379.132
20
  95.474
30
 102.185
11
-378.952
21
  91.745
31
 102.399
39
 0
62
  5
 0
LINE
8
default
6
CONTINUOUS
10
 378.952
20
  91.745
30
 102.399
11
 378.671
21
  88.316
31
 102.733
39
 0
62
  5
 0
LINE
8
default
6
CONTINUOUS
10
-378.952
20
  91.745
30
 102.399
11
-378.671
21
  88.316
31
 102.733
39
 0
62
  5
 0
LINE
8
default
6
CONTINUOUS
10
 378.671
20
  88.316
30
 102.733
11
 378.290
21
  85.167
31
 103.185
39
 0
62
  5
 0
LINE
8
default
6
CONTINUOUS
10
-378.671
20
  88.316
30
 102.733
11
-378.290
21
  85.167
31
 103.185
39
 0
62
  5
 0
LINE
8
default
6
CONTINUOUS
10
 378.290
20
  85.167
30
 103.185
11
 377.812
21
  82.285
31
 103.753
39
 0
62
  5
 0
LINE
8
default
6
CONTINUOUS
10
-378.290
20
  85.167
30
 103.185
11
-377.812
21
  82.285
31
 103.753
39
 0
62
  5
 0
LINE
8
default
6
CONTINUOUS
10
 377.812
20
  82.285
30
 103.753
11
 377.243
21
  79.646
31
 104.428
39
 0
62
  5
 0
LINE
8
default
6
CONTINUOUS
10
-377.812
20
  82.285
30
 103.753
11
-377.243
21
  79.646
31
 104.428
39
 0
62
  5
 0
LINE
8
default
6
CONTINUOUS
10
 377.243
20
  79.646
30
 104.428
11
 376.598
21
  77.244
31
 105.195
39
 0
62
  5
 0
LINE
8
default
6
CONTINUOUS
10
-377.243
20
  79.646
30
 104.428
11
-376.598
21
  77.244
31
 105.195
39
 0
62
  5
 0
LINE
8
default
6
CONTINUOUS
10
 376.598
20
  77.244
30
 105.195
11
 375.897
21
  75.071
31
 106.027
39
 0
62
  5
 0
LINE
8
default
6
CONTINUOUS
10
-376.598
20
  77.244
30
 105.195
11
-375.897
21
  75.071
31
 106.027
39
 0
62
  5
 0
LINE
8
default
6
CONTINUOUS
10
 375.897
20
  75.071
30
 106.027
11
 375.160
21
  73.111
31
 106.902
39
 0
62
  5
 0
LINE
8
default
6
CONTINUOUS
10
-375.897
20
  75.071
30
 106.027
11
-375.160
21
  73.111
31
 106.902
39
 0
62
  5
 0
LINE
8
default
6
CONTINUOUS
10
 375.160
20
  73.111
30
 106.902
11
 374.407
21
  71.358
31
 107.797
39
 0
62
  5
 0
LINE
8
default
6
CONTINUOUS
10
-375.160
20
  73.111
30
 106.902
11
-374.407
21
  71.358
31
 107.797
39
 0
62
  5
 0
LINE
8
default
6
CONTINUOUS
10
 374.407
20
  71.358
30
 107.797
11
 373.643
21
  69.789
31
 108.703
39
 0
62
  5
 0
LINE
8
default
6
CONTINUOUS
10
-374.407
20
  71.358
30
 107.797
11
-373.643
21
  69.789
31
 108.703
39
 0
62
  5
 0
LINE
8
default
6
CONTINUOUS
10
 373.643
20
  69.789
30
 108.703
11
 372.882
21
  68.393
31
 109.608
39
 0
62
  5
 0
LINE
8
default
6
CONTINUOUS
10
-373.643
20
  69.789
30
 108.703
11
-372.882
21
  68.393
31
 109.608
39
 0
62
  5
 0
LINE
8
default
6
CONTINUOUS
10
 372.882
20
  68.393
30
 109.608
11
 372.127
21
  67.154
31
 110.503
39
 0
62
  5
 0
LINE
8
default
6
CONTINUOUS
10
-372.882
20
  68.393
30
 109.608
11
-372.127
21
  67.154
31
 110.503
39
 0
62
  5
 0
LINE
8
default
6
CONTINUOUS
10
 372.127
20
  67.154
30
 110.503
11
 371.388
21
  66.055
31
 111.382
39
 0
62
  5
 0
LINE
8
default
6
CONTINUOUS
10
-372.127
20
  67.154
30
 110.503
11
-371.388
21
  66.055
31
 111.382
39
 0
62
  5
 0
LINE
8
default
6
CONTINUOUS
10
 371.388
20
  66.055
30
 111.382
11
 370.661
21
  65.087
31
 112.245
39
 0
62
  5
 0
LINE
8
default
6
CONTINUOUS
10
-371.388
20
  66.055
30
 111.382
11
-370.661
21
  65.087
31
 112.245
39
 0
62
  5
 0
LINE
8
default
6
CONTINUOUS
10
 370.661
20
  65.087
30
 112.245
11
 369.952
21
  64.235
31
 113.086
39
 0
62
  5
 0
LINE
8
default
6
CONTINUOUS
10
-370.661
20
  65.087
30
 112.245
11
-369.952
21
  64.235
31
 113.086
39
 0
62
  5
 0
LINE
8
default
6
CONTINUOUS
10
 369.952
20
  64.235
30
 113.086
11
 369.256
21
  63.487
31
 113.913
39
 0
62
  5
 0
LINE
8
default
6
CONTINUOUS
10
-369.952
20
  64.235
30
 113.086
11
-369.256
21
  63.487
31
 113.913
39
 0
62
  5
 0
LINE
8
default
6
CONTINUOUS
10
 369.256
20
  63.487
30
 113.913
11
 368.575
21
  62.836
31
 114.722
39
 0
62
  5
 0
LINE
8
default
6
CONTINUOUS
10
-369.256
20
  63.487
30
 113.913
11
-368.575
21
  62.836
31
 114.722
39
 0
62
  5
 0
LINE
8
default
6
CONTINUOUS
10
 368.575
20
  62.836
30
 114.722
11
 367.911
21
  62.278
31
 115.511
39
 0
62
  5
 0
LINE
8
default
6
CONTINUOUS
10
-368.575
20
  62.836
30
 114.722
11
-367.911
21
  62.278
31
 115.511
39
 0
62
  5
 0
LINE
8
default
6
CONTINUOUS
10
 367.911
20
  62.278
30
 115.511
11
 367.266
21
  61.808
31
 116.277
39
 0
62
  5
 0
LINE
8
default
6
CONTINUOUS
10
-367.911
20
  62.278
30
 115.511
11
-367.266
21
  61.808
31
 116.277
39
 0
62
  5
 0
LINE
8
default
6
CONTINUOUS
10
 367.266
20
  61.808
30
 116.277
11
 366.644
21
  61.422
31
 117.015
39
 0
62
  5
 0
LINE
8
default
6
CONTINUOUS
10
-367.266
20
  61.808
30
 116.277
11
-366.644
21
  61.422
31
 117.015
39
 0
62
  5
 0
LINE
8
default
6
CONTINUOUS
10
 366.644
20
  61.422
30
 117.015
11
 366.039
21
  61.110
31
 117.734
39
 0
62
  5
 0
LINE
8
default
6
CONTINUOUS
10
-366.644
20
  61.422
30
 117.015
11
-366.039
21
  61.110
31
 117.734
39
 0
62
  5
 0
LINE
8
default
6
CONTINUOUS
10
 366.039
20
  61.110
30
 117.734
11
 365.460
21
  60.859
31
 118.421
39
 0
62
  5
 0
LINE
8
default
6
CONTINUOUS
10
-366.039
20
  61.110
30
 117.734
11
-365.460
21
  60.859
31
 118.421
39
 0
62
  5
 0
LINE
8
default
6
CONTINUOUS
10
 365.460
20
  60.859
30
 118.421
11
 364.868
21
  60.659
31
 119.124
39
 0
62
  5
 0
LINE
8
default
6
CONTINUOUS
10
-365.460
20
  60.859
30
 118.421
11
-364.868
21
  60.659
31
 119.124
39
 0
62
  5
 0
LINE
8
default
6
CONTINUOUS
10
 364.868
20
  60.659
30
 119.124
11
 364.367
21
  60.510
31
 119.719
39
 0
62
  5
 0
LINE
8
default
6
CONTINUOUS
10
-364.868
20
  60.659
30
 119.124
11
-364.367
21
  60.510
31
 119.719
39
 0
62
  5
 0
LINE
8
default
6
CONTINUOUS
10
 364.367
20
  60.510
30
 119.719
11
 363.650
21
  60.414
31
 120.571
39
 0
62
  5
 0
LINE
8
default
6
CONTINUOUS
10
-364.367
20
  60.510
30
 119.719
11
-363.650
21
  60.414
31
 120.571
39
 0
62
  5
 0
LINE
8
default
6
CONTINUOUS
10
 363.650
20
  60.414
30
 120.571
11
 363.593
21
  60.416
31
 120.639
39
 0
62
  5
 0
LINE
8
default
6
CONTINUOUS
10
-363.650
20
  60.414
30
 120.571
11
-363.593
21
  60.416
31
 120.639
39
 0
62
  5
 0
LINE
8
default
6
CONTINUOUS
10
 363.593
20
  60.416
30
 120.639
11
 362.787
21
  60.487
31
 121.595
39
 0
62
  5
 0
LINE
8
default
6
CONTINUOUS
10
-363.593
20
  60.416
30
 120.639
11
-362.787
21
  60.487
31
 121.595
39
 0
62
  5
 0
LINE
8
default
6
CONTINUOUS
10
 362.787
20
  60.487
30
 121.595
11
 362.427
21
  60.679
31
 122.023
39
 0
62
  5
 0
LINE
8
default
6
CONTINUOUS
10
-362.787
20
  60.487
30
 121.595
11
-362.427
21
  60.679
31
 122.023
39
 0
62
  5
 0
LINE
8
default
6
CONTINUOUS
10
 362.427
20
  60.679
30
 122.023
11
 361.980
21
  60.975
31
 122.554
39
 0
62
  5
 0
LINE
8
default
6
CONTINUOUS
10
-362.427
20
  60.679
30
 122.023
11
-361.980
21
  60.975
31
 122.554
39
 0
62
  5
 0
LINE
8
default
6
CONTINUOUS
10
 361.980
20
  60.975
30
 122.554
11
 361.572
21
  61.383
31
 123.038
39
 0
62
  5
 0
LINE
8
default
6
CONTINUOUS
10
-361.980
20
  60.975
30
 122.554
11
-361.572
21
  61.383
31
 123.038
39
 0
62
  5
 0
LINE
8
default
6
CONTINUOUS
10
 361.572
20
  61.383
30
 123.038
11
 361.188
21
  61.903
31
 123.494
39
 0
62
  5
 0
LINE
8
default
6
CONTINUOUS
10
-361.572
20
  61.383
30
 123.038
11
-361.188
21
  61.903
31
 123.494
39
 0
62
  5
 0
LINE
8
default
6
CONTINUOUS
10
 361.188
20
  61.903
30
 123.494
11
 360.836
21
  62.534
31
 123.912
39
 0
62
  5
 0
LINE
8
default
6
CONTINUOUS
10
-361.188
20
  61.903
30
 123.494
11
-360.836
21
  62.534
31
 123.912
39
 0
62
  5
 0
LINE
8
default
6
CONTINUOUS
10
 360.836
20
  62.534
30
 123.912
11
 360.501
21
  63.276
31
 124.310
39
 0
62
  5
 0
LINE
8
default
6
CONTINUOUS
10
-360.836
20
  62.534
30
 123.912
11
-360.501
21
  63.276
31
 124.310
39
 0
62
  5
 0
LINE
8
default
6
CONTINUOUS
10
 360.501
20
  63.276
30
 124.310
11
 360.318
21
  63.741
31
 124.527
39
 0
62
  5
 0
LINE
8
default
6
CONTINUOUS
10
-360.501
20
  63.276
30
 124.310
11
-360.318
21
  63.741
31
 124.527
39
 0
62
  5
 0
LINE
8
default
6
CONTINUOUS
10
 360.318
20
  63.741
30
 124.527
11
 360.170
21
  64.119
31
 124.703
39
 0
62
  1
 0
LINE
8
default
6
CONTINUOUS
10
-360.318
20
  63.741
30
 124.527
11
-360.170
21
  64.119
31
 124.703
39
 0
62
  1
 0
LINE
8
default
6
CONTINUOUS
10
 360.170
20
  64.119
30
 124.703
11
 359.841
21
  65.053
31
 125.094
39
 0
62
  1
 0
LINE
8
default
6
CONTINUOUS
10
-360.170
20
  64.119
30
 124.703
11
-359.841
21
  65.053
31
 125.094
39
 0
62
  1
 0
LINE
8
default
6
CONTINUOUS
10
 359.841
20
  65.053
30
 125.094
11
 359.517
21
  66.086
31
 125.479
39
 0
62
  1
 0
LINE
8
default
6
CONTINUOUS
10
-359.841
20
  65.053
30
 125.094
11
-359.517
21
  66.086
31
 125.479
39
 0
62
  1
 0
LINE
8
default
6
CONTINUOUS
10
 359.517
20
  66.086
30
 125.479
11
 359.198
21
  67.235
31
 125.858
39
 0
62
  1
 0
LINE
8
default
6
CONTINUOUS
10
-359.517
20
  66.086
30
 125.479
11
-359.198
21
  67.235
31
 125.858
39
 0
62
  1
 0
LINE
8
default
6
CONTINUOUS
10
 359.198
20
  67.235
30
 125.858
11
 358.881
21
  68.515
31
 126.234
39
 0
62
  1
 0
LINE
8
default
6
CONTINUOUS
10
-359.198
20
  67.235
30
 125.858
11
-358.881
21
  68.515
31
 126.234
39
 0
62
  1
 0
LINE
8
default
6
CONTINUOUS
10
 358.881
20
  68.515
30
 126.234
11
 358.564
21
  69.953
31
 126.610
39
 0
62
  1
 0
LINE
8
default
6
CONTINUOUS
10
-358.881
20
  68.515
30
 126.234
11
-358.564
21
  69.953
31
 126.610
39
 0
62
  1
 0
LINE
8
default
6
CONTINUOUS
10
 358.564
20
  69.953
30
 126.610
11
 358.272
21
  71.420
31
 126.957
39
 0
62
  1
 0
LINE
8
default
6
CONTINUOUS
10
-358.564
20
  69.953
30
 126.610
11
-358.272
21
  71.420
31
 126.957
39
 0
62
  1
 0
LINE
8
default
6
CONTINUOUS
10
 358.272
20
  71.420
30
 126.957
11
 357.852
21
  73.774
31
 127.455
39
 0
62
  1
 0
LINE
8
default
6
CONTINUOUS
10
-358.272
20
  71.420
30
 126.957
11
-357.852
21
  73.774
31
 127.455
39
 0
62
  1
 0
LINE
8
default
6
CONTINUOUS
10
 357.852
20
  73.774
30
 127.455
11
 357.573
21
  75.495
31
 127.787
39
 0
62
  3
 0
LINE
8
default
6
CONTINUOUS
10
-357.852
20
  73.774
30
 127.455
11
-357.573
21
  75.495
31
 127.787
39
 0
62
  3
 0
LINE
8
default
6
CONTINUOUS
10
 357.573
20
  75.495
30
 127.787
11
 357.219
21
  77.883
31
 128.208
39
 0
62
  3
 0
LINE
8
default
6
CONTINUOUS
10
-357.573
20
  75.495
30
 127.787
11
-357.219
21
  77.883
31
 128.208
39
 0
62
  3
 0
LINE
8
default
6
CONTINUOUS
10
 357.219
20
  77.883
30
 128.208
11
 356.849
21
  80.624
31
 128.647
39
 0
62
  3
 0
LINE
8
default
6
CONTINUOUS
10
-357.219
20
  77.883
30
 128.208
11
-356.849
21
  80.624
31
 128.647
39
 0
62
  3
 0
LINE
8
default
6
CONTINUOUS
10
 356.849
20
  80.624
30
 128.647
11
 356.461
21
  83.788
31
 129.108
39
 0
62
  3
 0
LINE
8
default
6
CONTINUOUS
10
-356.849
20
  80.624
30
 128.647
11
-356.461
21
  83.788
31
 129.108
39
 0
62
  3
 0
LINE
8
default
6
CONTINUOUS
10
 356.461
20
  83.788
30
 129.108
11
 356.060
21
  87.434
31
 129.584
39
 0
62
  3
 0
LINE
8
default
6
CONTINUOUS
10
-356.461
20
  83.788
30
 129.108
11
-356.060
21
  87.434
31
 129.584
39
 0
62
  3
 0
LINE
8
default
6
CONTINUOUS
10
 356.060
20
  87.434
30
 129.584
11
 355.652
21
  91.604
31
 130.069
39
 0
62
  3
 0
LINE
8
default
6
CONTINUOUS
10
-356.060
20
  87.434
30
 129.584
11
-355.652
21
  91.604
31
 130.069
39
 0
62
  3
 0
LINE
8
default
6
CONTINUOUS
10
 355.652
20
  91.604
30
 130.069
11
 355.257
21
  96.288
31
 130.538
39
 0
62
  3
 0
LINE
8
default
6
CONTINUOUS
10
-355.652
20
  91.604
30
 130.069
11
-355.257
21
  96.288
31
 130.538
39
 0
62
  3
 0
LINE
8
default
6
CONTINUOUS
10
 355.257
20
  96.288
30
 130.538
11
 354.888
21
 101.425
31
 130.976
39
 0
62
  3
 0
LINE
8
default
6
CONTINUOUS
10
-355.257
20
  96.288
30
 130.538
11
-354.888
21
 101.425
31
 130.976
39
 0
62
  3
 0
LINE
8
default
6
CONTINUOUS
10
 354.888
20
 101.425
30
 130.976
11
 354.555
21
 106.899
31
 131.371
39
 0
62
  3
 0
LINE
8
default
6
CONTINUOUS
10
-354.888
20
 101.425
30
 130.976
11
-354.555
21
 106.899
31
 131.371
39
 0
62
  3
 0
LINE
8
default
6
CONTINUOUS
10
 354.555
20
 106.899
30
 131.371
11
 354.263
21
 112.634
31
 131.718
39
 0
62
  3
 0
LINE
8
default
6
CONTINUOUS
10
-354.555
20
 106.899
30
 131.371
11
-354.263
21
 112.634
31
 131.718
39
 0
62
  3
 0
LINE
8
default
6
CONTINUOUS
10
 354.263
20
 112.634
30
 131.718
11
 354.016
21
 118.559
31
 132.011
39
 0
62
  3
 0
LINE
8
default
6
CONTINUOUS
10
-354.263
20
 112.634
30
 131.718
11
-354.016
21
 118.559
31
 132.011
39
 0
62
  3
 0
LINE
8
default
6
CONTINUOUS
10
 354.016
20
 118.559
30
 132.011
11
 353.817
21
 124.611
31
 132.248
39
 0
62
  3
 0
LINE
8
default
6
CONTINUOUS
10
-354.016
20
 118.559
30
 132.011
11
-353.817
21
 124.611
31
 132.248
39
 0
62
  3
 0
LINE
8
default
6
CONTINUOUS
10
 353.817
20
 124.611
30
 132.248
11
 353.669
21
 130.729
31
 132.424
39
 0
62
  3
 0
LINE
8
default
6
CONTINUOUS
10
-353.817
20
 124.611
30
 132.248
11
-353.669
21
 130.729
31
 132.424
39
 0
62
  3
 0
LINE
8
default
6
CONTINUOUS
10
 353.669
20
 130.729
30
 132.424
11
 353.575
21
 136.866
31
 132.536
39
 0
62
  3
 0
LINE
8
default
6
CONTINUOUS
10
-353.669
20
 130.729
30
 132.424
11
-353.575
21
 136.866
31
 132.536
39
 0
62
  3
 0
LINE
8
default
6
CONTINUOUS
10
 353.575
20
 136.866
30
 132.536
11
 353.538
21
 143.008
31
 132.578
39
 0
62
  3
 0
LINE
8
default
6
CONTINUOUS
10
-353.575
20
 136.866
30
 132.536
11
-353.538
21
 143.008
31
 132.578
39
 0
62
  3
 0
LINE
8
default
6
CONTINUOUS
10
 353.538
20
 143.008
30
 132.578
11
 353.555
21
 149.162
31
 132.559
39
 0
62
  3
 0
LINE
8
default
6
CONTINUOUS
10
-353.538
20
 143.008
30
 132.578
11
-353.555
21
 149.162
31
 132.559
39
 0
62
  3
 0
LINE
8
default
6
CONTINUOUS
10
 353.555
20
 149.162
30
 132.559
11
 353.621
21
 155.348
31
 132.480
39
 0
62
  3
 0
LINE
8
default
6
CONTINUOUS
10
-353.555
20
 149.162
30
 132.559
11
-353.621
21
 155.348
31
 132.480
39
 0
62
  3
 0
LINE
8
default
6
CONTINUOUS
10
 353.621
20
 155.348
30
 132.480
11
 353.729
21
 161.594
31
 132.352
39
 0
62
  3
 0
LINE
8
default
6
CONTINUOUS
10
-353.621
20
 155.348
30
 132.480
11
-353.729
21
 161.594
31
 132.352
39
 0
62
  3
 0
LINE
8
default
6
CONTINUOUS
10
 353.729
20
 161.594
30
 132.352
11
 353.876
21
 167.906
31
 132.177
39
 0
62
  3
 0
LINE
8
default
6
CONTINUOUS
10
-353.729
20
 161.594
30
 132.352
11
-353.876
21
 167.906
31
 132.177
39
 0
62
  3
 0
LINE
8
default
6
CONTINUOUS
10
 353.876
20
 167.906
30
 132.177
11
 354.062
21
 174.266
31
 131.957
39
 0
62
  3
 0
LINE
8
default
6
CONTINUOUS
10
-353.876
20
 167.906
30
 132.177
11
-354.062
21
 174.266
31
 131.957
39
 0
62
  3
 0
LINE
8
default
6
CONTINUOUS
10
 354.062
20
 174.266
30
 131.957
11
 354.282
21
 180.656
31
 131.696
39
 0
62
  3
 0
LINE
8
default
6
CONTINUOUS
10
-354.062
20
 174.266
30
 131.957
11
-354.282
21
 180.656
31
 131.696
39
 0
62
  3
 0
LINE
8
default
6
CONTINUOUS
10
 354.282
20
 180.656
30
 131.696
11
 354.536
21
 187.056
31
 131.394
39
 0
62
  3
 0
LINE
8
default
6
CONTINUOUS
10
-354.282
20
 180.656
30
 131.696
11
-354.536
21
 187.056
31
 131.394
39
 0
62
  3
 0
LINE
8
default
6
CONTINUOUS
10
 354.536
20
 187.056
30
 131.394
11
 354.823
21
 193.463
31
 131.053
39
 0
62
  3
 0
LINE
8
default
6
CONTINUOUS
10
-354.536
20
 187.056
30
 131.394
11
-354.823
21
 193.463
31
 131.053
39
 0
62
  3
 0
LINE
8
default
6
CONTINUOUS
10
 354.823
20
 193.463
30
 131.053
11
 355.142
21
 199.888
31
 130.674
39
 0
62
  3
 0
LINE
8
default
6
CONTINUOUS
10
-354.823
20
 193.463
30
 131.053
11
-355.142
21
 199.888
31
 130.674
39
 0
62
  3
 0
LINE
8
default
6
CONTINUOUS
10
 355.142
20
 199.888
30
 130.674
11
 355.491
21
 206.336
31
 130.259
39
 0
62
  3
 0
LINE
8
default
6
CONTINUOUS
10
-355.142
20
 199.888
30
 130.674
11
-355.491
21
 206.336
31
 130.259
39
 0
62
  3
 0
LINE
8
default
6
CONTINUOUS
10
 355.491
20
 206.336
30
 130.259
11
 355.871
21
 212.803
31
 129.809
39
 0
62
  3
 0
LINE
8
default
6
CONTINUOUS
10
-355.491
20
 206.336
30
 130.259
11
-355.871
21
 212.803
31
 129.809
39
 0
62
  3
 0
LINE
8
default
6
CONTINUOUS
10
 355.871
20
 212.803
30
 129.809
11
 356.275
21
 219.274
31
 129.328
39
 0
62
  3
 0
LINE
8
default
6
CONTINUOUS
10
-355.871
20
 212.803
30
 129.809
11
-356.275
21
 219.274
31
 129.328
39
 0
62
  3
 0
LINE
8
default
6
CONTINUOUS
10
 356.275
20
 219.274
30
 129.328
11
 356.703
21
 225.727
31
 128.820
39
 0
62
  3
 0
LINE
8
default
6
CONTINUOUS
10
-356.275
20
 219.274
30
 129.328
11
-356.703
21
 225.727
31
 128.820
39
 0
62
  3
 0
LINE
8
default
6
CONTINUOUS
10
 356.703
20
 225.727
30
 128.820
11
 357.149
21
 232.153
31
 128.291
39
 0
62
  3
 0
LINE
8
default
6
CONTINUOUS
10
-356.703
20
 225.727
30
 128.820
11
-357.149
21
 232.153
31
 128.291
39
 0
62
  3
 0
LINE
8
default
6
CONTINUOUS
10
 357.149
20
 232.153
30
 128.291
11
 357.611
21
 238.581
31
 127.743
39
 0
62
  3
 0
LINE
8
default
6
CONTINUOUS
10
-357.149
20
 232.153
30
 128.291
11
-357.611
21
 238.581
31
 127.743
39
 0
62
  3
 0
LINE
8
default
6
CONTINUOUS
10
 357.611
20
 238.581
30
 127.743
11
 358.088
21
 245.060
31
 127.175
39
 0
62
  3
 0
LINE
8
default
6
CONTINUOUS
10
-357.611
20
 238.581
30
 127.743
11
-358.088
21
 245.060
31
 127.175
39
 0
62
  3
 0
LINE
8
default
6
CONTINUOUS
10
 358.088
20
 245.060
30
 127.175
11
 358.583
21
 251.592
31
 126.588
39
 0
62
  3
 0
LINE
8
default
6
CONTINUOUS
10
-358.088
20
 245.060
30
 127.175
11
-358.583
21
 251.592
31
 126.588
39
 0
62
  3
 0
LINE
8
default
6
CONTINUOUS
10
 358.583
20
 251.592
30
 126.588
11
 359.075
21
 257.944
31
 126.003
39
 0
62
  3
 0
LINE
8
default
6
CONTINUOUS
10
-358.583
20
 251.592
30
 126.588
11
-359.075
21
 257.944
31
 126.003
39
 0
62
  3
 0
LINE
8
default
6
CONTINUOUS
10
 359.075
20
 257.944
30
 126.003
11
 359.532
21
 263.752
31
 125.460
39
 0
62
  3
 0
LINE
8
default
6
CONTINUOUS
10
-359.075
20
 257.944
30
 126.003
11
-359.532
21
 263.752
31
 125.460
39
 0
62
  3
 0
LINE
8
default
6
CONTINUOUS
10
 359.532
20
 263.752
30
 125.460
11
 359.937
21
 268.794
31
 124.980
39
 0
62
  3
 0
LINE
8
default
6
CONTINUOUS
10
-359.532
20
 263.752
30
 125.460
11
-359.937
21
 268.794
31
 124.980
39
 0
62
  3
 0
LINE
8
default
6
CONTINUOUS
10
 359.937
20
 268.794
30
 124.980
11
 360.286
21
 273.094
31
 124.566
39
 0
62
  3
 0
LINE
8
default
6
CONTINUOUS
10
-359.937
20
 268.794
30
 124.980
11
-360.286
21
 273.094
31
 124.566
39
 0
62
  3
 0
LINE
8
default
6
CONTINUOUS
10
 360.286
20
 273.094
30
 124.566
11
 360.493
21
 275.616
31
 124.320
39
 0
62
  3
 0
LINE
8
default
6
CONTINUOUS
10
-360.286
20
 273.094
30
 124.566
11
-360.493
21
 275.616
31
 124.320
39
 0
62
  3
 0
LINE
8
default
6
CONTINUOUS
10
 384.217
20
 269.431
30
 146.778
11
 384.588
21
 267.212
31
 146.424
39
 0
62
  5
 0
LINE
8
default
6
CONTINUOUS
10
-384.217
20
 269.431
30
 146.778
11
-384.588
21
 267.212
31
 146.424
39
 0
62
  5
 0
LINE
8
default
6
CONTINUOUS
10
 384.588
20
 267.212
30
 146.424
11
 385.215
21
 263.430
31
 145.828
39
 0
62
  5
 0
LINE
8
default
6
CONTINUOUS
10
-384.588
20
 267.212
30
 146.424
11
-385.215
21
 263.430
31
 145.828
39
 0
62
  5
 0
LINE
8
default
6
CONTINUOUS
10
 385.215
20
 263.430
30
 145.828
11
 385.945
21
 258.997
31
 145.132
39
 0
62
  5
 0
LINE
8
default
6
CONTINUOUS
10
-385.215
20
 263.430
30
 145.828
11
-385.945
21
 258.997
31
 145.132
39
 0
62
  5
 0
LINE
8
default
6
CONTINUOUS
10
 385.945
20
 258.997
30
 145.132
11
 386.778
21
 253.885
31
 144.339
39
 0
62
  5
 0
LINE
8
default
6
CONTINUOUS
10
-385.945
20
 258.997
30
 145.132
11
-386.778
21
 253.885
31
 144.339
39
 0
62
  5
 0
LINE
8
default
6
CONTINUOUS
10
 386.778
20
 253.885
30
 144.339
11
 387.681
21
 248.284
31
 143.479
39
 0
62
  5
 0
LINE
8
default
6
CONTINUOUS
10
-386.778
20
 253.885
30
 144.339
11
-387.681
21
 248.284
31
 143.479
39
 0
62
  5
 0
LINE
8
default
6
CONTINUOUS
10
 387.681
20
 248.284
30
 143.479
11
 388.598
21
 242.523
31
 142.605
39
 0
62
  5
 0
LINE
8
default
6
CONTINUOUS
10
-387.681
20
 248.284
30
 143.479
11
-388.598
21
 242.523
31
 142.605
39
 0
62
  5
 0
LINE
8
default
6
CONTINUOUS
10
 388.598
20
 242.523
30
 142.605
11
 389.495
21
 236.802
31
 141.751
39
 0
62
  5
 0
LINE
8
default
6
CONTINUOUS
10
-388.598
20
 242.523
30
 142.605
11
-389.495
21
 236.802
31
 141.751
39
 0
62
  5
 0
LINE
8
default
6
CONTINUOUS
10
 389.495
20
 236.802
30
 141.751
11
 390.372
21
 231.124
31
 140.917
39
 0
62
  5
 0
LINE
8
default
6
CONTINUOUS
10
-389.495
20
 236.802
30
 141.751
11
-390.372
21
 231.124
31
 140.917
39
 0
62
  5
 0
LINE
8
default
6
CONTINUOUS
10
 390.372
20
 231.124
30
 140.917
11
 391.236
21
 225.431
31
 140.094
39
 0
62
  5
 0
LINE
8
default
6
CONTINUOUS
10
-390.372
20
 231.124
30
 140.917
11
-391.236
21
 225.431
31
 140.094
39
 0
62
  5
 0
LINE
8
default
6
CONTINUOUS
10
 391.236
20
 225.431
30
 140.094
11
 392.089
21
 219.698
31
 139.282
39
 0
62
  5
 0
LINE
8
default
6
CONTINUOUS
10
-391.236
20
 225.431
30
 140.094
11
-392.089
21
 219.698
31
 139.282
39
 0
62
  5
 0
LINE
8
default
6
CONTINUOUS
10
 392.089
20
 219.698
30
 139.282
11
 392.928
21
 213.914
31
 138.482
39
 0
62
  5
 0
LINE
8
default
6
CONTINUOUS
10
-392.089
20
 219.698
30
 139.282
11
-392.928
21
 213.914
31
 138.482
39
 0
62
  5
 0
LINE
8
default
6
CONTINUOUS
10
 392.928
20
 213.914
30
 138.482
11
 393.755
21
 208.100
31
 137.695
39
 0
62
  5
 0
LINE
8
default
6
CONTINUOUS
10
-392.928
20
 213.914
30
 138.482
11
-393.755
21
 208.100
31
 137.695
39
 0
62
  5
 0
LINE
8
default
6
CONTINUOUS
10
 393.755
20
 208.100
30
 137.695
11
 394.562
21
 202.270
31
 136.927
39
 0
62
  5
 0
LINE
8
default
6
CONTINUOUS
10
-393.755
20
 208.100
30
 137.695
11
-394.562
21
 202.270
31
 136.927
39
 0
62
  5
 0
LINE
8
default
6
CONTINUOUS
10
 394.562
20
 202.270
30
 136.927
11
 395.352
21
 196.438
31
 136.174
39
 0
62
  5
 0
LINE
8
default
6
CONTINUOUS
10
-394.562
20
 202.270
30
 136.927
11
-395.352
21
 196.438
31
 136.174
39
 0
62
  5
 0
LINE
8
default
6
CONTINUOUS
10
 395.352
20
 196.438
30
 136.174
11
 396.124
21
 190.613
31
 135.438
39
 0
62
  5
 0
LINE
8
default
6
CONTINUOUS
10
-395.352
20
 196.438
30
 136.174
11
-396.124
21
 190.613
31
 135.438
39
 0
62
  5
 0
LINE
8
default
6
CONTINUOUS
10
 396.124
20
 190.613
30
 135.438
11
 396.881
21
 184.800
31
 134.718
39
 0
62
  5
 0
LINE
8
default
6
CONTINUOUS
10
-396.124
20
 190.613
30
 135.438
11
-396.881
21
 184.800
31
 134.718
39
 0
62
  5
 0
LINE
8
default
6
CONTINUOUS
10
 396.881
20
 184.800
30
 134.718
11
 397.618
21
 179.005
31
 134.016
39
 0
62
  5
 0
LINE
8
default
6
CONTINUOUS
10
-396.881
20
 184.800
30
 134.718
11
-397.618
21
 179.005
31
 134.016
39
 0
62
  5
 0
LINE
8
default
6
CONTINUOUS
10
 397.618
20
 179.005
30
 134.016
11
 398.335
21
 173.231
31
 133.334
39
 0
62
  5
 0
LINE
8
default
6
CONTINUOUS
10
-397.618
20
 179.005
30
 134.016
11
-398.335
21
 173.231
31
 133.334
39
 0
62
  5
 0
LINE
8
default
6
CONTINUOUS
10
 398.335
20
 173.231
30
 133.334
11
 399.028
21
 167.484
31
 132.673
39
 0
62
  5
 0
LINE
8
default
6
CONTINUOUS
10
-398.335
20
 173.231
30
 133.334
11
-399.028
21
 167.484
31
 132.673
39
 0
62
  5
 0
LINE
8
default
6
CONTINUOUS
10
 399.028
20
 167.484
30
 132.673
11
 399.697
21
 161.770
31
 132.037
39
 0
62
  5
 0
LINE
8
default
6
CONTINUOUS
10
-399.028
20
 167.484
30
 132.673
11
-399.697
21
 161.770
31
 132.037
39
 0
62
  5
 0
LINE
8
default
6
CONTINUOUS
10
 399.697
20
 161.770
30
 132.037
11
 400.336
21
 156.107
31
 131.428
39
 0
62
  5
 0
LINE
8
default
6
CONTINUOUS
10
-399.697
20
 161.770
30
 132.037
11
-400.336
21
 156.107
31
 131.428
39
 0
62
  5
 0
LINE
8
default
6
CONTINUOUS
10
 400.336
20
 156.107
30
 131.428
11
 400.942
21
 150.504
31
 130.851
39
 0
62
  5
 0
LINE
8
default
6
CONTINUOUS
10
-400.336
20
 156.107
30
 131.428
11
-400.942
21
 150.504
31
 130.851
39
 0
62
  5
 0
LINE
8
default
6
CONTINUOUS
10
 400.942
20
 150.504
30
 130.851
11
 401.513
21
 144.988
31
 130.307
39
 0
62
  5
 0
LINE
8
default
6
CONTINUOUS
10
-400.942
20
 150.504
30
 130.851
11
-401.513
21
 144.988
31
 130.307
39
 0
62
  5
 0
LINE
8
default
6
CONTINUOUS
10
 401.513
20
 144.988
30
 130.307
11
 402.041
21
 139.598
31
 129.804
39
 0
62
  5
 0
LINE
8
default
6
CONTINUOUS
10
-401.513
20
 144.988
30
 130.307
11
-402.041
21
 139.598
31
 129.804
39
 0
62
  5
 0
LINE
8
default
6
CONTINUOUS
10
 402.041
20
 139.598
30
 129.804
11
 402.513
21
 134.377
31
 129.354
39
 0
62
  5
 0
LINE
8
default
6
CONTINUOUS
10
-402.041
20
 139.598
30
 129.804
11
-402.513
21
 134.377
31
 129.354
39
 0
62
  5
 0
LINE
8
default
6
CONTINUOUS
10
 402.513
20
 134.377
30
 129.354
11
 402.920
21
 129.379
31
 128.967
39
 0
62
  5
 0
LINE
8
default
6
CONTINUOUS
10
-402.513
20
 134.377
30
 129.354
11
-402.920
21
 129.379
31
 128.967
39
 0
62
  5
 0
LINE
8
default
6
CONTINUOUS
10
 402.920
20
 129.379
30
 128.967
11
 403.254
21
 124.640
31
 128.649
39
 0
62
  5
 0
LINE
8
default
6
CONTINUOUS
10
-402.920
20
 129.379
30
 128.967
11
-403.254
21
 124.640
31
 128.649
39
 0
62
  5
 0
LINE
8
default
6
CONTINUOUS
10
 403.254
20
 124.640
30
 128.649
11
 403.501
21
 120.180
31
 128.414
39
 0
62
  5
 0
LINE
8
default
6
CONTINUOUS
10
-403.254
20
 124.640
30
 128.649
11
-403.501
21
 120.180
31
 128.414
39
 0
62
  5
 0
LINE
8
default
6
CONTINUOUS
10
 403.501
20
 120.180
30
 128.414
11
 403.654
21
 116.004
31
 128.269
39
 0
62
  5
 0
LINE
8
default
6
CONTINUOUS
10
-403.501
20
 120.180
30
 128.414
11
-403.654
21
 116.004
31
 128.269
39
 0
62
  5
 0
LINE
8
default
6
CONTINUOUS
10
 403.654
20
 116.004
30
 128.269
11
 403.701
21
 112.112
31
 128.224
39
 0
62
  5
 0
LINE
8
default
6
CONTINUOUS
10
-403.654
20
 116.004
30
 128.269
11
-403.701
21
 112.112
31
 128.224
39
 0
62
  5
 0
LINE
8
default
6
CONTINUOUS
10
 403.701
20
 112.112
30
 128.224
11
 403.643
21
 108.503
31
 128.278
39
 0
62
  5
 0
LINE
8
default
6
CONTINUOUS
10
-403.701
20
 112.112
30
 128.224
11
-403.643
21
 108.503
31
 128.278
39
 0
62
  5
 0
LINE
8
default
6
CONTINUOUS
10
 403.643
20
 108.503
30
 128.278
11
 403.477
21
 105.167
31
 128.437
39
 0
62
  5
 0
LINE
8
default
6
CONTINUOUS
10
-403.643
20
 108.503
30
 128.278
11
-403.477
21
 105.167
31
 128.437
39
 0
62
  5
 0
LINE
8
default
6
CONTINUOUS
10
 403.477
20
 105.167
30
 128.437
11
 403.207
21
 102.098
31
 128.693
39
 0
62
  5
 0
LINE
8
default
6
CONTINUOUS
10
-403.477
20
 105.167
30
 128.437
11
-403.207
21
 102.098
31
 128.693
39
 0
62
  5
 0
LINE
8
default
6
CONTINUOUS
10
 403.207
20
 102.098
30
 128.693
11
 402.836
21
  99.280
31
 129.047
39
 0
62
  5
 0
LINE
8
default
6
CONTINUOUS
10
-403.207
20
 102.098
30
 128.693
11
-402.836
21
  99.280
31
 129.047
39
 0
62
  5
 0
LINE
8
default
6
CONTINUOUS
10
 402.836
20
  99.280
30
 129.047
11
 402.367
21
  96.698
31
 129.494
39
 0
62
  5
 0
LINE
8
default
6
CONTINUOUS
10
-402.836
20
  99.280
30
 129.047
11
-402.367
21
  96.698
31
 129.494
39
 0
62
  5
 0
LINE
8
default
6
CONTINUOUS
10
 402.367
20
  96.698
30
 129.494
11
 401.805
21
  94.335
31
 130.028
39
 0
62
  5
 0
LINE
8
default
6
CONTINUOUS
10
-402.367
20
  96.698
30
 129.494
11
-401.805
21
  94.335
31
 130.028
39
 0
62
  5
 0
LINE
8
default
6
CONTINUOUS
10
 401.805
20
  94.335
30
 130.028
11
 401.165
21
  92.181
31
 130.638
39
 0
62
  5
 0
LINE
8
default
6
CONTINUOUS
10
-401.805
20
  94.335
30
 130.028
11
-401.165
21
  92.181
31
 130.638
39
 0
62
  5
 0
LINE
8
default
6
CONTINUOUS
10
 401.165
20
  92.181
30
 130.638
11
 400.470
21
  90.232
31
 131.301
39
 0
62
  5
 0
LINE
8
default
6
CONTINUOUS
10
-401.165
20
  92.181
30
 130.638
11
-400.470
21
  90.232
31
 131.301
39
 0
62
  5
 0
LINE
8
default
6
CONTINUOUS
10
 400.470
20
  90.232
30
 131.301
11
 399.736
21
  88.474
31
 131.999
39
 0
62
  5
 0
LINE
8
default
6
CONTINUOUS
10
-400.470
20
  90.232
30
 131.301
11
-399.736
21
  88.474
31
 131.999
39
 0
62
  5
 0
LINE
8
default
6
CONTINUOUS
10
 399.736
20
  88.474
30
 131.999
11
 398.985
21
  86.900
31
 132.714
39
 0
62
  5
 0
LINE
8
default
6
CONTINUOUS
10
-399.736
20
  88.474
30
 131.999
11
-398.985
21
  86.900
31
 132.714
39
 0
62
  5
 0
LINE
8
default
6
CONTINUOUS
10
 398.985
20
  86.900
30
 132.714
11
 398.224
21
  85.491
31
 133.439
39
 0
62
  5
 0
LINE
8
default
6
CONTINUOUS
10
-398.985
20
  86.900
30
 132.714
11
-398.224
21
  85.491
31
 133.439
39
 0
62
  5
 0
LINE
8
default
6
CONTINUOUS
10
 398.224
20
  85.491
30
 133.439
11
 397.464
21
  84.236
31
 134.163
39
 0
62
  5
 0
LINE
8
default
6
CONTINUOUS
10
-398.224
20
  85.491
30
 133.439
11
-397.464
21
  84.236
31
 134.163
39
 0
62
  5
 0
LINE
8
default
6
CONTINUOUS
10
 397.464
20
  84.236
30
 134.163
11
 396.710
21
  83.122
31
 134.881
39
 0
62
  5
 0
LINE
8
default
6
CONTINUOUS
10
-397.464
20
  84.236
30
 134.163
11
-396.710
21
  83.122
31
 134.881
39
 0
62
  5
 0
LINE
8
default
6
CONTINUOUS
10
 396.710
20
  83.122
30
 134.881
11
 395.971
21
  82.134
31
 135.585
39
 0
62
  5
 0
LINE
8
default
6
CONTINUOUS
10
-396.710
20
  83.122
30
 134.881
11
-395.971
21
  82.134
31
 135.585
39
 0
62
  5
 0
LINE
8
default
6
CONTINUOUS
10
 395.971
20
  82.134
30
 135.585
11
 395.244
21
  81.262
31
 136.277
39
 0
62
  5
 0
LINE
8
default
6
CONTINUOUS
10
-395.971
20
  82.134
30
 135.585
11
-395.244
21
  81.262
31
 136.277
39
 0
62
  5
 0
LINE
8
default
6
CONTINUOUS
10
 395.244
20
  81.262
30
 136.277
11
 394.535
21
  80.494
31
 136.952
39
 0
62
  5
 0
LINE
8
default
6
CONTINUOUS
10
-395.244
20
  81.262
30
 136.277
11
-394.535
21
  80.494
31
 136.952
39
 0
62
  5
 0
LINE
8
default
6
CONTINUOUS
10
 394.535
20
  80.494
30
 136.952
11
 393.838
21
  79.819
31
 137.616
39
 0
62
  5
 0
LINE
8
default
6
CONTINUOUS
10
-394.535
20
  80.494
30
 136.952
11
-393.838
21
  79.819
31
 137.616
39
 0
62
  5
 0
LINE
8
default
6
CONTINUOUS
10
 393.838
20
  79.819
30
 137.616
11
 393.155
21
  79.232
31
 138.266
39
 0
62
  5
 0
LINE
8
default
6
CONTINUOUS
10
-393.838
20
  79.819
30
 137.616
11
-393.155
21
  79.232
31
 138.266
39
 0
62
  5
 0
LINE
8
default
6
CONTINUOUS
10
 393.155
20
  79.232
30
 138.266
11
 392.489
21
  78.728
31
 138.900
39
 0
62
  5
 0
LINE
8
default
6
CONTINUOUS
10
-393.155
20
  79.232
30
 138.266
11
-392.489
21
  78.728
31
 138.900
39
 0
62
  5
 0
LINE
8
default
6
CONTINUOUS
10
 392.489
20
  78.728
30
 138.900
11
 391.843
21
  78.302
31
 139.516
39
 0
62
  5
 0
LINE
8
default
6
CONTINUOUS
10
-392.489
20
  78.728
30
 138.900
11
-391.843
21
  78.302
31
 139.516
39
 0
62
  5
 0
LINE
8
default
6
CONTINUOUS
10
 391.843
20
  78.302
30
 139.516
11
 391.220
21
  77.952
31
 140.109
39
 0
62
  5
 0
LINE
8
default
6
CONTINUOUS
10
-391.843
20
  78.302
30
 139.516
11
-391.220
21
  77.952
31
 140.109
39
 0
62
  5
 0
LINE
8
default
6
CONTINUOUS
10
 391.220
20
  77.952
30
 140.109
11
 390.612
21
  77.668
31
 140.688
39
 0
62
  5
 0
LINE
8
default
6
CONTINUOUS
10
-391.220
20
  77.952
30
 140.109
11
-390.612
21
  77.668
31
 140.688
39
 0
62
  5
 0
LINE
8
default
6
CONTINUOUS
10
 390.612
20
  77.668
30
 140.688
11
 390.031
21
  77.439
31
 141.241
39
 0
62
  5
 0
LINE
8
default
6
CONTINUOUS
10
-390.612
20
  77.668
30
 140.688
11
-390.031
21
  77.439
31
 141.241
39
 0
62
  5
 0
LINE
8
default
6
CONTINUOUS
10
 390.031
20
  77.439
30
 141.241
11
 389.437
21
  77.255
31
 141.807
39
 0
62
  5
 0
LINE
8
default
6
CONTINUOUS
10
-390.031
20
  77.439
30
 141.241
11
-389.437
21
  77.255
31
 141.807
39
 0
62
  5
 0
LINE
8
default
6
CONTINUOUS
10
 389.437
20
  77.255
30
 141.807
11
 388.934
21
  77.118
31
 142.286
39
 0
62
  5
 0
LINE
8
default
6
CONTINUOUS
10
-389.437
20
  77.255
30
 141.807
11
-388.934
21
  77.118
31
 142.286
39
 0
62
  5
 0
LINE
8
default
6
CONTINUOUS
10
 388.934
20
  77.118
30
 142.286
11
 388.213
21
  77.026
31
 142.972
39
 0
62
  5
 0
LINE
8
default
6
CONTINUOUS
10
-388.934
20
  77.118
30
 142.286
11
-388.213
21
  77.026
31
 142.972
39
 0
62
  5
 0
LINE
8
default
6
CONTINUOUS
10
 388.213
20
  77.026
30
 142.972
11
 388.156
21
  77.028
31
 143.027
39
 0
62
  5
 0
LINE
8
default
6
CONTINUOUS
10
-388.213
20
  77.026
30
 142.972
11
-388.156
21
  77.028
31
 143.027
39
 0
62
  5
 0
LINE
8
default
6
CONTINUOUS
10
 388.156
20
  77.028
30
 143.027
11
 387.346
21
  77.084
31
 143.798
39
 0
62
  5
 0
LINE
8
default
6
CONTINUOUS
10
-388.156
20
  77.028
30
 143.027
11
-387.346
21
  77.084
31
 143.798
39
 0
62
  5
 0
LINE
8
default
6
CONTINUOUS
10
 387.346
20
  77.084
30
 143.798
11
 386.983
21
  77.253
31
 144.144
39
 0
62
  5
 0
LINE
8
default
6
CONTINUOUS
10
-387.346
20
  77.084
30
 143.798
11
-386.983
21
  77.253
31
 144.144
39
 0
62
  5
 0
LINE
8
default
6
CONTINUOUS
10
 386.983
20
  77.253
30
 144.144
11
 386.532
21
  77.514
31
 144.573
39
 0
62
  5
 0
LINE
8
default
6
CONTINUOUS
10
-386.983
20
  77.253
30
 144.144
11
-386.532
21
  77.514
31
 144.573
39
 0
62
  5
 0
LINE
8
default
6
CONTINUOUS
10
 386.532
20
  77.514
30
 144.573
11
 386.120
21
  77.875
31
 144.965
39
 0
62
  5
 0
LINE
8
default
6
CONTINUOUS
10
-386.532
20
  77.514
30
 144.573
11
-386.120
21
  77.875
31
 144.965
39
 0
62
  5
 0
LINE
8
default
6
CONTINUOUS
10
 386.120
20
  77.875
30
 144.965
11
 385.733
21
  78.337
31
 145.334
39
 0
62
  5
 0
LINE
8
default
6
CONTINUOUS
10
-386.120
20
  77.875
30
 144.965
11
-385.733
21
  78.337
31
 145.334
39
 0
62
  5
 0
LINE
8
default
6
CONTINUOUS
10
 385.733
20
  78.337
30
 145.334
11
 385.377
21
  78.899
31
 145.673
39
 0
62
  5
 0
LINE
8
default
6
CONTINUOUS
10
-385.733
20
  78.337
30
 145.334
11
-385.377
21
  78.899
31
 145.673
39
 0
62
  5
 0
LINE
8
default
6
CONTINUOUS
10
 385.377
20
  78.899
30
 145.673
11
 385.037
21
  79.560
31
 145.997
39
 0
62
  5
 0
LINE
8
default
6
CONTINUOUS
10
-385.377
20
  78.899
30
 145.673
11
-385.037
21
  79.560
31
 145.997
39
 0
62
  5
 0
LINE
8
default
6
CONTINUOUS
10
 385.037
20
  79.560
30
 145.997
11
 384.851
21
  79.974
31
 146.174
39
 0
62
  5
 0
LINE
8
default
6
CONTINUOUS
10
-385.037
20
  79.560
30
 145.997
11
-384.851
21
  79.974
31
 146.174
39
 0
62
  5
 0
LINE
8
default
6
CONTINUOUS
10
 384.851
20
  79.974
30
 146.174
11
 384.700
21
  80.311
31
 146.317
39
 0
62
  1
 0
LINE
8
default
6
CONTINUOUS
10
-384.851
20
  79.974
30
 146.174
11
-384.700
21
  80.311
31
 146.317
39
 0
62
  1
 0
LINE
8
default
6
CONTINUOUS
10
 384.700
20
  80.311
30
 146.317
11
 384.367
21
  81.143
31
 146.635
39
 0
62
  1
 0
LINE
8
default
6
CONTINUOUS
10
-384.700
20
  80.311
30
 146.317
11
-384.367
21
  81.143
31
 146.635
39
 0
62
  1
 0
LINE
8
default
6
CONTINUOUS
10
 384.367
20
  81.143
30
 146.635
11
 384.037
21
  82.064
31
 146.950
39
 0
62
  1
 0
LINE
8
default
6
CONTINUOUS
10
-384.367
20
  81.143
30
 146.635
11
-384.037
21
  82.064
31
 146.950
39
 0
62
  1
 0
LINE
8
default
6
CONTINUOUS
10
 384.037
20
  82.064
30
 146.950
11
 383.711
21
  83.089
31
 147.259
39
 0
62
  1
 0
LINE
8
default
6
CONTINUOUS
10
-384.037
20
  82.064
30
 146.950
11
-383.711
21
  83.089
31
 147.259
39
 0
62
  1
 0
LINE
8
default
6
CONTINUOUS
10
 383.711
20
  83.089
30
 147.259
11
 383.388
21
  84.231
31
 147.568
39
 0
62
  1
 0
LINE
8
default
6
CONTINUOUS
10
-383.711
20
  83.089
30
 147.259
11
-383.388
21
  84.231
31
 147.568
39
 0
62
  1
 0
LINE
8
default
6
CONTINUOUS
10
 383.388
20
  84.231
30
 147.568
11
 383.064
21
  85.514
31
 147.876
39
 0
62
  1
 0
LINE
8
default
6
CONTINUOUS
10
-383.388
20
  84.231
30
 147.568
11
-383.064
21
  85.514
31
 147.876
39
 0
62
  1
 0
LINE
8
default
6
CONTINUOUS
10
 383.064
20
  85.514
30
 147.876
11
 382.765
21
  86.824
31
 148.161
39
 0
62
  1
 0
LINE
8
default
6
CONTINUOUS
10
-383.064
20
  85.514
30
 147.876
11
-382.765
21
  86.824
31
 148.161
39
 0
62
  1
 0
LINE
8
default
6
CONTINUOUS
10
 382.765
20
  86.824
30
 148.161
11
 382.334
21
  88.925
31
 148.571
39
 0
62
  1
 0
LINE
8
default
6
CONTINUOUS
10
-382.765
20
  86.824
30
 148.161
11
-382.334
21
  88.925
31
 148.571
39
 0
62
  1
 0
LINE
8
default
6
CONTINUOUS
10
 382.334
20
  88.925
30
 148.571
11
 382.046
21
  90.462
31
 148.845
39
 0
62
  3
 0
LINE
8
default
6
CONTINUOUS
10
-382.334
20
  88.925
30
 148.571
11
-382.046
21
  90.462
31
 148.845
39
 0
62
  3
 0
LINE
8
default
6
CONTINUOUS
10
 382.046
20
  90.462
30
 148.845
11
 381.681
21
  92.594
31
 149.192
39
 0
62
  3
 0
LINE
8
default
6
CONTINUOUS
10
-382.046
20
  90.462
30
 148.845
11
-381.681
21
  92.594
31
 149.192
39
 0
62
  3
 0
LINE
8
default
6
CONTINUOUS
10
 381.681
20
  92.594
30
 149.192
11
 381.299
21
  95.042
31
 149.557
39
 0
62
  3
 0
LINE
8
default
6
CONTINUOUS
10
-381.681
20
  92.594
30
 149.192
11
-381.299
21
  95.042
31
 149.557
39
 0
62
  3
 0
LINE
8
default
6
CONTINUOUS
10
 381.299
20
  95.042
30
 149.557
11
 380.897
21
  97.868
31
 149.939
39
 0
62
  3
 0
LINE
8
default
6
CONTINUOUS
10
-381.299
20
  95.042
30
 149.557
11
-380.897
21
  97.868
31
 149.939
39
 0
62
  3
 0
LINE
8
default
6
CONTINUOUS
10
 380.897
20
  97.868
30
 149.939
11
 380.479
21
 101.125
31
 150.337
39
 0
62
  3
 0
LINE
8
default
6
CONTINUOUS
10
-380.897
20
  97.868
30
 149.939
11
-380.479
21
 101.125
31
 150.337
39
 0
62
  3
 0
LINE
8
default
6
CONTINUOUS
10
 380.479
20
 101.125
30
 150.337
11
 380.053
21
 104.850
31
 150.743
39
 0
62
  3
 0
LINE
8
default
6
CONTINUOUS
10
-380.479
20
 101.125
30
 150.337
11
-380.053
21
 104.850
31
 150.743
39
 0
62
  3
 0
LINE
8
default
6
CONTINUOUS
10
 380.053
20
 104.850
30
 150.743
11
 379.639
21
 109.035
31
 151.138
39
 0
62
  3
 0
LINE
8
default
6
CONTINUOUS
10
-380.053
20
 104.850
30
 150.743
11
-379.639
21
 109.035
31
 151.138
39
 0
62
  3
 0
LINE
8
default
6
CONTINUOUS
10
 379.639
20
 109.035
30
 151.138
11
 379.248
21
 113.626
31
 151.510
39
 0
62
  3
 0
LINE
8
default
6
CONTINUOUS
10
-379.639
20
 109.035
30
 151.138
11
-379.248
21
 113.626
31
 151.510
39
 0
62
  3
 0
LINE
8
default
6
CONTINUOUS
10
 379.248
20
 113.626
30
 151.510
11
 378.892
21
 118.518
31
 151.848
39
 0
62
  3
 0
LINE
8
default
6
CONTINUOUS
10
-379.248
20
 113.626
30
 151.510
11
-378.892
21
 118.518
31
 151.848
39
 0
62
  3
 0
LINE
8
default
6
CONTINUOUS
10
 378.892
20
 118.518
30
 151.848
11
 378.577
21
 123.643
31
 152.149
39
 0
62
  3
 0
LINE
8
default
6
CONTINUOUS
10
-378.892
20
 118.518
30
 151.848
11
-378.577
21
 123.643
31
 152.149
39
 0
62
  3
 0
LINE
8
default
6
CONTINUOUS
10
 378.577
20
 123.643
30
 152.149
11
 378.306
21
 128.940
31
 152.406
39
 0
62
  3
 0
LINE
8
default
6
CONTINUOUS
10
-378.577
20
 123.643
30
 152.149
11
-378.306
21
 128.940
31
 152.406
39
 0
62
  3
 0
LINE
8
default
6
CONTINUOUS
10
 378.306
20
 128.940
30
 152.406
11
 378.082
21
 134.350
31
 152.620
39
 0
62
  3
 0
LINE
8
default
6
CONTINUOUS
10
-378.306
20
 128.940
30
 152.406
11
-378.082
21
 134.350
31
 152.620
39
 0
62
  3
 0
LINE
8
default
6
CONTINUOUS
10
 378.082
20
 134.350
30
 152.620
11
 377.910
21
 139.819
31
 152.784
39
 0
62
  3
 0
LINE
8
default
6
CONTINUOUS
10
-378.082
20
 134.350
30
 152.620
11
-377.910
21
 139.819
31
 152.784
39
 0
62
  3
 0
LINE
8
default
6
CONTINUOUS
10
 377.910
20
 139.819
30
 152.784
11
 377.792
21
 145.306
31
 152.896
39
 0
62
  3
 0
LINE
8
default
6
CONTINUOUS
10
-377.910
20
 139.819
30
 152.784
11
-377.792
21
 145.306
31
 152.896
39
 0
62
  3
 0
LINE
8
default
6
CONTINUOUS
10
 377.792
20
 145.306
30
 152.896
11
 377.732
21
 150.798
31
 152.953
39
 0
62
  3
 0
LINE
8
default
6
CONTINUOUS
10
-377.792
20
 145.306
30
 152.896
11
-377.732
21
 150.798
31
 152.953
39
 0
62
  3
 0
LINE
8
default
6
CONTINUOUS
10
 377.732
20
 150.798
30
 152.953
11
 377.726
21
 156.301
31
 152.959
39
 0
62
  3
 0
LINE
8
default
6
CONTINUOUS
10
-377.732
20
 150.798
30
 152.953
11
-377.726
21
 156.301
31
 152.959
39
 0
62
  3
 0
LINE
8
default
6
CONTINUOUS
10
 377.726
20
 156.301
30
 152.959
11
 377.768
21
 161.833
31
 152.919
39
 0
62
  3
 0
LINE
8
default
6
CONTINUOUS
10
-377.726
20
 156.301
30
 152.959
11
-377.768
21
 161.833
31
 152.919
39
 0
62
  3
 0
LINE
8
default
6
CONTINUOUS
10
 377.768
20
 161.833
30
 152.919
11
 377.853
21
 167.419
31
 152.838
39
 0
62
  3
 0
LINE
8
default
6
CONTINUOUS
10
-377.768
20
 161.833
30
 152.919
11
-377.853
21
 167.419
31
 152.838
39
 0
62
  3
 0
LINE
8
default
6
CONTINUOUS
10
 377.853
20
 167.419
30
 152.838
11
 377.977
21
 173.064
31
 152.720
39
 0
62
  3
 0
LINE
8
default
6
CONTINUOUS
10
-377.853
20
 167.419
30
 152.838
11
-377.977
21
 173.064
31
 152.720
39
 0
62
  3
 0
LINE
8
default
6
CONTINUOUS
10
 377.977
20
 173.064
30
 152.720
11
 378.139
21
 178.753
31
 152.566
39
 0
62
  3
 0
LINE
8
default
6
CONTINUOUS
10
-377.977
20
 173.064
30
 152.720
11
-378.139
21
 178.753
31
 152.566
39
 0
62
  3
 0
LINE
8
default
6
CONTINUOUS
10
 378.139
20
 178.753
30
 152.566
11
 378.336
21
 184.468
31
 152.378
39
 0
62
  3
 0
LINE
8
default
6
CONTINUOUS
10
-378.139
20
 178.753
30
 152.566
11
-378.336
21
 184.468
31
 152.378
39
 0
62
  3
 0
LINE
8
default
6
CONTINUOUS
10
 378.336
20
 184.468
30
 152.378
11
 378.567
21
 190.193
31
 152.158
39
 0
62
  3
 0
LINE
8
default
6
CONTINUOUS
10
-378.336
20
 184.468
30
 152.378
11
-378.567
21
 190.193
31
 152.158
39
 0
62
  3
 0
LINE
8
default
6
CONTINUOUS
10
 378.567
20
 190.193
30
 152.158
11
 378.831
21
 195.924
31
 151.907
39
 0
62
  3
 0
LINE
8
default
6
CONTINUOUS
10
-378.567
20
 190.193
30
 152.158
11
-378.831
21
 195.924
31
 151.907
39
 0
62
  3
 0
LINE
8
default
6
CONTINUOUS
10
 378.831
20
 195.924
30
 151.907
11
 379.127
21
 201.673
31
 151.625
39
 0
62
  3
 0
LINE
8
default
6
CONTINUOUS
10
-378.831
20
 195.924
30
 151.907
11
-379.127
21
 201.673
31
 151.625
39
 0
62
  3
 0
LINE
8
default
6
CONTINUOUS
10
 379.127
20
 201.673
30
 151.625
11
 379.454
21
 207.441
31
 151.314
39
 0
62
  3
 0
LINE
8
default
6
CONTINUOUS
10
-379.127
20
 201.673
30
 151.625
11
-379.454
21
 207.441
31
 151.314
39
 0
62
  3
 0
LINE
8
default
6
CONTINUOUS
10
 379.454
20
 207.441
30
 151.314
11
 379.811
21
 213.227
31
 150.974
39
 0
62
  3
 0
LINE
8
default
6
CONTINUOUS
10
-379.454
20
 207.441
30
 151.314
11
-379.811
21
 213.227
31
 150.974
39
 0
62
  3
 0
LINE
8
default
6
CONTINUOUS
10
 379.811
20
 213.227
30
 150.974
11
 380.192
21
 219.017
31
 150.610
39
 0
62
  3
 0
LINE
8
default
6
CONTINUOUS
10
-379.811
20
 213.227
30
 150.974
11
-380.192
21
 219.017
31
 150.610
39
 0
62
  3
 0
LINE
8
default
6
CONTINUOUS
10
 380.192
20
 219.017
30
 150.610
11
 380.598
21
 224.790
31
 150.224
39
 0
62
  3
 0
LINE
8
default
6
CONTINUOUS
10
-380.192
20
 219.017
30
 150.610
11
-380.598
21
 224.790
31
 150.224
39
 0
62
  3
 0
LINE
8
default
6
CONTINUOUS
10
 380.598
20
 224.790
30
 150.224
11
 381.021
21
 230.540
31
 149.821
39
 0
62
  3
 0
LINE
8
default
6
CONTINUOUS
10
-380.598
20
 224.790
30
 150.224
11
-381.021
21
 230.540
31
 149.821
39
 0
62
  3
 0
LINE
8
default
6
CONTINUOUS
10
 381.021
20
 230.540
30
 149.821
11
 381.461
21
 236.292
31
 149.402
39
 0
62
  3
 0
LINE
8
default
6
CONTINUOUS
10
-381.021
20
 230.540
30
 149.821
11
-381.461
21
 236.292
31
 149.402
39
 0
62
  3
 0
LINE
8
default
6
CONTINUOUS
10
 381.461
20
 236.292
30
 149.402
11
 381.917
21
 242.089
31
 148.968
39
 0
62
  3
 0
LINE
8
default
6
CONTINUOUS
10
-381.461
20
 236.292
30
 149.402
11
-381.917
21
 242.089
31
 148.968
39
 0
62
  3
 0
LINE
8
default
6
CONTINUOUS
10
 381.917
20
 242.089
30
 148.968
11
 382.389
21
 247.934
31
 148.518
39
 0
62
  3
 0
LINE
8
default
6
CONTINUOUS
10
-381.917
20
 242.089
30
 148.968
11
-382.389
21
 247.934
31
 148.518
39
 0
62
  3
 0
LINE
8
default
6
CONTINUOUS
10
 382.389
20
 247.934
30
 148.518
11
 382.860
21
 253.618
31
 148.070
39
 0
62
  3
 0
LINE
8
default
6
CONTINUOUS
10
-382.389
20
 247.934
30
 148.518
11
-382.860
21
 253.618
31
 148.070
39
 0
62
  3
 0
LINE
8
default
6
CONTINUOUS
10
 382.860
20
 253.618
30
 148.070
11
 383.297
21
 258.815
31
 147.654
39
 0
62
  3
 0
LINE
8
default
6
CONTINUOUS
10
-382.860
20
 253.618
30
 148.070
11
-383.297
21
 258.815
31
 147.654
39
 0
62
  3
 0
LINE
8
default
6
CONTINUOUS
10
 383.297
20
 258.815
30
 147.654
11
 383.684
21
 263.327
31
 147.285
39
 0
62
  3
 0
LINE
8
default
6
CONTINUOUS
10
-383.297
20
 258.815
30
 147.654
11
-383.684
21
 263.327
31
 147.285
39
 0
62
  3
 0
LINE
8
default
6
CONTINUOUS
10
 383.684
20
 263.327
30
 147.285
11
 384.019
21
 267.174
31
 146.967
39
 0
62
  3
 0
LINE
8
default
6
CONTINUOUS
10
-383.684
20
 263.327
30
 147.285
11
-384.019
21
 267.174
31
 146.967
39
 0
62
  3
 0
LINE
8
default
6
CONTINUOUS
10
 384.019
20
 267.174
30
 146.967
11
 384.217
21
 269.431
31
 146.778
39
 0
62
  3
 0
LINE
8
default
6
CONTINUOUS
10
-384.019
20
 267.174
30
 146.967
11
-384.217
21
 269.431
31
 146.778
39
 0
62
  3
 0
LINE
8
default
6
CONTINUOUS
10
 403.193
20
 262.726
30
 170.005
11
 403.564
21
 260.798
31
 169.735
39
 0
62
  5
 0
LINE
8
default
6
CONTINUOUS
10
-403.193
20
 262.726
30
 170.005
11
-403.564
21
 260.798
31
 169.735
39
 0
62
  5
 0
LINE
8
default
6
CONTINUOUS
10
 403.564
20
 260.798
30
 169.735
11
 404.191
21
 257.512
31
 169.281
39
 0
62
  5
 0
LINE
8
default
6
CONTINUOUS
10
-403.564
20
 260.798
30
 169.735
11
-404.191
21
 257.512
31
 169.281
39
 0
62
  5
 0
LINE
8
default
6
CONTINUOUS
10
 404.191
20
 257.512
30
 169.281
11
 404.921
21
 253.661
31
 168.751
39
 0
62
  5
 0
LINE
8
default
6
CONTINUOUS
10
-404.191
20
 257.512
30
 169.281
11
-404.921
21
 253.661
31
 168.751
39
 0
62
  5
 0
LINE
8
default
6
CONTINUOUS
10
 404.921
20
 253.661
30
 168.751
11
 405.755
21
 249.218
31
 168.146
39
 0
62
  5
 0
LINE
8
default
6
CONTINUOUS
10
-404.921
20
 253.661
30
 168.751
11
-405.755
21
 249.218
31
 168.146
39
 0
62
  5
 0
LINE
8
default
6
CONTINUOUS
10
 405.755
20
 249.218
30
 168.146
11
 406.658
21
 244.352
31
 167.491
39
 0
62
  5
 0
LINE
8
default
6
CONTINUOUS
10
-405.755
20
 249.218
30
 168.146
11
-406.658
21
 244.352
31
 167.491
39
 0
62
  5
 0
LINE
8
default
6
CONTINUOUS
10
 406.658
20
 244.352
30
 167.491
11
 407.577
21
 239.346
31
 166.824
39
 0
62
  5
 0
LINE
8
default
6
CONTINUOUS
10
-406.658
20
 244.352
30
 167.491
11
-407.577
21
 239.346
31
 166.824
39
 0
62
  5
 0
LINE
8
default
6
CONTINUOUS
10
 407.577
20
 239.346
30
 166.824
11
 408.475
21
 234.375
31
 166.172
39
 0
62
  5
 0
LINE
8
default
6
CONTINUOUS
10
-407.577
20
 239.346
30
 166.824
11
-408.475
21
 234.375
31
 166.172
39
 0
62
  5
 0
LINE
8
default
6
CONTINUOUS
10
 408.475
20
 234.375
30
 166.172
11
 409.354
21
 229.441
31
 165.535
39
 0
62
  5
 0
LINE
8
default
6
CONTINUOUS
10
-408.475
20
 234.375
30
 166.172
11
-409.354
21
 229.441
31
 165.535
39
 0
62
  5
 0
LINE
8
default
6
CONTINUOUS
10
 409.354
20
 229.441
30
 165.535
11
 410.220
21
 224.494
31
 164.907
39
 0
62
  5
 0
LINE
8
default
6
CONTINUOUS
10
-409.354
20
 229.441
30
 165.535
11
-410.220
21
 224.494
31
 164.907
39
 0
62
  5
 0
LINE
8
default
6
CONTINUOUS
10
 410.220
20
 224.494
30
 164.907
11
 411.075
21
 219.512
31
 164.286
39
 0
62
  5
 0
LINE
8
default
6
CONTINUOUS
10
-410.220
20
 224.494
30
 164.907
11
-411.075
21
 219.512
31
 164.286
39
 0
62
  5
 0
LINE
8
default
6
CONTINUOUS
10
 411.075
20
 219.512
30
 164.286
11
 411.919
21
 214.485
31
 163.674
39
 0
62
  5
 0
LINE
8
default
6
CONTINUOUS
10
-411.075
20
 219.512
30
 164.286
11
-411.919
21
 214.485
31
 163.674
39
 0
62
  5
 0
LINE
8
default
6
CONTINUOUS
10
 411.919
20
 214.485
30
 163.674
11
 412.749
21
 209.433
31
 163.072
39
 0
62
  5
 0
LINE
8
default
6
CONTINUOUS
10
-411.919
20
 214.485
30
 163.674
11
-412.749
21
 209.433
31
 163.072
39
 0
62
  5
 0
LINE
8
default
6
CONTINUOUS
10
 412.749
20
 209.433
30
 163.072
11
 413.560
21
 204.366
31
 162.483
39
 0
62
  5
 0
LINE
8
default
6
CONTINUOUS
10
-412.749
20
 209.433
30
 163.072
11
-413.560
21
 204.366
31
 162.483
39
 0
62
  5
 0
LINE
8
default
6
CONTINUOUS
10
 413.560
20
 204.366
30
 162.483
11
 414.356
21
 199.298
31
 161.906
39
 0
62
  5
 0
LINE
8
default
6
CONTINUOUS
10
-413.560
20
 204.366
30
 162.483
11
-414.356
21
 199.298
31
 161.906
39
 0
62
  5
 0
LINE
8
default
6
CONTINUOUS
10
 414.356
20
 199.298
30
 161.906
11
 415.133
21
 194.235
31
 161.342
39
 0
62
  5
 0
LINE
8
default
6
CONTINUOUS
10
-414.356
20
 199.298
30
 161.906
11
-415.133
21
 194.235
31
 161.342
39
 0
62
  5
 0
LINE
8
default
6
CONTINUOUS
10
 415.133
20
 194.235
30
 161.342
11
 415.896
21
 189.183
31
 160.789
39
 0
62
  5
 0
LINE
8
default
6
CONTINUOUS
10
-415.133
20
 194.235
30
 161.342
11
-415.896
21
 189.183
31
 160.789
39
 0
62
  5
 0
LINE
8
default
6
CONTINUOUS
10
 415.896
20
 189.183
30
 160.789
11
 416.639
21
 184.145
31
 160.250
39
 0
62
  5
 0
LINE
8
default
6
CONTINUOUS
10
-415.896
20
 189.183
30
 160.789
11
-416.639
21
 184.145
31
 160.250
39
 0
62
  5
 0
LINE
8
default
6
CONTINUOUS
10
 416.639
20
 184.145
30
 160.250
11
 417.362
21
 179.127
31
 159.725
39
 0
62
  5
 0
LINE
8
default
6
CONTINUOUS
10
-416.639
20
 184.145
30
 160.250
11
-417.362
21
 179.127
31
 159.725
39
 0
62
  5
 0
LINE
8
default
6
CONTINUOUS
10
 417.362
20
 179.127
30
 159.725
11
 418.063
21
 174.131
31
 159.217
39
 0
62
  5
 0
LINE
8
default
6
CONTINUOUS
10
-417.362
20
 179.127
30
 159.725
11
-418.063
21
 174.131
31
 159.217
39
 0
62
  5
 0
LINE
8
default
6
CONTINUOUS
10
 418.063
20
 174.131
30
 159.217
11
 418.739
21
 169.164
31
 158.726
39
 0
62
  5
 0
LINE
8
default
6
CONTINUOUS
10
-418.063
20
 174.131
30
 159.217
11
-418.739
21
 169.164
31
 158.726
39
 0
62
  5
 0
LINE
8
default
6
CONTINUOUS
10
 418.739
20
 169.164
30
 158.726
11
 419.387
21
 164.242
31
 158.257
39
 0
62
  5
 0
LINE
8
default
6
CONTINUOUS
10
-418.739
20
 169.164
30
 158.726
11
-419.387
21
 164.242
31
 158.257
39
 0
62
  5
 0
LINE
8
default
6
CONTINUOUS
10
 419.387
20
 164.242
30
 158.257
11
 420.001
21
 159.371
31
 157.811
39
 0
62
  5
 0
LINE
8
default
6
CONTINUOUS
10
-419.387
20
 164.242
30
 158.257
11
-420.001
21
 159.371
31
 157.811
39
 0
62
  5
 0
LINE
8
default
6
CONTINUOUS
10
 420.001
20
 159.371
30
 157.811
11
 420.583
21
 154.576
31
 157.389
39
 0
62
  5
 0
LINE
8
default
6
CONTINUOUS
10
-420.001
20
 159.371
30
 157.811
11
-420.583
21
 154.576
31
 157.389
39
 0
62
  5
 0
LINE
8
default
6
CONTINUOUS
10
 420.583
20
 154.576
30
 157.389
11
 421.120
21
 149.890
31
 156.999
39
 0
62
  5
 0
LINE
8
default
6
CONTINUOUS
10
-420.583
20
 154.576
30
 157.389
11
-421.120
21
 149.890
31
 156.999
39
 0
62
  5
 0
LINE
8
default
6
CONTINUOUS
10
 421.120
20
 149.890
30
 156.999
11
 421.604
21
 145.351
31
 156.648
39
 0
62
  5
 0
LINE
8
default
6
CONTINUOUS
10
-421.120
20
 149.890
30
 156.999
11
-421.604
21
 145.351
31
 156.648
39
 0
62
  5
 0
LINE
8
default
6
CONTINUOUS
10
 421.604
20
 145.351
30
 156.648
11
 422.022
21
 141.005
31
 156.345
39
 0
62
  5
 0
LINE
8
default
6
CONTINUOUS
10
-421.604
20
 145.351
30
 156.648
11
-422.022
21
 141.005
31
 156.345
39
 0
62
  5
 0
LINE
8
default
6
CONTINUOUS
10
 422.022
20
 141.005
30
 156.345
11
 422.368
21
 136.884
31
 156.093
39
 0
62
  5
 0
LINE
8
default
6
CONTINUOUS
10
-422.022
20
 141.005
30
 156.345
11
-422.368
21
 136.884
31
 156.093
39
 0
62
  5
 0
LINE
8
default
6
CONTINUOUS
10
 422.368
20
 136.884
30
 156.093
11
 422.629
21
 133.005
31
 155.904
39
 0
62
  5
 0
LINE
8
default
6
CONTINUOUS
10
-422.368
20
 136.884
30
 156.093
11
-422.629
21
 133.005
31
 155.904
39
 0
62
  5
 0
LINE
8
default
6
CONTINUOUS
10
 422.629
20
 133.005
30
 155.904
11
 422.796
21
 129.372
31
 155.783
39
 0
62
  5
 0
LINE
8
default
6
CONTINUOUS
10
-422.629
20
 133.005
30
 155.904
11
-422.796
21
 129.372
31
 155.783
39
 0
62
  5
 0
LINE
8
default
6
CONTINUOUS
10
 422.796
20
 129.372
30
 155.783
11
 422.860
21
 125.986
31
 155.737
39
 0
62
  5
 0
LINE
8
default
6
CONTINUOUS
10
-422.796
20
 129.372
30
 155.783
11
-422.860
21
 125.986
31
 155.737
39
 0
62
  5
 0
LINE
8
default
6
CONTINUOUS
10
 422.860
20
 125.986
30
 155.737
11
 422.821
21
 122.845
31
 155.765
39
 0
62
  5
 0
LINE
8
default
6
CONTINUOUS
10
-422.860
20
 125.986
30
 155.737
11
-422.821
21
 122.845
31
 155.765
39
 0
62
  5
 0
LINE
8
default
6
CONTINUOUS
10
 422.821
20
 122.845
30
 155.765
11
 422.674
21
 119.941
31
 155.872
39
 0
62
  5
 0
LINE
8
default
6
CONTINUOUS
10
-422.821
20
 122.845
30
 155.765
11
-422.674
21
 119.941
31
 155.872
39
 0
62
  5
 0
LINE
8
default
6
CONTINUOUS
10
 422.674
20
 119.941
30
 155.872
11
 422.426
21
 117.269
31
 156.052
39
 0
62
  5
 0
LINE
8
default
6
CONTINUOUS
10
-422.674
20
 119.941
30
 155.872
11
-422.426
21
 117.269
31
 156.052
39
 0
62
  5
 0
LINE
8
default
6
CONTINUOUS
10
 422.426
20
 117.269
30
 156.052
11
 422.078
21
 114.813
31
 156.304
39
 0
62
  5
 0
LINE
8
default
6
CONTINUOUS
10
-422.426
20
 117.269
30
 156.052
11
-422.078
21
 114.813
31
 156.304
39
 0
62
  5
 0
LINE
8
default
6
CONTINUOUS
10
 422.078
20
 114.813
30
 156.304
11
 421.633
21
 112.563
31
 156.627
39
 0
62
  5
 0
LINE
8
default
6
CONTINUOUS
10
-422.078
20
 114.813
30
 156.304
11
-421.633
21
 112.563
31
 156.627
39
 0
62
  5
 0
LINE
8
default
6
CONTINUOUS
10
 421.633
20
 112.563
30
 156.627
11
 421.098
21
 110.502
31
 157.015
39
 0
62
  5
 0
LINE
8
default
6
CONTINUOUS
10
-421.633
20
 112.563
30
 156.627
11
-421.098
21
 110.502
31
 157.015
39
 0
62
  5
 0
LINE
8
default
6
CONTINUOUS
10
 421.098
20
 110.502
30
 157.015
11
 420.485
21
 108.623
31
 157.460
39
 0
62
  5
 0
LINE
8
default
6
CONTINUOUS
10
-421.098
20
 110.502
30
 157.015
11
-420.485
21
 108.623
31
 157.460
39
 0
62
  5
 0
LINE
8
default
6
CONTINUOUS
10
 420.485
20
 108.623
30
 157.460
11
 419.817
21
 106.922
31
 157.944
39
 0
62
  5
 0
LINE
8
default
6
CONTINUOUS
10
-420.485
20
 108.623
30
 157.460
11
-419.817
21
 106.922
31
 157.944
39
 0
62
  5
 0
LINE
8
default
6
CONTINUOUS
10
 419.817
20
 106.922
30
 157.944
11
 419.112
21
 105.386
31
 158.456
39
 0
62
  5
 0
LINE
8
default
6
CONTINUOUS
10
-419.817
20
 106.922
30
 157.944
11
-419.112
21
 105.386
31
 158.456
39
 0
62
  5
 0
LINE
8
default
6
CONTINUOUS
10
 419.112
20
 105.386
30
 158.456
11
 418.389
21
 104.011
31
 158.980
39
 0
62
  5
 0
LINE
8
default
6
CONTINUOUS
10
-419.112
20
 105.386
30
 158.456
11
-418.389
21
 104.011
31
 158.980
39
 0
62
  5
 0
LINE
8
default
6
CONTINUOUS
10
 418.389
20
 104.011
30
 158.980
11
 417.655
21
 102.779
31
 159.513
39
 0
62
  5
 0
LINE
8
default
6
CONTINUOUS
10
-418.389
20
 104.011
30
 158.980
11
-417.655
21
 102.779
31
 159.513
39
 0
62
  5
 0
LINE
8
default
6
CONTINUOUS
10
 417.655
20
 102.779
30
 159.513
11
 416.921
21
 101.681
31
 160.045
39
 0
62
  5
 0
LINE
8
default
6
CONTINUOUS
10
-417.655
20
 102.779
30
 159.513
11
-416.921
21
 101.681
31
 160.045
39
 0
62
  5
 0
LINE
8
default
6
CONTINUOUS
10
 416.921
20
 101.681
30
 160.045
11
 416.193
21
 100.706
31
 160.573
39
 0
62
  5
 0
LINE
8
default
6
CONTINUOUS
10
-416.921
20
 101.681
30
 160.045
11
-416.193
21
 100.706
31
 160.573
39
 0
62
  5
 0
LINE
8
default
6
CONTINUOUS
10
 416.193
20
 100.706
30
 160.573
11
 415.478
21
  99.840
31
 161.092
39
 0
62
  5
 0
LINE
8
default
6
CONTINUOUS
10
-416.193
20
 100.706
30
 160.573
11
-415.478
21
  99.840
31
 161.092
39
 0
62
  5
 0
LINE
8
default
6
CONTINUOUS
10
 415.478
20
  99.840
30
 161.092
11
 414.776
21
  99.075
31
 161.602
39
 0
62
  5
 0
LINE
8
default
6
CONTINUOUS
10
-415.478
20
  99.840
30
 161.092
11
-414.776
21
  99.075
31
 161.602
39
 0
62
  5
 0
LINE
8
default
6
CONTINUOUS
10
 414.776
20
  99.075
30
 161.602
11
 414.089
21
  98.402
31
 162.100
39
 0
62
  5
 0
LINE
8
default
6
CONTINUOUS
10
-414.776
20
  99.075
30
 161.602
11
-414.089
21
  98.402
31
 162.100
39
 0
62
  5
 0
LINE
8
default
6
CONTINUOUS
10
 414.089
20
  98.402
30
 162.100
11
 413.414
21
  97.810
31
 162.589
39
 0
62
  5
 0
LINE
8
default
6
CONTINUOUS
10
-414.089
20
  98.402
30
 162.100
11
-413.414
21
  97.810
31
 162.589
39
 0
62
  5
 0
LINE
8
default
6
CONTINUOUS
10
 413.414
20
  97.810
30
 162.589
11
 412.753
21
  97.293
31
 163.069
39
 0
62
  5
 0
LINE
8
default
6
CONTINUOUS
10
-413.414
20
  97.810
30
 162.589
11
-412.753
21
  97.293
31
 163.069
39
 0
62
  5
 0
LINE
8
default
6
CONTINUOUS
10
 412.753
20
  97.293
30
 163.069
11
 412.108
21
  96.850
31
 163.537
39
 0
62
  5
 0
LINE
8
default
6
CONTINUOUS
10
-412.753
20
  97.293
30
 163.069
11
-412.108
21
  96.850
31
 163.537
39
 0
62
  5
 0
LINE
8
default
6
CONTINUOUS
10
 412.108
20
  96.850
30
 163.537
11
 411.481
21
  96.474
31
 163.992
39
 0
62
  5
 0
LINE
8
default
6
CONTINUOUS
10
-412.108
20
  96.850
30
 163.537
11
-411.481
21
  96.474
31
 163.992
39
 0
62
  5
 0
LINE
8
default
6
CONTINUOUS
10
 411.481
20
  96.474
30
 163.992
11
 410.877
21
  96.164
31
 164.430
39
 0
62
  5
 0
LINE
8
default
6
CONTINUOUS
10
-411.481
20
  96.474
30
 163.992
11
-410.877
21
  96.164
31
 164.430
39
 0
62
  5
 0
LINE
8
default
6
CONTINUOUS
10
 410.877
20
  96.164
30
 164.430
11
 410.287
21
  95.912
31
 164.858
39
 0
62
  5
 0
LINE
8
default
6
CONTINUOUS
10
-410.877
20
  96.164
30
 164.430
11
-410.287
21
  95.912
31
 164.858
39
 0
62
  5
 0
LINE
8
default
6
CONTINUOUS
10
 410.287
20
  95.912
30
 164.858
11
 409.723
21
  95.709
31
 165.267
39
 0
62
  5
 0
LINE
8
default
6
CONTINUOUS
10
-410.287
20
  95.912
30
 164.858
11
-409.723
21
  95.709
31
 165.267
39
 0
62
  5
 0
LINE
8
default
6
CONTINUOUS
10
 409.723
20
  95.709
30
 165.267
11
 409.146
21
  95.544
31
 165.686
39
 0
62
  5
 0
LINE
8
default
6
CONTINUOUS
10
-409.723
20
  95.709
30
 165.267
11
-409.146
21
  95.544
31
 165.686
39
 0
62
  5
 0
LINE
8
default
6
CONTINUOUS
10
 409.146
20
  95.544
30
 165.686
11
 408.657
21
  95.421
31
 166.041
39
 0
62
  5
 0
LINE
8
default
6
CONTINUOUS
10
-409.146
20
  95.544
30
 165.686
11
-408.657
21
  95.421
31
 166.041
39
 0
62
  5
 0
LINE
8
default
6
CONTINUOUS
10
 408.657
20
  95.421
30
 166.041
11
 407.957
21
  95.335
31
 166.549
39
 0
62
  5
 0
LINE
8
default
6
CONTINUOUS
10
-408.657
20
  95.421
30
 166.041
11
-407.957
21
  95.335
31
 166.549
39
 0
62
  5
 0
LINE
8
default
6
CONTINUOUS
10
 407.957
20
  95.335
30
 166.549
11
 407.901
21
  95.336
31
 166.589
39
 0
62
  5
 0
LINE
8
default
6
CONTINUOUS
10
-407.957
20
  95.335
30
 166.549
11
-407.901
21
  95.336
31
 166.589
39
 0
62
  5
 0
LINE
8
default
6
CONTINUOUS
10
 407.901
20
  95.336
30
 166.589
11
 407.113
21
  95.379
31
 167.161
39
 0
62
  5
 0
LINE
8
default
6
CONTINUOUS
10
-407.901
20
  95.336
30
 166.589
11
-407.113
21
  95.379
31
 167.161
39
 0
62
  5
 0
LINE
8
default
6
CONTINUOUS
10
 407.113
20
  95.379
30
 167.161
11
 406.759
21
  95.523
31
 167.418
39
 0
62
  5
 0
LINE
8
default
6
CONTINUOUS
10
-407.113
20
  95.379
30
 167.161
11
-406.759
21
  95.523
31
 167.418
39
 0
62
  5
 0
LINE
8
default
6
CONTINUOUS
10
 406.759
20
  95.523
30
 167.418
11
 406.320
21
  95.747
31
 167.736
39
 0
62
  5
 0
LINE
8
default
6
CONTINUOUS
10
-406.759
20
  95.523
30
 167.418
11
-406.320
21
  95.747
31
 167.736
39
 0
62
  5
 0
LINE
8
default
6
CONTINUOUS
10
 406.320
20
  95.747
30
 167.736
11
 405.918
21
  96.058
31
 168.028
39
 0
62
  5
 0
LINE
8
default
6
CONTINUOUS
10
-406.320
20
  95.747
30
 167.736
11
-405.918
21
  96.058
31
 168.028
39
 0
62
  5
 0
LINE
8
default
6
CONTINUOUS
10
 405.918
20
  96.058
30
 168.028
11
 405.539
21
  96.457
31
 168.303
39
 0
62
  5
 0
LINE
8
default
6
CONTINUOUS
10
-405.918
20
  96.058
30
 168.028
11
-405.539
21
  96.457
31
 168.303
39
 0
62
  5
 0
LINE
8
default
6
CONTINUOUS
10
 405.539
20
  96.457
30
 168.303
11
 405.190
21
  96.943
31
 168.556
39
 0
62
  5
 0
LINE
8
default
6
CONTINUOUS
10
-405.539
20
  96.457
30
 168.303
11
-405.190
21
  96.943
31
 168.556
39
 0
62
  5
 0
LINE
8
default
6
CONTINUOUS
10
 405.190
20
  96.943
30
 168.556
11
 404.856
21
  97.515
31
 168.798
39
 0
62
  5
 0
LINE
8
default
6
CONTINUOUS
10
-405.190
20
  96.943
30
 168.556
11
-404.856
21
  97.515
31
 168.798
39
 0
62
  5
 0
LINE
8
default
6
CONTINUOUS
10
 404.856
20
  97.515
30
 168.798
11
 404.674
21
  97.874
31
 168.930
39
 0
62
  5
 0
LINE
8
default
6
CONTINUOUS
10
-404.856
20
  97.515
30
 168.798
11
-404.674
21
  97.874
31
 168.930
39
 0
62
  5
 0
LINE
8
default
6
CONTINUOUS
10
 404.674
20
  97.874
30
 168.930
11
 404.525
21
  98.166
31
 169.038
39
 0
62
  1
 0
LINE
8
default
6
CONTINUOUS
10
-404.674
20
  97.874
30
 168.930
11
-404.525
21
  98.166
31
 169.038
39
 0
62
  1
 0
LINE
8
default
6
CONTINUOUS
10
 404.525
20
  98.166
30
 169.038
11
 404.197
21
  98.887
31
 169.276
39
 0
62
  1
 0
LINE
8
default
6
CONTINUOUS
10
-404.525
20
  98.166
30
 169.038
11
-404.197
21
  98.887
31
 169.276
39
 0
62
  1
 0
LINE
8
default
6
CONTINUOUS
10
 404.197
20
  98.887
30
 169.276
11
 403.872
21
  99.686
31
 169.512
39
 0
62
  1
 0
LINE
8
default
6
CONTINUOUS
10
-404.197
20
  98.887
30
 169.276
11
-403.872
21
  99.686
31
 169.512
39
 0
62
  1
 0
LINE
8
default
6
CONTINUOUS
10
 403.872
20
  99.686
30
 169.512
11
 403.551
21
 100.576
31
 169.745
39
 0
62
  1
 0
LINE
8
default
6
CONTINUOUS
10
-403.872
20
  99.686
30
 169.512
11
-403.551
21
 100.576
31
 169.745
39
 0
62
  1
 0
LINE
8
default
6
CONTINUOUS
10
 403.551
20
 100.576
30
 169.745
11
 403.231
21
 101.567
31
 169.977
39
 0
62
  1
 0
LINE
8
default
6
CONTINUOUS
10
-403.551
20
 100.576
30
 169.745
11
-403.231
21
 101.567
31
 169.977
39
 0
62
  1
 0
LINE
8
default
6
CONTINUOUS
10
 403.231
20
 101.567
30
 169.977
11
 402.910
21
 102.681
31
 170.210
39
 0
62
  1
 0
LINE
8
default
6
CONTINUOUS
10
-403.231
20
 101.567
30
 169.977
11
-402.910
21
 102.681
31
 170.210
39
 0
62
  1
 0
LINE
8
default
6
CONTINUOUS
10
 402.910
20
 102.681
30
 170.210
11
 402.613
21
 103.818
31
 170.425
39
 0
62
  1
 0
LINE
8
default
6
CONTINUOUS
10
-402.910
20
 102.681
30
 170.210
11
-402.613
21
 103.818
31
 170.425
39
 0
62
  1
 0
LINE
8
default
6
CONTINUOUS
10
 402.613
20
 103.818
30
 170.425
11
 402.184
21
 105.643
31
 170.736
39
 0
62
  1
 0
LINE
8
default
6
CONTINUOUS
10
-402.613
20
 103.818
30
 170.425
11
-402.184
21
 105.643
31
 170.736
39
 0
62
  1
 0
LINE
8
default
6
CONTINUOUS
10
 402.184
20
 105.643
30
 170.736
11
 401.898
21
 106.978
31
 170.944
39
 0
62
  3
 0
LINE
8
default
6
CONTINUOUS
10
-402.184
20
 105.643
30
 170.736
11
-401.898
21
 106.978
31
 170.944
39
 0
62
  3
 0
LINE
8
default
6
CONTINUOUS
10
 401.898
20
 106.978
30
 170.944
11
 401.533
21
 108.831
31
 171.209
39
 0
62
  3
 0
LINE
8
default
6
CONTINUOUS
10
-401.898
20
 106.978
30
 170.944
11
-401.533
21
 108.831
31
 171.209
39
 0
62
  3
 0
LINE
8
default
6
CONTINUOUS
10
 401.533
20
 108.831
30
 171.209
11
 401.150
21
 110.958
31
 171.487
39
 0
62
  3
 0
LINE
8
default
6
CONTINUOUS
10
-401.533
20
 108.831
30
 171.209
11
-401.150
21
 110.958
31
 171.487
39
 0
62
  3
 0
LINE
8
default
6
CONTINUOUS
10
 401.150
20
 110.958
30
 171.487
11
 400.746
21
 113.414
31
 171.780
39
 0
62
  3
 0
LINE
8
default
6
CONTINUOUS
10
-401.150
20
 110.958
30
 171.487
11
-400.746
21
 113.414
31
 171.780
39
 0
62
  3
 0
LINE
8
default
6
CONTINUOUS
10
 400.746
20
 113.414
30
 171.780
11
 400.325
21
 116.245
31
 172.085
39
 0
62
  3
 0
LINE
8
default
6
CONTINUOUS
10
-400.746
20
 113.414
30
 171.780
11
-400.325
21
 116.245
31
 172.085
39
 0
62
  3
 0
LINE
8
default
6
CONTINUOUS
10
 400.325
20
 116.245
30
 172.085
11
 399.894
21
 119.483
31
 172.398
39
 0
62
  3
 0
LINE
8
default
6
CONTINUOUS
10
-400.325
20
 116.245
30
 172.085
11
-399.894
21
 119.483
31
 172.398
39
 0
62
  3
 0
LINE
8
default
6
CONTINUOUS
10
 399.894
20
 119.483
30
 172.398
11
 399.471
21
 123.121
31
 172.704
39
 0
62
  3
 0
LINE
8
default
6
CONTINUOUS
10
-399.894
20
 119.483
30
 172.398
11
-399.471
21
 123.121
31
 172.704
39
 0
62
  3
 0
LINE
8
default
6
CONTINUOUS
10
 399.471
20
 123.121
30
 172.704
11
 399.070
21
 127.113
31
 172.996
39
 0
62
  3
 0
LINE
8
default
6
CONTINUOUS
10
-399.471
20
 123.121
30
 172.704
11
-399.070
21
 127.113
31
 172.996
39
 0
62
  3
 0
LINE
8
default
6
CONTINUOUS
10
 399.070
20
 127.113
30
 172.996
11
 398.702
21
 131.367
31
 173.263
39
 0
62
  3
 0
LINE
8
default
6
CONTINUOUS
10
-399.070
20
 127.113
30
 172.996
11
-398.702
21
 131.367
31
 173.263
39
 0
62
  3
 0
LINE
8
default
6
CONTINUOUS
10
 398.702
20
 131.367
30
 173.263
11
 398.372
21
 135.824
31
 173.502
39
 0
62
  3
 0
LINE
8
default
6
CONTINUOUS
10
-398.702
20
 131.367
30
 173.263
11
-398.372
21
 135.824
31
 173.502
39
 0
62
  3
 0
LINE
8
default
6
CONTINUOUS
10
 398.372
20
 135.824
30
 173.502
11
 398.085
21
 140.431
31
 173.710
39
 0
62
  3
 0
LINE
8
default
6
CONTINUOUS
10
-398.372
20
 135.824
30
 173.502
11
-398.085
21
 140.431
31
 173.710
39
 0
62
  3
 0
LINE
8
default
6
CONTINUOUS
10
 398.085
20
 140.431
30
 173.710
11
 397.842
21
 145.137
31
 173.886
39
 0
62
  3
 0
LINE
8
default
6
CONTINUOUS
10
-398.085
20
 140.431
30
 173.710
11
-397.842
21
 145.137
31
 173.886
39
 0
62
  3
 0
LINE
8
default
6
CONTINUOUS
10
 397.842
20
 145.137
30
 173.886
11
 397.650
21
 149.895
31
 174.026
39
 0
62
  3
 0
LINE
8
default
6
CONTINUOUS
10
-397.842
20
 145.137
30
 173.886
11
-397.650
21
 149.895
31
 174.026
39
 0
62
  3
 0
LINE
8
default
6
CONTINUOUS
10
 397.650
20
 149.895
30
 174.026
11
 397.510
21
 154.669
31
 174.127
39
 0
62
  3
 0
LINE
8
default
6
CONTINUOUS
10
-397.650
20
 149.895
30
 174.026
11
-397.510
21
 154.669
31
 174.127
39
 0
62
  3
 0
LINE
8
default
6
CONTINUOUS
10
 397.510
20
 154.669
30
 174.127
11
 397.427
21
 159.447
31
 174.188
39
 0
62
  3
 0
LINE
8
default
6
CONTINUOUS
10
-397.510
20
 154.669
30
 174.127
11
-397.427
21
 159.447
31
 174.188
39
 0
62
  3
 0
LINE
8
default
6
CONTINUOUS
10
 397.427
20
 159.447
30
 174.188
11
 397.395
21
 164.235
31
 174.211
39
 0
62
  3
 0
LINE
8
default
6
CONTINUOUS
10
-397.427
20
 159.447
30
 174.188
11
-397.395
21
 164.235
31
 174.211
39
 0
62
  3
 0
LINE
8
default
6
CONTINUOUS
10
 397.395
20
 164.235
30
 174.211
11
 397.411
21
 169.049
31
 174.199
39
 0
62
  3
 0
LINE
8
default
6
CONTINUOUS
10
-397.395
20
 164.235
30
 174.211
11
-397.411
21
 169.049
31
 174.199
39
 0
62
  3
 0
LINE
8
default
6
CONTINUOUS
10
 397.411
20
 169.049
30
 174.199
11
 397.468
21
 173.910
31
 174.158
39
 0
62
  3
 0
LINE
8
default
6
CONTINUOUS
10
-397.411
20
 169.049
30
 174.199
11
-397.468
21
 173.910
31
 174.158
39
 0
62
  3
 0
LINE
8
default
6
CONTINUOUS
10
 397.468
20
 173.910
30
 174.158
11
 397.563
21
 178.823
31
 174.089
39
 0
62
  3
 0
LINE
8
default
6
CONTINUOUS
10
-397.468
20
 173.910
30
 174.158
11
-397.563
21
 178.823
31
 174.089
39
 0
62
  3
 0
LINE
8
default
6
CONTINUOUS
10
 397.563
20
 178.823
30
 174.089
11
 397.695
21
 183.775
31
 173.993
39
 0
62
  3
 0
LINE
8
default
6
CONTINUOUS
10
-397.563
20
 178.823
30
 174.089
11
-397.695
21
 183.775
31
 173.993
39
 0
62
  3
 0
LINE
8
default
6
CONTINUOUS
10
 397.695
20
 183.775
30
 173.993
11
 397.860
21
 188.750
31
 173.873
39
 0
62
  3
 0
LINE
8
default
6
CONTINUOUS
10
-397.695
20
 183.775
30
 173.993
11
-397.860
21
 188.750
31
 173.873
39
 0
62
  3
 0
LINE
8
default
6
CONTINUOUS
10
 397.860
20
 188.750
30
 173.873
11
 398.059
21
 193.733
31
 173.729
39
 0
62
  3
 0
LINE
8
default
6
CONTINUOUS
10
-397.860
20
 188.750
30
 173.873
11
-398.059
21
 193.733
31
 173.729
39
 0
62
  3
 0
LINE
8
default
6
CONTINUOUS
10
 398.059
20
 193.733
30
 173.729
11
 398.290
21
 198.722
31
 173.562
39
 0
62
  3
 0
LINE
8
default
6
CONTINUOUS
10
-398.059
20
 193.733
30
 173.729
11
-398.290
21
 198.722
31
 173.562
39
 0
62
  3
 0
LINE
8
default
6
CONTINUOUS
10
 398.290
20
 198.722
30
 173.562
11
 398.552
21
 203.726
31
 173.372
39
 0
62
  3
 0
LINE
8
default
6
CONTINUOUS
10
-398.290
20
 198.722
30
 173.562
11
-398.552
21
 203.726
31
 173.372
39
 0
62
  3
 0
LINE
8
default
6
CONTINUOUS
10
 398.552
20
 203.726
30
 173.372
11
 398.843
21
 208.748
31
 173.160
39
 0
62
  3
 0
LINE
8
default
6
CONTINUOUS
10
-398.552
20
 203.726
30
 173.372
11
-398.843
21
 208.748
31
 173.160
39
 0
62
  3
 0
LINE
8
default
6
CONTINUOUS
10
 398.843
20
 208.748
30
 173.160
11
 399.164
21
 213.785
31
 172.928
39
 0
62
  3
 0
LINE
8
default
6
CONTINUOUS
10
-398.843
20
 208.748
30
 173.160
11
-399.164
21
 213.785
31
 172.928
39
 0
62
  3
 0
LINE
8
default
6
CONTINUOUS
10
 399.164
20
 213.785
30
 172.928
11
 399.508
21
 218.826
31
 172.678
39
 0
62
  3
 0
LINE
8
default
6
CONTINUOUS
10
-399.164
20
 213.785
30
 172.928
11
-399.508
21
 218.826
31
 172.678
39
 0
62
  3
 0
LINE
8
default
6
CONTINUOUS
10
 399.508
20
 218.826
30
 172.678
11
 399.877
21
 223.854
31
 172.410
39
 0
62
  3
 0
LINE
8
default
6
CONTINUOUS
10
-399.508
20
 218.826
30
 172.678
11
-399.877
21
 223.854
31
 172.410
39
 0
62
  3
 0
LINE
8
default
6
CONTINUOUS
10
 399.877
20
 223.854
30
 172.410
11
 400.262
21
 228.860
31
 172.131
39
 0
62
  3
 0
LINE
8
default
6
CONTINUOUS
10
-399.877
20
 223.854
30
 172.410
11
-400.262
21
 228.860
31
 172.131
39
 0
62
  3
 0
LINE
8
default
6
CONTINUOUS
10
 400.262
20
 228.860
30
 172.131
11
 400.664
21
 233.868
31
 171.840
39
 0
62
  3
 0
LINE
8
default
6
CONTINUOUS
10
-400.262
20
 228.860
30
 172.131
11
-400.664
21
 233.868
31
 171.840
39
 0
62
  3
 0
LINE
8
default
6
CONTINUOUS
10
 400.664
20
 233.868
30
 171.840
11
 401.080
21
 238.916
31
 171.537
39
 0
62
  3
 0
LINE
8
default
6
CONTINUOUS
10
-400.664
20
 233.868
30
 171.840
11
-401.080
21
 238.916
31
 171.537
39
 0
62
  3
 0
LINE
8
default
6
CONTINUOUS
10
 401.080
20
 238.916
30
 171.537
11
 401.513
21
 244.006
31
 171.223
39
 0
62
  3
 0
LINE
8
default
6
CONTINUOUS
10
-401.080
20
 238.916
30
 171.537
11
-401.513
21
 244.006
31
 171.223
39
 0
62
  3
 0
LINE
8
default
6
CONTINUOUS
10
 401.513
20
 244.006
30
 171.223
11
 401.945
21
 248.956
31
 170.910
39
 0
62
  3
 0
LINE
8
default
6
CONTINUOUS
10
-401.513
20
 244.006
30
 171.223
11
-401.945
21
 248.956
31
 170.910
39
 0
62
  3
 0
LINE
8
default
6
CONTINUOUS
10
 401.945
20
 248.956
30
 170.910
11
 402.346
21
 253.482
31
 170.619
39
 0
62
  3
 0
LINE
8
default
6
CONTINUOUS
10
-401.945
20
 248.956
30
 170.910
11
-402.346
21
 253.482
31
 170.619
39
 0
62
  3
 0
LINE
8
default
6
CONTINUOUS
10
 402.346
20
 253.482
30
 170.619
11
 402.703
21
 257.411
31
 170.360
39
 0
62
  3
 0
LINE
8
default
6
CONTINUOUS
10
-402.346
20
 253.482
30
 170.619
11
-402.703
21
 257.411
31
 170.360
39
 0
62
  3
 0
LINE
8
default
6
CONTINUOUS
10
 402.703
20
 257.411
30
 170.360
11
 403.010
21
 260.761
31
 170.137
39
 0
62
  3
 0
LINE
8
default
6
CONTINUOUS
10
-402.703
20
 257.411
30
 170.360
11
-403.010
21
 260.761
31
 170.137
39
 0
62
  3
 0
LINE
8
default
6
CONTINUOUS
10
 403.010
20
 260.761
30
 170.137
11
 403.193
21
 262.726
31
 170.005
39
 0
62
  3
 0
LINE
8
default
6
CONTINUOUS
10
-403.010
20
 260.761
30
 170.137
11
-403.193
21
 262.726
31
 170.005
39
 0
62
  3
 0
LINE
8
default
6
CONTINUOUS
10
 417.754
20
 255.641
30
 193.035
11
 418.103
21
 254.022
31
 192.847
39
 0
62
  5
 0
LINE
8
default
6
CONTINUOUS
10
-417.754
20
 255.641
30
 193.035
11
-418.103
21
 254.022
31
 192.847
39
 0
62
  5
 0
LINE
8
default
6
CONTINUOUS
10
 418.103
20
 254.022
30
 192.847
11
 418.693
21
 251.263
31
 192.529
39
 0
62
  5
 0
LINE
8
default
6
CONTINUOUS
10
-418.103
20
 254.022
30
 192.847
11
-418.693
21
 251.263
31
 192.529
39
 0
62
  5
 0
LINE
8
default
6
CONTINUOUS
10
 418.693
20
 251.263
30
 192.529
11
 419.381
21
 248.028
31
 192.157
39
 0
62
  5
 0
LINE
8
default
6
CONTINUOUS
10
-418.693
20
 251.263
30
 192.529
11
-419.381
21
 248.028
31
 192.157
39
 0
62
  5
 0
LINE
8
default
6
CONTINUOUS
10
 419.381
20
 248.028
30
 192.157
11
 420.165
21
 244.298
31
 191.734
39
 0
62
  5
 0
LINE
8
default
6
CONTINUOUS
10
-419.381
20
 248.028
30
 192.157
11
-420.165
21
 244.298
31
 191.734
39
 0
62
  5
 0
LINE
8
default
6
CONTINUOUS
10
 420.165
20
 244.298
30
 191.734
11
 421.016
21
 240.212
31
 191.274
39
 0
62
  5
 0
LINE
8
default
6
CONTINUOUS
10
-420.165
20
 244.298
30
 191.734
11
-421.016
21
 240.212
31
 191.274
39
 0
62
  5
 0
LINE
8
default
6
CONTINUOUS
10
 421.016
20
 240.212
30
 191.274
11
 421.882
21
 236.008
31
 190.807
39
 0
62
  5
 0
LINE
8
default
6
CONTINUOUS
10
-421.016
20
 240.212
30
 191.274
11
-421.882
21
 236.008
31
 190.807
39
 0
62
  5
 0
LINE
8
default
6
CONTINUOUS
10
 421.882
20
 236.008
30
 190.807
11
 422.729
21
 231.834
31
 190.350
39
 0
62
  5
 0
LINE
8
default
6
CONTINUOUS
10
-421.882
20
 236.008
30
 190.807
11
-422.729
21
 231.834
31
 190.350
39
 0
62
  5
 0
LINE
8
default
6
CONTINUOUS
10
 422.729
20
 231.834
30
 190.350
11
 423.557
21
 227.690
31
 189.903
39
 0
62
  5
 0
LINE
8
default
6
CONTINUOUS
10
-422.729
20
 231.834
30
 190.350
11
-423.557
21
 227.690
31
 189.903
39
 0
62
  5
 0
LINE
8
default
6
CONTINUOUS
10
 423.557
20
 227.690
30
 189.903
11
 424.374
21
 223.536
31
 189.462
39
 0
62
  5
 0
LINE
8
default
6
CONTINUOUS
10
-423.557
20
 227.690
30
 189.903
11
-424.374
21
 223.536
31
 189.462
39
 0
62
  5
 0
LINE
8
default
6
CONTINUOUS
10
 424.374
20
 223.536
30
 189.462
11
 425.182
21
 219.351
31
 189.026
39
 0
62
  5
 0
LINE
8
default
6
CONTINUOUS
10
-424.374
20
 223.536
30
 189.462
11
-425.182
21
 219.351
31
 189.026
39
 0
62
  5
 0
LINE
8
default
6
CONTINUOUS
10
 425.182
20
 219.351
30
 189.026
11
 425.978
21
 215.130
31
 188.596
39
 0
62
  5
 0
LINE
8
default
6
CONTINUOUS
10
-425.182
20
 219.351
30
 189.026
11
-425.978
21
 215.130
31
 188.596
39
 0
62
  5
 0
LINE
8
default
6
CONTINUOUS
10
 425.978
20
 215.130
30
 188.596
11
 426.763
21
 210.886
31
 188.172
39
 0
62
  5
 0
LINE
8
default
6
CONTINUOUS
10
-425.978
20
 215.130
30
 188.596
11
-426.763
21
 210.886
31
 188.172
39
 0
62
  5
 0
LINE
8
default
6
CONTINUOUS
10
 426.763
20
 210.886
30
 188.172
11
 427.531
21
 206.631
31
 187.758
39
 0
62
  5
 0
LINE
8
default
6
CONTINUOUS
10
-426.763
20
 210.886
30
 188.172
11
-427.531
21
 206.631
31
 187.758
39
 0
62
  5
 0
LINE
8
default
6
CONTINUOUS
10
 427.531
20
 206.631
30
 187.758
11
 428.285
21
 202.373
31
 187.351
39
 0
62
  5
 0
LINE
8
default
6
CONTINUOUS
10
-427.531
20
 206.631
30
 187.758
11
-428.285
21
 202.373
31
 187.351
39
 0
62
  5
 0
LINE
8
default
6
CONTINUOUS
10
 428.285
20
 202.373
30
 187.351
11
 429.021
21
 198.121
31
 186.953
39
 0
62
  5
 0
LINE
8
default
6
CONTINUOUS
10
-428.285
20
 202.373
30
 187.351
11
-429.021
21
 198.121
31
 186.953
39
 0
62
  5
 0
LINE
8
default
6
CONTINUOUS
10
 429.021
20
 198.121
30
 186.953
11
 429.744
21
 193.877
31
 186.563
39
 0
62
  5
 0
LINE
8
default
6
CONTINUOUS
10
-429.021
20
 198.121
30
 186.953
11
-429.744
21
 193.877
31
 186.563
39
 0
62
  5
 0
LINE
8
default
6
CONTINUOUS
10
 429.744
20
 193.877
30
 186.563
11
 430.449
21
 189.646
31
 186.182
39
 0
62
  5
 0
LINE
8
default
6
CONTINUOUS
10
-429.744
20
 193.877
30
 186.563
11
-430.449
21
 189.646
31
 186.182
39
 0
62
  5
 0
LINE
8
default
6
CONTINUOUS
10
 430.449
20
 189.646
30
 186.182
11
 431.137
21
 185.430
31
 185.811
39
 0
62
  5
 0
LINE
8
default
6
CONTINUOUS
10
-430.449
20
 189.646
30
 186.182
11
-431.137
21
 185.430
31
 185.811
39
 0
62
  5
 0
LINE
8
default
6
CONTINUOUS
10
 431.137
20
 185.430
30
 185.811
11
 431.803
21
 181.234
31
 185.452
39
 0
62
  5
 0
LINE
8
default
6
CONTINUOUS
10
-431.137
20
 185.430
30
 185.811
11
-431.803
21
 181.234
31
 185.452
39
 0
62
  5
 0
LINE
8
default
6
CONTINUOUS
10
 431.803
20
 181.234
30
 185.452
11
 432.446
21
 177.061
31
 185.104
39
 0
62
  5
 0
LINE
8
default
6
CONTINUOUS
10
-431.803
20
 181.234
30
 185.452
11
-432.446
21
 177.061
31
 185.104
39
 0
62
  5
 0
LINE
8
default
6
CONTINUOUS
10
 432.446
20
 177.061
30
 185.104
11
 433.064
21
 172.925
31
 184.771
39
 0
62
  5
 0
LINE
8
default
6
CONTINUOUS
10
-432.446
20
 177.061
30
 185.104
11
-433.064
21
 172.925
31
 184.771
39
 0
62
  5
 0
LINE
8
default
6
CONTINUOUS
10
 433.064
20
 172.925
30
 184.771
11
 433.651
21
 168.833
31
 184.454
39
 0
62
  5
 0
LINE
8
default
6
CONTINUOUS
10
-433.064
20
 172.925
30
 184.771
11
-433.651
21
 168.833
31
 184.454
39
 0
62
  5
 0
LINE
8
default
6
CONTINUOUS
10
 433.651
20
 168.833
30
 184.454
11
 434.207
21
 164.805
31
 184.154
39
 0
62
  5
 0
LINE
8
default
6
CONTINUOUS
10
-433.651
20
 168.833
30
 184.454
11
-434.207
21
 164.805
31
 184.154
39
 0
62
  5
 0
LINE
8
default
6
CONTINUOUS
10
 434.207
20
 164.805
30
 184.154
11
 434.722
21
 160.867
31
 183.876
39
 0
62
  5
 0
LINE
8
default
6
CONTINUOUS
10
-434.207
20
 164.805
30
 184.154
11
-434.722
21
 160.867
31
 183.876
39
 0
62
  5
 0
LINE
8
default
6
CONTINUOUS
10
 434.722
20
 160.867
30
 183.876
11
 435.187
21
 157.053
31
 183.625
39
 0
62
  5
 0
LINE
8
default
6
CONTINUOUS
10
-434.722
20
 160.867
30
 183.876
11
-435.187
21
 157.053
31
 183.625
39
 0
62
  5
 0
LINE
8
default
6
CONTINUOUS
10
 435.187
20
 157.053
30
 183.625
11
 435.592
21
 153.401
31
 183.407
39
 0
62
  5
 0
LINE
8
default
6
CONTINUOUS
10
-435.187
20
 157.053
30
 183.625
11
-435.592
21
 153.401
31
 183.407
39
 0
62
  5
 0
LINE
8
default
6
CONTINUOUS
10
 435.592
20
 153.401
30
 183.407
11
 435.929
21
 149.937
31
 183.224
39
 0
62
  5
 0
LINE
8
default
6
CONTINUOUS
10
-435.592
20
 153.401
30
 183.407
11
-435.929
21
 149.937
31
 183.224
39
 0
62
  5
 0
LINE
8
default
6
CONTINUOUS
10
 435.929
20
 149.937
30
 183.224
11
 436.188
21
 146.677
31
 183.085
39
 0
62
  5
 0
LINE
8
default
6
CONTINUOUS
10
-435.929
20
 149.937
30
 183.224
11
-436.188
21
 146.677
31
 183.085
39
 0
62
  5
 0
LINE
8
default
6
CONTINUOUS
10
 436.188
20
 146.677
30
 183.085
11
 436.359
21
 143.622
31
 182.992
39
 0
62
  5
 0
LINE
8
default
6
CONTINUOUS
10
-436.188
20
 146.677
30
 183.085
11
-436.359
21
 143.622
31
 182.992
39
 0
62
  5
 0
LINE
8
default
6
CONTINUOUS
10
 436.359
20
 143.622
30
 182.992
11
 436.435
21
 140.775
31
 182.951
39
 0
62
  5
 0
LINE
8
default
6
CONTINUOUS
10
-436.359
20
 143.622
30
 182.992
11
-436.435
21
 140.775
31
 182.951
39
 0
62
  5
 0
LINE
8
default
6
CONTINUOUS
10
 436.435
20
 140.775
30
 182.951
11
 436.415
21
 138.133
31
 182.962
39
 0
62
  5
 0
LINE
8
default
6
CONTINUOUS
10
-436.435
20
 140.775
30
 182.951
11
-436.415
21
 138.133
31
 182.962
39
 0
62
  5
 0
LINE
8
default
6
CONTINUOUS
10
 436.415
20
 138.133
30
 182.962
11
 436.296
21
 135.689
31
 183.027
39
 0
62
  5
 0
LINE
8
default
6
CONTINUOUS
10
-436.415
20
 138.133
30
 182.962
11
-436.296
21
 135.689
31
 183.027
39
 0
62
  5
 0
LINE
8
default
6
CONTINUOUS
10
 436.296
20
 135.689
30
 183.027
11
 436.082
21
 133.440
31
 183.142
39
 0
62
  5
 0
LINE
8
default
6
CONTINUOUS
10
-436.296
20
 135.689
30
 183.027
11
-436.082
21
 133.440
31
 183.142
39
 0
62
  5
 0
LINE
8
default
6
CONTINUOUS
10
 436.082
20
 133.440
30
 183.142
11
 435.777
21
 131.372
31
 183.307
39
 0
62
  5
 0
LINE
8
default
6
CONTINUOUS
10
-436.082
20
 133.440
30
 183.142
11
-435.777
21
 131.372
31
 183.307
39
 0
62
  5
 0
LINE
8
default
6
CONTINUOUS
10
 435.777
20
 131.372
30
 183.307
11
 435.382
21
 129.477
31
 183.520
39
 0
62
  5
 0
LINE
8
default
6
CONTINUOUS
10
-435.777
20
 131.372
30
 183.307
11
-435.382
21
 129.477
31
 183.520
39
 0
62
  5
 0
LINE
8
default
6
CONTINUOUS
10
 435.382
20
 129.477
30
 183.520
11
 434.902
21
 127.739
31
 183.779
39
 0
62
  5
 0
LINE
8
default
6
CONTINUOUS
10
-435.382
20
 129.477
30
 183.520
11
-434.902
21
 127.739
31
 183.779
39
 0
62
  5
 0
LINE
8
default
6
CONTINUOUS
10
 434.902
20
 127.739
30
 183.779
11
 434.352
21
 126.155
31
 184.076
39
 0
62
  5
 0
LINE
8
default
6
CONTINUOUS
10
-434.902
20
 127.739
30
 183.779
11
-434.352
21
 126.155
31
 184.076
39
 0
62
  5
 0
LINE
8
default
6
CONTINUOUS
10
 434.352
20
 126.155
30
 184.076
11
 433.750
21
 124.719
31
 184.401
39
 0
62
  5
 0
LINE
8
default
6
CONTINUOUS
10
-434.352
20
 126.155
30
 184.076
11
-433.750
21
 124.719
31
 184.401
39
 0
62
  5
 0
LINE
8
default
6
CONTINUOUS
10
 433.750
20
 124.719
30
 184.401
11
 433.113
21
 123.422
31
 184.745
39
 0
62
  5
 0
LINE
8
default
6
CONTINUOUS
10
-433.750
20
 124.719
30
 184.401
11
-433.113
21
 123.422
31
 184.745
39
 0
62
  5
 0
LINE
8
default
6
CONTINUOUS
10
 433.113
20
 123.422
30
 184.745
11
 432.459
21
 122.260
31
 185.098
39
 0
62
  5
 0
LINE
8
default
6
CONTINUOUS
10
-433.113
20
 123.422
30
 184.745
11
-432.459
21
 122.260
31
 185.098
39
 0
62
  5
 0
LINE
8
default
6
CONTINUOUS
10
 432.459
20
 122.260
30
 185.098
11
 431.794
21
 121.219
31
 185.457
39
 0
62
  5
 0
LINE
8
default
6
CONTINUOUS
10
-432.459
20
 122.260
30
 185.098
11
-431.794
21
 121.219
31
 185.457
39
 0
62
  5
 0
LINE
8
default
6
CONTINUOUS
10
 431.794
20
 121.219
30
 185.457
11
 431.128
21
 120.290
31
 185.816
39
 0
62
  5
 0
LINE
8
default
6
CONTINUOUS
10
-431.794
20
 121.219
30
 185.457
11
-431.128
21
 120.290
31
 185.816
39
 0
62
  5
 0
LINE
8
default
6
CONTINUOUS
10
 431.128
20
 120.290
30
 185.816
11
 430.468
21
 119.465
31
 186.173
39
 0
62
  5
 0
LINE
8
default
6
CONTINUOUS
10
-431.128
20
 120.290
30
 185.816
11
-430.468
21
 119.465
31
 186.173
39
 0
62
  5
 0
LINE
8
default
6
CONTINUOUS
10
 430.468
20
 119.465
30
 186.173
11
 429.819
21
 118.732
31
 186.523
39
 0
62
  5
 0
LINE
8
default
6
CONTINUOUS
10
-430.468
20
 119.465
30
 186.173
11
-429.819
21
 118.732
31
 186.523
39
 0
62
  5
 0
LINE
8
default
6
CONTINUOUS
10
 429.819
20
 118.732
30
 186.523
11
 429.180
21
 118.083
31
 186.868
39
 0
62
  5
 0
LINE
8
default
6
CONTINUOUS
10
-429.819
20
 118.732
30
 186.523
11
-429.180
21
 118.083
31
 186.868
39
 0
62
  5
 0
LINE
8
default
6
CONTINUOUS
10
 429.180
20
 118.083
30
 186.868
11
 428.556
21
 117.512
31
 187.204
39
 0
62
  5
 0
LINE
8
default
6
CONTINUOUS
10
-429.180
20
 118.083
30
 186.868
11
-428.556
21
 117.512
31
 187.204
39
 0
62
  5
 0
LINE
8
default
6
CONTINUOUS
10
 428.556
20
 117.512
30
 187.204
11
 427.942
21
 117.009
31
 187.536
39
 0
62
  5
 0
LINE
8
default
6
CONTINUOUS
10
-428.556
20
 117.512
30
 187.204
11
-427.942
21
 117.009
31
 187.536
39
 0
62
  5
 0
LINE
8
default
6
CONTINUOUS
10
 427.942
20
 117.009
30
 187.536
11
 427.340
21
 116.570
31
 187.861
39
 0
62
  5
 0
LINE
8
default
6
CONTINUOUS
10
-427.942
20
 117.009
30
 187.536
11
-427.340
21
 116.570
31
 187.861
39
 0
62
  5
 0
LINE
8
default
6
CONTINUOUS
10
 427.340
20
 116.570
30
 187.861
11
 426.752
21
 116.192
31
 188.178
39
 0
62
  5
 0
LINE
8
default
6
CONTINUOUS
10
-427.340
20
 116.570
30
 187.861
11
-426.752
21
 116.192
31
 188.178
39
 0
62
  5
 0
LINE
8
default
6
CONTINUOUS
10
 426.752
20
 116.192
30
 188.178
11
 426.181
21
 115.872
31
 188.486
39
 0
62
  5
 0
LINE
8
default
6
CONTINUOUS
10
-426.752
20
 116.192
30
 188.178
11
-426.181
21
 115.872
31
 188.486
39
 0
62
  5
 0
LINE
8
default
6
CONTINUOUS
10
 426.181
20
 115.872
30
 188.486
11
 425.630
21
 115.607
31
 188.784
39
 0
62
  5
 0
LINE
8
default
6
CONTINUOUS
10
-426.181
20
 115.872
30
 188.486
11
-425.630
21
 115.607
31
 188.784
39
 0
62
  5
 0
LINE
8
default
6
CONTINUOUS
10
 425.630
20
 115.607
30
 188.784
11
 425.092
21
 115.391
31
 189.074
39
 0
62
  5
 0
LINE
8
default
6
CONTINUOUS
10
-425.630
20
 115.607
30
 188.784
11
-425.092
21
 115.391
31
 189.074
39
 0
62
  5
 0
LINE
8
default
6
CONTINUOUS
10
 425.092
20
 115.391
30
 189.074
11
 424.577
21
 115.215
31
 189.352
39
 0
62
  5
 0
LINE
8
default
6
CONTINUOUS
10
-425.092
20
 115.391
30
 189.074
11
-424.577
21
 115.215
31
 189.352
39
 0
62
  5
 0
LINE
8
default
6
CONTINUOUS
10
 424.577
20
 115.215
30
 189.352
11
 424.050
21
 115.073
31
 189.637
39
 0
62
  5
 0
LINE
8
default
6
CONTINUOUS
10
-424.577
20
 115.215
30
 189.352
11
-424.050
21
 115.073
31
 189.637
39
 0
62
  5
 0
LINE
8
default
6
CONTINUOUS
10
 424.050
20
 115.073
30
 189.637
11
 423.604
21
 114.966
31
 189.878
39
 0
62
  5
 0
LINE
8
default
6
CONTINUOUS
10
-424.050
20
 115.073
30
 189.637
11
-423.604
21
 114.966
31
 189.878
39
 0
62
  5
 0
LINE
8
default
6
CONTINUOUS
10
 423.604
20
 114.966
30
 189.878
11
 422.964
21
 114.889
31
 190.223
39
 0
62
  5
 0
LINE
8
default
6
CONTINUOUS
10
-423.604
20
 114.966
30
 189.878
11
-422.964
21
 114.889
31
 190.223
39
 0
62
  5
 0
LINE
8
default
6
CONTINUOUS
10
 422.964
20
 114.889
30
 190.223
11
 422.913
21
 114.889
31
 190.250
39
 0
62
  5
 0
LINE
8
default
6
CONTINUOUS
10
-422.964
20
 114.889
30
 190.223
11
-422.913
21
 114.889
31
 190.250
39
 0
62
  5
 0
LINE
8
default
6
CONTINUOUS
10
 422.913
20
 114.889
30
 190.250
11
 422.192
21
 114.920
31
 190.639
39
 0
62
  5
 0
LINE
8
default
6
CONTINUOUS
10
-422.913
20
 114.889
30
 190.250
11
-422.192
21
 114.920
31
 190.639
39
 0
62
  5
 0
LINE
8
default
6
CONTINUOUS
10
 422.192
20
 114.920
30
 190.639
11
 421.868
21
 115.038
31
 190.815
39
 0
62
  5
 0
LINE
8
default
6
CONTINUOUS
10
-422.192
20
 114.920
30
 190.639
11
-421.868
21
 115.038
31
 190.815
39
 0
62
  5
 0
LINE
8
default
6
CONTINUOUS
10
 421.868
20
 115.038
30
 190.815
11
 421.465
21
 115.223
31
 191.032
39
 0
62
  5
 0
LINE
8
default
6
CONTINUOUS
10
-421.868
20
 115.038
30
 190.815
11
-421.465
21
 115.223
31
 191.032
39
 0
62
  5
 0
LINE
8
default
6
CONTINUOUS
10
 421.465
20
 115.223
30
 191.032
11
 421.096
21
 115.482
31
 191.231
39
 0
62
  5
 0
LINE
8
default
6
CONTINUOUS
10
-421.465
20
 115.223
30
 191.032
11
-421.096
21
 115.482
31
 191.231
39
 0
62
  5
 0
LINE
8
default
6
CONTINUOUS
10
 421.096
20
 115.482
30
 191.231
11
 420.747
21
 115.815
31
 191.420
39
 0
62
  5
 0
LINE
8
default
6
CONTINUOUS
10
-421.096
20
 115.482
30
 191.231
11
-420.747
21
 115.815
31
 191.420
39
 0
62
  5
 0
LINE
8
default
6
CONTINUOUS
10
 420.747
20
 115.815
30
 191.420
11
 420.426
21
 116.221
31
 191.593
39
 0
62
  5
 0
LINE
8
default
6
CONTINUOUS
10
-420.747
20
 115.815
30
 191.420
11
-420.426
21
 116.221
31
 191.593
39
 0
62
  5
 0
LINE
8
default
6
CONTINUOUS
10
 420.426
20
 116.221
30
 191.593
11
 420.118
21
 116.700
31
 191.759
39
 0
62
  5
 0
LINE
8
default
6
CONTINUOUS
10
-420.426
20
 116.221
30
 191.593
11
-420.118
21
 116.700
31
 191.759
39
 0
62
  5
 0
LINE
8
default
6
CONTINUOUS
10
 420.118
20
 116.700
30
 191.759
11
 419.949
21
 117.001
31
 191.850
39
 0
62
  5
 0
LINE
8
default
6
CONTINUOUS
10
-420.118
20
 116.700
30
 191.759
11
-419.949
21
 117.001
31
 191.850
39
 0
62
  5
 0
LINE
8
default
6
CONTINUOUS
10
 419.949
20
 117.001
30
 191.850
11
 419.812
21
 117.245
31
 191.924
39
 0
62
  1
 0
LINE
8
default
6
CONTINUOUS
10
-419.949
20
 117.001
30
 191.850
11
-419.812
21
 117.245
31
 191.924
39
 0
62
  1
 0
LINE
8
default
6
CONTINUOUS
10
 419.812
20
 117.245
30
 191.924
11
 419.508
21
 117.850
31
 192.088
39
 0
62
  1
 0
LINE
8
default
6
CONTINUOUS
10
-419.812
20
 117.245
30
 191.924
11
-419.508
21
 117.850
31
 192.088
39
 0
62
  1
 0
LINE
8
default
6
CONTINUOUS
10
 419.508
20
 117.850
30
 192.088
11
 419.207
21
 118.519
31
 192.251
39
 0
62
  1
 0
LINE
8
default
6
CONTINUOUS
10
-419.508
20
 117.850
30
 192.088
11
-419.207
21
 118.519
31
 192.251
39
 0
62
  1
 0
LINE
8
default
6
CONTINUOUS
10
 419.207
20
 118.519
30
 192.251
11
 418.908
21
 119.265
31
 192.412
39
 0
62
  1
 0
LINE
8
default
6
CONTINUOUS
10
-419.207
20
 118.519
30
 192.251
11
-418.908
21
 119.265
31
 192.412
39
 0
62
  1
 0
LINE
8
default
6
CONTINUOUS
10
 418.908
20
 119.265
30
 192.412
11
 418.611
21
 120.096
31
 192.573
39
 0
62
  1
 0
LINE
8
default
6
CONTINUOUS
10
-418.908
20
 119.265
30
 192.412
11
-418.611
21
 120.096
31
 192.573
39
 0
62
  1
 0
LINE
8
default
6
CONTINUOUS
10
 418.611
20
 120.096
30
 192.573
11
 418.312
21
 121.031
31
 192.734
39
 0
62
  1
 0
LINE
8
default
6
CONTINUOUS
10
-418.611
20
 120.096
30
 192.573
11
-418.312
21
 121.031
31
 192.734
39
 0
62
  1
 0
LINE
8
default
6
CONTINUOUS
10
 418.312
20
 121.031
30
 192.734
11
 418.035
21
 121.985
31
 192.884
39
 0
62
  1
 0
LINE
8
default
6
CONTINUOUS
10
-418.312
20
 121.031
30
 192.734
11
-418.035
21
 121.985
31
 192.884
39
 0
62
  1
 0
LINE
8
default
6
CONTINUOUS
10
 418.035
20
 121.985
30
 192.884
11
 417.633
21
 123.517
31
 193.100
39
 0
62
  1
 0
LINE
8
default
6
CONTINUOUS
10
-418.035
20
 121.985
30
 192.884
11
-417.633
21
 123.517
31
 193.100
39
 0
62
  1
 0
LINE
8
default
6
CONTINUOUS
10
 417.633
20
 123.517
30
 193.100
11
 417.365
21
 124.638
31
 193.246
39
 0
62
  3
 0
LINE
8
default
6
CONTINUOUS
10
-417.633
20
 123.517
30
 193.100
11
-417.365
21
 124.638
31
 193.246
39
 0
62
  3
 0
LINE
8
default
6
CONTINUOUS
10
 417.365
20
 124.638
30
 193.246
11
 417.022
21
 126.194
31
 193.431
39
 0
62
  3
 0
LINE
8
default
6
CONTINUOUS
10
-417.365
20
 124.638
30
 193.246
11
-417.022
21
 126.194
31
 193.431
39
 0
62
  3
 0
LINE
8
default
6
CONTINUOUS
10
 417.022
20
 126.194
30
 193.431
11
 416.660
21
 127.980
31
 193.626
39
 0
62
  3
 0
LINE
8
default
6
CONTINUOUS
10
-417.022
20
 126.194
30
 193.431
11
-416.660
21
 127.980
31
 193.626
39
 0
62
  3
 0
LINE
8
default
6
CONTINUOUS
10
 416.660
20
 127.980
30
 193.626
11
 416.279
21
 130.043
31
 193.832
39
 0
62
  3
 0
LINE
8
default
6
CONTINUOUS
10
-416.660
20
 127.980
30
 193.626
11
-416.279
21
 130.043
31
 193.832
39
 0
62
  3
 0
LINE
8
default
6
CONTINUOUS
10
 416.279
20
 130.043
30
 193.832
11
 415.879
21
 132.421
31
 194.047
39
 0
62
  3
 0
LINE
8
default
6
CONTINUOUS
10
-416.279
20
 130.043
30
 193.832
11
-415.879
21
 132.421
31
 194.047
39
 0
62
  3
 0
LINE
8
default
6
CONTINUOUS
10
 415.879
20
 132.421
30
 194.047
11
 415.468
21
 135.141
31
 194.269
39
 0
62
  3
 0
LINE
8
default
6
CONTINUOUS
10
-415.879
20
 132.421
30
 194.047
11
-415.468
21
 135.141
31
 194.269
39
 0
62
  3
 0
LINE
8
default
6
CONTINUOUS
10
 415.468
20
 135.141
30
 194.269
11
 415.064
21
 138.198
31
 194.488
39
 0
62
  3
 0
LINE
8
default
6
CONTINUOUS
10
-415.468
20
 135.141
30
 194.269
11
-415.064
21
 138.198
31
 194.488
39
 0
62
  3
 0
LINE
8
default
6
CONTINUOUS
10
 415.064
20
 138.198
30
 194.488
11
 414.676
21
 141.552
31
 194.697
39
 0
62
  3
 0
LINE
8
default
6
CONTINUOUS
10
-415.064
20
 138.198
30
 194.488
11
-414.676
21
 141.552
31
 194.697
39
 0
62
  3
 0
LINE
8
default
6
CONTINUOUS
10
 414.676
20
 141.552
30
 194.697
11
 414.318
21
 145.128
31
 194.890
39
 0
62
  3
 0
LINE
8
default
6
CONTINUOUS
10
-414.676
20
 141.552
30
 194.697
11
-414.318
21
 145.128
31
 194.890
39
 0
62
  3
 0
LINE
8
default
6
CONTINUOUS
10
 414.318
20
 145.128
30
 194.890
11
 413.993
21
 148.874
31
 195.065
39
 0
62
  3
 0
LINE
8
default
6
CONTINUOUS
10
-414.318
20
 145.128
30
 194.890
11
-413.993
21
 148.874
31
 195.065
39
 0
62
  3
 0
LINE
8
default
6
CONTINUOUS
10
 413.993
20
 148.874
30
 195.065
11
 413.707
21
 152.746
31
 195.220
39
 0
62
  3
 0
LINE
8
default
6
CONTINUOUS
10
-413.993
20
 148.874
30
 195.065
11
-413.707
21
 152.746
31
 195.220
39
 0
62
  3
 0
LINE
8
default
6
CONTINUOUS
10
 413.707
20
 152.746
30
 195.220
11
 413.462
21
 156.702
31
 195.352
39
 0
62
  3
 0
LINE
8
default
6
CONTINUOUS
10
-413.707
20
 152.746
30
 195.220
11
-413.462
21
 156.702
31
 195.352
39
 0
62
  3
 0
LINE
8
default
6
CONTINUOUS
10
 413.462
20
 156.702
30
 195.352
11
 413.261
21
 160.703
31
 195.460
39
 0
62
  3
 0
LINE
8
default
6
CONTINUOUS
10
-413.462
20
 156.702
30
 195.352
11
-413.261
21
 160.703
31
 195.460
39
 0
62
  3
 0
LINE
8
default
6
CONTINUOUS
10
 413.261
20
 160.703
30
 195.460
11
 413.109
21
 164.717
31
 195.543
39
 0
62
  3
 0
LINE
8
default
6
CONTINUOUS
10
-413.261
20
 160.703
30
 195.460
11
-413.109
21
 164.717
31
 195.543
39
 0
62
  3
 0
LINE
8
default
6
CONTINUOUS
10
 413.109
20
 164.717
30
 195.543
11
 413.009
21
 168.735
31
 195.597
39
 0
62
  3
 0
LINE
8
default
6
CONTINUOUS
10
-413.109
20
 164.717
30
 195.543
11
-413.009
21
 168.735
31
 195.597
39
 0
62
  3
 0
LINE
8
default
6
CONTINUOUS
10
 413.009
20
 168.735
30
 195.597
11
 412.955
21
 172.762
31
 195.626
39
 0
62
  3
 0
LINE
8
default
6
CONTINUOUS
10
-413.009
20
 168.735
30
 195.597
11
-412.955
21
 172.762
31
 195.626
39
 0
62
  3
 0
LINE
8
default
6
CONTINUOUS
10
 412.955
20
 172.762
30
 195.626
11
 412.946
21
 176.811
31
 195.631
39
 0
62
  3
 0
LINE
8
default
6
CONTINUOUS
10
-412.955
20
 172.762
30
 195.626
11
-412.946
21
 176.811
31
 195.631
39
 0
62
  3
 0
LINE
8
default
6
CONTINUOUS
10
 412.946
20
 176.811
30
 195.631
11
 412.973
21
 180.900
31
 195.616
39
 0
62
  3
 0
LINE
8
default
6
CONTINUOUS
10
-412.946
20
 176.811
30
 195.631
11
-412.973
21
 180.900
31
 195.616
39
 0
62
  3
 0
LINE
8
default
6
CONTINUOUS
10
 412.973
20
 180.900
30
 195.616
11
 413.034
21
 185.033
31
 195.583
39
 0
62
  3
 0
LINE
8
default
6
CONTINUOUS
10
-412.973
20
 180.900
30
 195.616
11
-413.034
21
 185.033
31
 195.583
39
 0
62
  3
 0
LINE
8
default
6
CONTINUOUS
10
 413.034
20
 185.033
30
 195.583
11
 413.130
21
 189.199
31
 195.531
39
 0
62
  3
 0
LINE
8
default
6
CONTINUOUS
10
-413.034
20
 185.033
30
 195.583
11
-413.130
21
 189.199
31
 195.531
39
 0
62
  3
 0
LINE
8
default
6
CONTINUOUS
10
 413.130
20
 189.199
30
 195.531
11
 413.255
21
 193.384
31
 195.464
39
 0
62
  3
 0
LINE
8
default
6
CONTINUOUS
10
-413.130
20
 189.199
30
 195.531
11
-413.255
21
 193.384
31
 195.464
39
 0
62
  3
 0
LINE
8
default
6
CONTINUOUS
10
 413.255
20
 193.384
30
 195.464
11
 413.411
21
 197.576
31
 195.379
39
 0
62
  3
 0
LINE
8
default
6
CONTINUOUS
10
-413.255
20
 193.384
30
 195.464
11
-413.411
21
 197.576
31
 195.379
39
 0
62
  3
 0
LINE
8
default
6
CONTINUOUS
10
 413.411
20
 197.576
30
 195.379
11
 413.597
21
 201.774
31
 195.279
39
 0
62
  3
 0
LINE
8
default
6
CONTINUOUS
10
-413.411
20
 197.576
30
 195.379
11
-413.597
21
 201.774
31
 195.279
39
 0
62
  3
 0
LINE
8
default
6
CONTINUOUS
10
 413.597
20
 201.774
30
 195.279
11
 413.811
21
 205.985
31
 195.164
39
 0
62
  3
 0
LINE
8
default
6
CONTINUOUS
10
-413.597
20
 201.774
30
 195.279
11
-413.811
21
 205.985
31
 195.164
39
 0
62
  3
 0
LINE
8
default
6
CONTINUOUS
10
 413.811
20
 205.985
30
 195.164
11
 414.052
21
 210.211
31
 195.034
39
 0
62
  3
 0
LINE
8
default
6
CONTINUOUS
10
-413.811
20
 205.985
30
 195.164
11
-414.052
21
 210.211
31
 195.034
39
 0
62
  3
 0
LINE
8
default
6
CONTINUOUS
10
 414.052
20
 210.211
30
 195.034
11
 414.319
21
 214.450
31
 194.889
39
 0
62
  3
 0
LINE
8
default
6
CONTINUOUS
10
-414.052
20
 210.211
30
 195.034
11
-414.319
21
 214.450
31
 194.889
39
 0
62
  3
 0
LINE
8
default
6
CONTINUOUS
10
 414.319
20
 214.450
30
 194.889
11
 414.609
21
 218.692
31
 194.733
39
 0
62
  3
 0
LINE
8
default
6
CONTINUOUS
10
-414.319
20
 214.450
30
 194.889
11
-414.609
21
 218.692
31
 194.733
39
 0
62
  3
 0
LINE
8
default
6
CONTINUOUS
10
 414.609
20
 218.692
30
 194.733
11
 414.920
21
 222.923
31
 194.565
39
 0
62
  3
 0
LINE
8
default
6
CONTINUOUS
10
-414.609
20
 218.692
30
 194.733
11
-414.920
21
 222.923
31
 194.565
39
 0
62
  3
 0
LINE
8
default
6
CONTINUOUS
10
 414.920
20
 222.923
30
 194.565
11
 415.247
21
 227.136
31
 194.389
39
 0
62
  3
 0
LINE
8
default
6
CONTINUOUS
10
-414.920
20
 222.923
30
 194.565
11
-415.247
21
 227.136
31
 194.389
39
 0
62
  3
 0
LINE
8
default
6
CONTINUOUS
10
 415.247
20
 227.136
30
 194.389
11
 415.588
21
 231.351
31
 194.204
39
 0
62
  3
 0
LINE
8
default
6
CONTINUOUS
10
-415.247
20
 227.136
30
 194.389
11
-415.588
21
 231.351
31
 194.204
39
 0
62
  3
 0
LINE
8
default
6
CONTINUOUS
10
 415.588
20
 231.351
30
 194.204
11
 415.943
21
 235.600
31
 194.013
39
 0
62
  3
 0
LINE
8
default
6
CONTINUOUS
10
-415.588
20
 231.351
30
 194.204
11
-415.943
21
 235.600
31
 194.013
39
 0
62
  3
 0
LINE
8
default
6
CONTINUOUS
10
 415.943
20
 235.600
30
 194.013
11
 416.313
21
 239.884
31
 193.813
39
 0
62
  3
 0
LINE
8
default
6
CONTINUOUS
10
-415.943
20
 235.600
30
 194.013
11
-416.313
21
 239.884
31
 193.813
39
 0
62
  3
 0
LINE
8
default
6
CONTINUOUS
10
 416.313
20
 239.884
30
 193.813
11
 416.683
21
 244.050
31
 193.614
39
 0
62
  3
 0
LINE
8
default
6
CONTINUOUS
10
-416.313
20
 239.884
30
 193.813
11
-416.683
21
 244.050
31
 193.614
39
 0
62
  3
 0
LINE
8
default
6
CONTINUOUS
10
 416.683
20
 244.050
30
 193.614
11
 417.027
21
 247.860
31
 193.428
39
 0
62
  3
 0
LINE
8
default
6
CONTINUOUS
10
-416.683
20
 244.050
30
 193.614
11
-417.027
21
 247.860
31
 193.428
39
 0
62
  3
 0
LINE
8
default
6
CONTINUOUS
10
 417.027
20
 247.860
30
 193.428
11
 417.333
21
 251.167
31
 193.263
39
 0
62
  3
 0
LINE
8
default
6
CONTINUOUS
10
-417.027
20
 247.860
30
 193.428
11
-417.333
21
 251.167
31
 193.263
39
 0
62
  3
 0
LINE
8
default
6
CONTINUOUS
10
 417.333
20
 251.167
30
 193.263
11
 417.597
21
 253.986
31
 193.120
39
 0
62
  3
 0
LINE
8
default
6
CONTINUOUS
10
-417.333
20
 251.167
30
 193.263
11
-417.597
21
 253.986
31
 193.120
39
 0
62
  3
 0
LINE
8
default
6
CONTINUOUS
10
 417.597
20
 253.986
30
 193.120
11
 417.754
21
 255.641
31
 193.035
39
 0
62
  3
 0
LINE
8
default
6
CONTINUOUS
10
-417.597
20
 253.986
30
 193.120
11
-417.754
21
 255.641
31
 193.035
39
 0
62
  3
 0
LINE
8
default
6
CONTINUOUS
10
 426.556
20
 248.306
30
 215.268
11
 426.847
21
 247.006
31
 215.197
39
 0
62
  5
 0
LINE
8
default
6
CONTINUOUS
10
-426.556
20
 248.306
30
 215.268
11
-426.847
21
 247.006
31
 215.197
39
 0
62
  5
 0
LINE
8
default
6
CONTINUOUS
10
 426.847
20
 247.006
30
 215.197
11
 427.337
21
 244.791
31
 215.077
39
 0
62
  5
 0
LINE
8
default
6
CONTINUOUS
10
-426.847
20
 247.006
30
 215.197
11
-427.337
21
 244.791
31
 215.077
39
 0
62
  5
 0
LINE
8
default
6
CONTINUOUS
10
 427.337
20
 244.791
30
 215.077
11
 427.909
21
 242.194
31
 214.936
39
 0
62
  5
 0
LINE
8
default
6
CONTINUOUS
10
-427.337
20
 244.791
30
 215.077
11
-427.909
21
 242.194
31
 214.936
39
 0
62
  5
 0
LINE
8
default
6
CONTINUOUS
10
 427.909
20
 242.194
30
 214.936
11
 428.562
21
 239.199
31
 214.777
39
 0
62
  5
 0
LINE
8
default
6
CONTINUOUS
10
-427.909
20
 242.194
30
 214.936
11
-428.562
21
 239.199
31
 214.777
39
 0
62
  5
 0
LINE
8
default
6
CONTINUOUS
10
 428.562
20
 239.199
30
 214.777
11
 429.271
21
 235.918
31
 214.603
39
 0
62
  5
 0
LINE
8
default
6
CONTINUOUS
10
-428.562
20
 239.199
30
 214.777
11
-429.271
21
 235.918
31
 214.603
39
 0
62
  5
 0
LINE
8
default
6
CONTINUOUS
10
 429.271
20
 235.918
30
 214.603
11
 429.993
21
 232.542
31
 214.426
39
 0
62
  5
 0
LINE
8
default
6
CONTINUOUS
10
-429.271
20
 235.918
30
 214.603
11
-429.993
21
 232.542
31
 214.426
39
 0
62
  5
 0
LINE
8
default
6
CONTINUOUS
10
 429.993
20
 232.542
30
 214.426
11
 430.699
21
 229.191
31
 214.253
39
 0
62
  5
 0
LINE
8
default
6
CONTINUOUS
10
-429.993
20
 232.542
30
 214.426
11
-430.699
21
 229.191
31
 214.253
39
 0
62
  5
 0
LINE
8
default
6
CONTINUOUS
10
 430.699
20
 229.191
30
 214.253
11
 431.390
21
 225.863
31
 214.084
39
 0
62
  5
 0
LINE
8
default
6
CONTINUOUS
10
-430.699
20
 229.191
30
 214.253
11
-431.390
21
 225.863
31
 214.084
39
 0
62
  5
 0
LINE
8
default
6
CONTINUOUS
10
 431.390
20
 225.863
30
 214.084
11
 432.073
21
 222.528
31
 213.917
39
 0
62
  5
 0
LINE
8
default
6
CONTINUOUS
10
-431.390
20
 225.863
30
 214.084
11
-432.073
21
 222.528
31
 213.917
39
 0
62
  5
 0
LINE
8
default
6
CONTINUOUS
10
 432.073
20
 222.528
30
 213.917
11
 432.749
21
 219.168
31
 213.751
39
 0
62
  5
 0
LINE
8
default
6
CONTINUOUS
10
-432.073
20
 222.528
30
 213.917
11
-432.749
21
 219.168
31
 213.751
39
 0
62
  5
 0
LINE
8
default
6
CONTINUOUS
10
 432.749
20
 219.168
30
 213.751
11
 433.416
21
 215.778
31
 213.588
39
 0
62
  5
 0
LINE
8
default
6
CONTINUOUS
10
-432.749
20
 219.168
30
 213.751
11
-433.416
21
 215.778
31
 213.588
39
 0
62
  5
 0
LINE
8
default
6
CONTINUOUS
10
 433.416
20
 215.778
30
 213.588
11
 434.074
21
 212.371
31
 213.427
39
 0
62
  5
 0
LINE
8
default
6
CONTINUOUS
10
-433.416
20
 215.778
30
 213.588
11
-434.074
21
 212.371
31
 213.427
39
 0
62
  5
 0
LINE
8
default
6
CONTINUOUS
10
 434.074
20
 212.371
30
 213.427
11
 434.719
21
 208.954
31
 213.269
39
 0
62
  5
 0
LINE
8
default
6
CONTINUOUS
10
-434.074
20
 212.371
30
 213.427
11
-434.719
21
 208.954
31
 213.269
39
 0
62
  5
 0
LINE
8
default
6
CONTINUOUS
10
 434.719
20
 208.954
30
 213.269
11
 435.352
21
 205.535
31
 213.114
39
 0
62
  5
 0
LINE
8
default
6
CONTINUOUS
10
-434.719
20
 208.954
30
 213.269
11
-435.352
21
 205.535
31
 213.114
39
 0
62
  5
 0
LINE
8
default
6
CONTINUOUS
10
 435.352
20
 205.535
30
 213.114
11
 435.972
21
 202.120
31
 212.962
39
 0
62
  5
 0
LINE
8
default
6
CONTINUOUS
10
-435.352
20
 205.535
30
 213.114
11
-435.972
21
 202.120
31
 212.962
39
 0
62
  5
 0
LINE
8
default
6
CONTINUOUS
10
 435.972
20
 202.120
30
 212.962
11
 436.581
21
 198.713
31
 212.813
39
 0
62
  5
 0
LINE
8
default
6
CONTINUOUS
10
-435.972
20
 202.120
30
 212.962
11
-436.581
21
 198.713
31
 212.813
39
 0
62
  5
 0
LINE
8
default
6
CONTINUOUS
10
 436.581
20
 198.713
30
 212.813
11
 437.176
21
 195.315
31
 212.667
39
 0
62
  5
 0
LINE
8
default
6
CONTINUOUS
10
-436.581
20
 198.713
30
 212.813
11
-437.176
21
 195.315
31
 212.667
39
 0
62
  5
 0
LINE
8
default
6
CONTINUOUS
10
 437.176
20
 195.315
30
 212.667
11
 437.757
21
 191.930
31
 212.525
39
 0
62
  5
 0
LINE
8
default
6
CONTINUOUS
10
-437.176
20
 195.315
30
 212.667
11
-437.757
21
 191.930
31
 212.525
39
 0
62
  5
 0
LINE
8
default
6
CONTINUOUS
10
 437.757
20
 191.930
30
 212.525
11
 438.321
21
 188.560
31
 212.387
39
 0
62
  5
 0
LINE
8
default
6
CONTINUOUS
10
-437.757
20
 191.930
30
 212.525
11
-438.321
21
 188.560
31
 212.387
39
 0
62
  5
 0
LINE
8
default
6
CONTINUOUS
10
 438.321
20
 188.560
30
 212.387
11
 438.867
21
 185.209
31
 212.253
39
 0
62
  5
 0
LINE
8
default
6
CONTINUOUS
10
-438.321
20
 188.560
30
 212.387
11
-438.867
21
 185.209
31
 212.253
39
 0
62
  5
 0
LINE
8
default
6
CONTINUOUS
10
 438.867
20
 185.209
30
 212.253
11
 439.392
21
 181.888
31
 212.125
39
 0
62
  5
 0
LINE
8
default
6
CONTINUOUS
10
-438.867
20
 185.209
30
 212.253
11
-439.392
21
 181.888
31
 212.125
39
 0
62
  5
 0
LINE
8
default
6
CONTINUOUS
10
 439.392
20
 181.888
30
 212.125
11
 439.893
21
 178.602
31
 212.002
39
 0
62
  5
 0
LINE
8
default
6
CONTINUOUS
10
-439.392
20
 181.888
30
 212.125
11
-439.893
21
 178.602
31
 212.002
39
 0
62
  5
 0
LINE
8
default
6
CONTINUOUS
10
 439.893
20
 178.602
30
 212.002
11
 440.368
21
 175.367
31
 211.885
39
 0
62
  5
 0
LINE
8
default
6
CONTINUOUS
10
-439.893
20
 178.602
30
 212.002
11
-440.368
21
 175.367
31
 211.885
39
 0
62
  5
 0
LINE
8
default
6
CONTINUOUS
10
 440.368
20
 175.367
30
 211.885
11
 440.811
21
 172.205
31
 211.777
39
 0
62
  5
 0
LINE
8
default
6
CONTINUOUS
10
-440.368
20
 175.367
30
 211.885
11
-440.811
21
 172.205
31
 211.777
39
 0
62
  5
 0
LINE
8
default
6
CONTINUOUS
10
 440.811
20
 172.205
30
 211.777
11
 441.213
21
 169.141
31
 211.679
39
 0
62
  5
 0
LINE
8
default
6
CONTINUOUS
10
-440.811
20
 172.205
30
 211.777
11
-441.213
21
 169.141
31
 211.679
39
 0
62
  5
 0
LINE
8
default
6
CONTINUOUS
10
 441.213
20
 169.141
30
 211.679
11
 441.566
21
 166.208
31
 211.592
39
 0
62
  5
 0
LINE
8
default
6
CONTINUOUS
10
-441.213
20
 169.141
30
 211.679
11
-441.566
21
 166.208
31
 211.592
39
 0
62
  5
 0
LINE
8
default
6
CONTINUOUS
10
 441.566
20
 166.208
30
 211.592
11
 441.864
21
 163.427
31
 211.519
39
 0
62
  5
 0
LINE
8
default
6
CONTINUOUS
10
-441.566
20
 166.208
30
 211.592
11
-441.864
21
 163.427
31
 211.519
39
 0
62
  5
 0
LINE
8
default
6
CONTINUOUS
10
 441.864
20
 163.427
30
 211.519
11
 442.098
21
 160.808
31
 211.462
39
 0
62
  5
 0
LINE
8
default
6
CONTINUOUS
10
-441.864
20
 163.427
30
 211.519
11
-442.098
21
 160.808
31
 211.462
39
 0
62
  5
 0
LINE
8
default
6
CONTINUOUS
10
 442.098
20
 160.808
30
 211.462
11
 442.261
21
 158.355
31
 211.422
39
 0
62
  5
 0
LINE
8
default
6
CONTINUOUS
10
-442.098
20
 160.808
30
 211.462
11
-442.261
21
 158.355
31
 211.422
39
 0
62
  5
 0
LINE
8
default
6
CONTINUOUS
10
 442.261
20
 158.355
30
 211.422
11
 442.347
21
 156.068
31
 211.401
39
 0
62
  5
 0
LINE
8
default
6
CONTINUOUS
10
-442.261
20
 158.355
30
 211.422
11
-442.347
21
 156.068
31
 211.401
39
 0
62
  5
 0
LINE
8
default
6
CONTINUOUS
10
 442.347
20
 156.068
30
 211.401
11
 442.356
21
 153.946
31
 211.399
39
 0
62
  5
 0
LINE
8
default
6
CONTINUOUS
10
-442.347
20
 156.068
30
 211.401
11
-442.356
21
 153.946
31
 211.399
39
 0
62
  5
 0
LINE
8
default
6
CONTINUOUS
10
 442.356
20
 153.946
30
 211.399
11
 442.285
21
 151.983
31
 211.416
39
 0
62
  5
 0
LINE
8
default
6
CONTINUOUS
10
-442.356
20
 153.946
30
 211.399
11
-442.285
21
 151.983
31
 211.416
39
 0
62
  5
 0
LINE
8
default
6
CONTINUOUS
10
 442.285
20
 151.983
30
 211.416
11
 442.137
21
 150.175
31
 211.452
39
 0
62
  5
 0
LINE
8
default
6
CONTINUOUS
10
-442.285
20
 151.983
30
 211.416
11
-442.137
21
 150.175
31
 211.452
39
 0
62
  5
 0
LINE
8
default
6
CONTINUOUS
10
 442.137
20
 150.175
30
 211.452
11
 441.915
21
 148.514
31
 211.507
39
 0
62
  5
 0
LINE
8
default
6
CONTINUOUS
10
-442.137
20
 150.175
30
 211.452
11
-441.915
21
 148.514
31
 211.507
39
 0
62
  5
 0
LINE
8
default
6
CONTINUOUS
10
 441.915
20
 148.514
30
 211.507
11
 441.621
21
 146.991
31
 211.579
39
 0
62
  5
 0
LINE
8
default
6
CONTINUOUS
10
-441.915
20
 148.514
30
 211.507
11
-441.621
21
 146.991
31
 211.579
39
 0
62
  5
 0
LINE
8
default
6
CONTINUOUS
10
 441.621
20
 146.991
30
 211.579
11
 441.259
21
 145.595
31
 211.667
39
 0
62
  5
 0
LINE
8
default
6
CONTINUOUS
10
-441.621
20
 146.991
30
 211.579
11
-441.259
21
 145.595
31
 211.667
39
 0
62
  5
 0
LINE
8
default
6
CONTINUOUS
10
 441.259
20
 145.595
30
 211.667
11
 440.840
21
 144.321
31
 211.770
39
 0
62
  5
 0
LINE
8
default
6
CONTINUOUS
10
-441.259
20
 145.595
30
 211.667
11
-440.840
21
 144.321
31
 211.770
39
 0
62
  5
 0
LINE
8
default
6
CONTINUOUS
10
 440.840
20
 144.321
30
 211.770
11
 440.379
21
 143.167
31
 211.883
39
 0
62
  5
 0
LINE
8
default
6
CONTINUOUS
10
-440.840
20
 144.321
30
 211.770
11
-440.379
21
 143.167
31
 211.883
39
 0
62
  5
 0
LINE
8
default
6
CONTINUOUS
10
 440.379
20
 143.167
30
 211.883
11
 439.888
21
 142.124
31
 212.003
39
 0
62
  5
 0
LINE
8
default
6
CONTINUOUS
10
-440.379
20
 143.167
30
 211.883
11
-439.888
21
 142.124
31
 212.003
39
 0
62
  5
 0
LINE
8
default
6
CONTINUOUS
10
 439.888
20
 142.124
30
 212.003
11
 439.383
21
 141.190
31
 212.127
39
 0
62
  5
 0
LINE
8
default
6
CONTINUOUS
10
-439.888
20
 142.124
30
 212.003
11
-439.383
21
 141.190
31
 212.127
39
 0
62
  5
 0
LINE
8
default
6
CONTINUOUS
10
 439.383
20
 141.190
30
 212.127
11
 438.869
21
 140.352
31
 212.253
39
 0
62
  5
 0
LINE
8
default
6
CONTINUOUS
10
-439.383
20
 141.190
30
 212.127
11
-438.869
21
 140.352
31
 212.253
39
 0
62
  5
 0
LINE
8
default
6
CONTINUOUS
10
 438.869
20
 140.352
30
 212.253
11
 438.352
21
 139.605
31
 212.379
39
 0
62
  5
 0
LINE
8
default
6
CONTINUOUS
10
-438.869
20
 140.352
30
 212.253
11
-438.352
21
 139.605
31
 212.379
39
 0
62
  5
 0
LINE
8
default
6
CONTINUOUS
10
 438.352
20
 139.605
30
 212.379
11
 437.839
21
 138.941
31
 212.505
39
 0
62
  5
 0
LINE
8
default
6
CONTINUOUS
10
-438.352
20
 139.605
30
 212.379
11
-437.839
21
 138.941
31
 212.505
39
 0
62
  5
 0
LINE
8
default
6
CONTINUOUS
10
 437.839
20
 138.941
30
 212.505
11
 437.334
21
 138.351
31
 212.628
39
 0
62
  5
 0
LINE
8
default
6
CONTINUOUS
10
-437.839
20
 138.941
30
 212.505
11
-437.334
21
 138.351
31
 212.628
39
 0
62
  5
 0
LINE
8
default
6
CONTINUOUS
10
 437.334
20
 138.351
30
 212.628
11
 436.837
21
 137.829
31
 212.750
39
 0
62
  5
 0
LINE
8
default
6
CONTINUOUS
10
-437.334
20
 138.351
30
 212.628
11
-436.837
21
 137.829
31
 212.750
39
 0
62
  5
 0
LINE
8
default
6
CONTINUOUS
10
 436.837
20
 137.829
30
 212.750
11
 436.350
21
 137.370
31
 212.870
39
 0
62
  5
 0
LINE
8
default
6
CONTINUOUS
10
-436.837
20
 137.829
30
 212.750
11
-436.350
21
 137.370
31
 212.870
39
 0
62
  5
 0
LINE
8
default
6
CONTINUOUS
10
 436.350
20
 137.370
30
 212.870
11
 435.870
21
 136.964
31
 212.987
39
 0
62
  5
 0
LINE
8
default
6
CONTINUOUS
10
-436.350
20
 137.370
30
 212.870
11
-435.870
21
 136.964
31
 212.987
39
 0
62
  5
 0
LINE
8
default
6
CONTINUOUS
10
 435.870
20
 136.964
30
 212.987
11
 435.400
21
 136.611
31
 213.102
39
 0
62
  5
 0
LINE
8
default
6
CONTINUOUS
10
-435.870
20
 136.964
30
 212.987
11
-435.400
21
 136.611
31
 213.102
39
 0
62
  5
 0
LINE
8
default
6
CONTINUOUS
10
 435.400
20
 136.611
30
 213.102
11
 434.940
21
 136.306
31
 213.215
39
 0
62
  5
 0
LINE
8
default
6
CONTINUOUS
10
-435.400
20
 136.611
30
 213.102
11
-434.940
21
 136.306
31
 213.215
39
 0
62
  5
 0
LINE
8
default
6
CONTINUOUS
10
 434.940
20
 136.306
30
 213.215
11
 434.492
21
 136.048
31
 213.324
39
 0
62
  5
 0
LINE
8
default
6
CONTINUOUS
10
-434.940
20
 136.306
30
 213.215
11
-434.492
21
 136.048
31
 213.324
39
 0
62
  5
 0
LINE
8
default
6
CONTINUOUS
10
 434.492
20
 136.048
30
 213.324
11
 434.060
21
 135.835
31
 213.430
39
 0
62
  5
 0
LINE
8
default
6
CONTINUOUS
10
-434.492
20
 136.048
30
 213.324
11
-434.060
21
 135.835
31
 213.430
39
 0
62
  5
 0
LINE
8
default
6
CONTINUOUS
10
 434.060
20
 135.835
30
 213.430
11
 433.638
21
 135.660
31
 213.534
39
 0
62
  5
 0
LINE
8
default
6
CONTINUOUS
10
-434.060
20
 135.835
30
 213.430
11
-433.638
21
 135.660
31
 213.534
39
 0
62
  5
 0
LINE
8
default
6
CONTINUOUS
10
 433.638
20
 135.660
30
 213.534
11
 433.234
21
 135.518
31
 213.633
39
 0
62
  5
 0
LINE
8
default
6
CONTINUOUS
10
-433.638
20
 135.660
30
 213.534
11
-433.234
21
 135.518
31
 213.633
39
 0
62
  5
 0
LINE
8
default
6
CONTINUOUS
10
 433.234
20
 135.518
30
 213.633
11
 432.820
21
 135.403
31
 213.734
39
 0
62
  5
 0
LINE
8
default
6
CONTINUOUS
10
-433.234
20
 135.518
30
 213.633
11
-432.820
21
 135.403
31
 213.734
39
 0
62
  5
 0
LINE
8
default
6
CONTINUOUS
10
 432.820
20
 135.403
30
 213.734
11
 432.469
21
 135.316
31
 213.820
39
 0
62
  5
 0
LINE
8
default
6
CONTINUOUS
10
-432.820
20
 135.403
30
 213.734
11
-432.469
21
 135.316
31
 213.820
39
 0
62
  5
 0
LINE
8
default
6
CONTINUOUS
10
 432.469
20
 135.316
30
 213.820
11
 431.965
21
 135.254
31
 213.943
39
 0
62
  5
 0
LINE
8
default
6
CONTINUOUS
10
-432.469
20
 135.316
30
 213.820
11
-431.965
21
 135.254
31
 213.943
39
 0
62
  5
 0
LINE
8
default
6
CONTINUOUS
10
 431.965
20
 135.254
30
 213.943
11
 431.925
21
 135.254
31
 213.953
39
 0
62
  5
 0
LINE
8
default
6
CONTINUOUS
10
-431.965
20
 135.254
30
 213.943
11
-431.925
21
 135.254
31
 213.953
39
 0
62
  5
 0
LINE
8
default
6
CONTINUOUS
10
 431.925
20
 135.254
30
 213.953
11
 431.356
21
 135.277
31
 214.092
39
 0
62
  5
 0
LINE
8
default
6
CONTINUOUS
10
-431.925
20
 135.254
30
 213.953
11
-431.356
21
 135.277
31
 214.092
39
 0
62
  5
 0
LINE
8
default
6
CONTINUOUS
10
 431.356
20
 135.277
30
 214.092
11
 431.099
21
 135.372
31
 214.155
39
 0
62
  5
 0
LINE
8
default
6
CONTINUOUS
10
-431.356
20
 135.277
30
 214.092
11
-431.099
21
 135.372
31
 214.155
39
 0
62
  5
 0
LINE
8
default
6
CONTINUOUS
10
 431.099
20
 135.372
30
 214.155
11
 430.780
21
 135.520
31
 214.234
39
 0
62
  5
 0
LINE
8
default
6
CONTINUOUS
10
-431.099
20
 135.372
30
 214.155
11
-430.780
21
 135.520
31
 214.234
39
 0
62
  5
 0
LINE
8
default
6
CONTINUOUS
10
 430.780
20
 135.520
30
 214.234
11
 430.486
21
 135.727
31
 214.305
39
 0
62
  5
 0
LINE
8
default
6
CONTINUOUS
10
-430.780
20
 135.520
30
 214.234
11
-430.486
21
 135.727
31
 214.305
39
 0
62
  5
 0
LINE
8
default
6
CONTINUOUS
10
 430.486
20
 135.727
30
 214.305
11
 430.208
21
 135.994
31
 214.373
39
 0
62
  5
 0
LINE
8
default
6
CONTINUOUS
10
-430.486
20
 135.727
30
 214.305
11
-430.208
21
 135.994
31
 214.373
39
 0
62
  5
 0
LINE
8
default
6
CONTINUOUS
10
 430.208
20
 135.994
30
 214.373
11
 429.951
21
 136.320
31
 214.436
39
 0
62
  5
 0
LINE
8
default
6
CONTINUOUS
10
-430.208
20
 135.994
30
 214.373
11
-429.951
21
 136.320
31
 214.436
39
 0
62
  5
 0
LINE
8
default
6
CONTINUOUS
10
 429.951
20
 136.320
30
 214.436
11
 429.704
21
 136.704
31
 214.497
39
 0
62
  5
 0
LINE
8
default
6
CONTINUOUS
10
-429.951
20
 136.320
30
 214.436
11
-429.704
21
 136.704
31
 214.497
39
 0
62
  5
 0
LINE
8
default
6
CONTINUOUS
10
 429.704
20
 136.704
30
 214.497
11
 429.568
21
 136.945
31
 214.530
39
 0
62
  5
 0
LINE
8
default
6
CONTINUOUS
10
-429.704
20
 136.704
30
 214.497
11
-429.568
21
 136.945
31
 214.530
39
 0
62
  5
 0
LINE
8
default
6
CONTINUOUS
10
 429.568
20
 136.945
30
 214.530
11
 429.458
21
 137.141
31
 214.557
39
 0
62
  1
 0
LINE
8
default
6
CONTINUOUS
10
-429.568
20
 136.945
30
 214.530
11
-429.458
21
 137.141
31
 214.557
39
 0
62
  1
 0
LINE
8
default
6
CONTINUOUS
10
 429.458
20
 137.141
30
 214.557
11
 429.212
21
 137.626
31
 214.617
39
 0
62
  1
 0
LINE
8
default
6
CONTINUOUS
10
-429.458
20
 137.141
30
 214.557
11
-429.212
21
 137.626
31
 214.617
39
 0
62
  1
 0
LINE
8
default
6
CONTINUOUS
10
 429.212
20
 137.626
30
 214.617
11
 428.969
21
 138.164
31
 214.677
39
 0
62
  1
 0
LINE
8
default
6
CONTINUOUS
10
-429.212
20
 137.626
30
 214.617
11
-428.969
21
 138.164
31
 214.677
39
 0
62
  1
 0
LINE
8
default
6
CONTINUOUS
10
 428.969
20
 138.164
30
 214.677
11
 428.727
21
 138.762
31
 214.736
39
 0
62
  1
 0
LINE
8
default
6
CONTINUOUS
10
-428.969
20
 138.164
30
 214.677
11
-428.727
21
 138.762
31
 214.736
39
 0
62
  1
 0
LINE
8
default
6
CONTINUOUS
10
 428.727
20
 138.762
30
 214.736
11
 428.484
21
 139.430
31
 214.796
39
 0
62
  1
 0
LINE
8
default
6
CONTINUOUS
10
-428.727
20
 138.762
30
 214.736
11
-428.484
21
 139.430
31
 214.796
39
 0
62
  1
 0
LINE
8
default
6
CONTINUOUS
10
 428.484
20
 139.430
30
 214.796
11
 428.240
21
 140.180
31
 214.855
39
 0
62
  1
 0
LINE
8
default
6
CONTINUOUS
10
-428.484
20
 139.430
30
 214.796
11
-428.240
21
 140.180
31
 214.855
39
 0
62
  1
 0
LINE
8
default
6
CONTINUOUS
10
 428.240
20
 140.180
30
 214.855
11
 428.013
21
 140.946
31
 214.911
39
 0
62
  1
 0
LINE
8
default
6
CONTINUOUS
10
-428.240
20
 140.180
30
 214.855
11
-428.013
21
 140.946
31
 214.911
39
 0
62
  1
 0
LINE
8
default
6
CONTINUOUS
10
 428.013
20
 140.946
30
 214.911
11
 427.682
21
 142.176
31
 214.992
39
 0
62
  1
 0
LINE
8
default
6
CONTINUOUS
10
-428.013
20
 140.946
30
 214.911
11
-427.682
21
 142.176
31
 214.992
39
 0
62
  1
 0
LINE
8
default
6
CONTINUOUS
10
 427.682
20
 142.176
30
 214.992
11
 427.460
21
 143.076
31
 215.047
39
 0
62
  3
 0
LINE
8
default
6
CONTINUOUS
10
-427.682
20
 142.176
30
 214.992
11
-427.460
21
 143.076
31
 215.047
39
 0
62
  3
 0
LINE
8
default
6
CONTINUOUS
10
 427.460
20
 143.076
30
 215.047
11
 427.175
21
 144.325
31
 215.116
39
 0
62
  3
 0
LINE
8
default
6
CONTINUOUS
10
-427.460
20
 143.076
30
 215.047
11
-427.175
21
 144.325
31
 215.116
39
 0
62
  3
 0
LINE
8
default
6
CONTINUOUS
10
 427.175
20
 144.325
30
 215.116
11
 426.873
21
 145.759
31
 215.190
39
 0
62
  3
 0
LINE
8
default
6
CONTINUOUS
10
-427.175
20
 144.325
30
 215.116
11
-426.873
21
 145.759
31
 215.190
39
 0
62
  3
 0
LINE
8
default
6
CONTINUOUS
10
 426.873
20
 145.759
30
 215.190
11
 426.553
21
 147.416
31
 215.268
39
 0
62
  3
 0
LINE
8
default
6
CONTINUOUS
10
-426.873
20
 145.759
30
 215.190
11
-426.553
21
 147.416
31
 215.268
39
 0
62
  3
 0
LINE
8
default
6
CONTINUOUS
10
 426.553
20
 147.416
30
 215.268
11
 426.217
21
 149.325
31
 215.351
39
 0
62
  3
 0
LINE
8
default
6
CONTINUOUS
10
-426.553
20
 147.416
30
 215.268
11
-426.217
21
 149.325
31
 215.351
39
 0
62
  3
 0
LINE
8
default
6
CONTINUOUS
10
 426.217
20
 149.325
30
 215.351
11
 425.867
21
 151.509
31
 215.437
39
 0
62
  3
 0
LINE
8
default
6
CONTINUOUS
10
-426.217
20
 149.325
30
 215.351
11
-425.867
21
 151.509
31
 215.437
39
 0
62
  3
 0
LINE
8
default
6
CONTINUOUS
10
 425.867
20
 151.509
30
 215.437
11
 425.520
21
 153.965
31
 215.522
39
 0
62
  3
 0
LINE
8
default
6
CONTINUOUS
10
-425.867
20
 151.509
30
 215.437
11
-425.520
21
 153.965
31
 215.522
39
 0
62
  3
 0
LINE
8
default
6
CONTINUOUS
10
 425.520
20
 153.965
30
 215.522
11
 425.184
21
 156.658
31
 215.604
39
 0
62
  3
 0
LINE
8
default
6
CONTINUOUS
10
-425.520
20
 153.965
30
 215.522
11
-425.184
21
 156.658
31
 215.604
39
 0
62
  3
 0
LINE
8
default
6
CONTINUOUS
10
 425.184
20
 156.658
30
 215.604
11
 424.868
21
 159.530
31
 215.681
39
 0
62
  3
 0
LINE
8
default
6
CONTINUOUS
10
-425.184
20
 156.658
30
 215.604
11
-424.868
21
 159.530
31
 215.681
39
 0
62
  3
 0
LINE
8
default
6
CONTINUOUS
10
 424.868
20
 159.530
30
 215.681
11
 424.578
21
 162.539
31
 215.752
39
 0
62
  3
 0
LINE
8
default
6
CONTINUOUS
10
-424.868
20
 159.530
30
 215.681
11
-424.578
21
 162.539
31
 215.752
39
 0
62
  3
 0
LINE
8
default
6
CONTINUOUS
10
 424.578
20
 162.539
30
 215.752
11
 424.316
21
 165.649
31
 215.816
39
 0
62
  3
 0
LINE
8
default
6
CONTINUOUS
10
-424.578
20
 162.539
30
 215.752
11
-424.316
21
 165.649
31
 215.816
39
 0
62
  3
 0
LINE
8
default
6
CONTINUOUS
10
 424.316
20
 165.649
30
 215.816
11
 424.086
21
 168.826
31
 215.873
39
 0
62
  3
 0
LINE
8
default
6
CONTINUOUS
10
-424.316
20
 165.649
30
 215.816
11
-424.086
21
 168.826
31
 215.873
39
 0
62
  3
 0
LINE
8
default
6
CONTINUOUS
10
 424.086
20
 168.826
30
 215.873
11
 423.891
21
 172.039
31
 215.920
39
 0
62
  3
 0
LINE
8
default
6
CONTINUOUS
10
-424.086
20
 168.826
30
 215.873
11
-423.891
21
 172.039
31
 215.920
39
 0
62
  3
 0
LINE
8
default
6
CONTINUOUS
10
 423.891
20
 172.039
30
 215.920
11
 423.734
21
 175.263
31
 215.959
39
 0
62
  3
 0
LINE
8
default
6
CONTINUOUS
10
-423.891
20
 172.039
30
 215.920
11
-423.734
21
 175.263
31
 215.959
39
 0
62
  3
 0
LINE
8
default
6
CONTINUOUS
10
 423.734
20
 175.263
30
 215.959
11
 423.618
21
 178.491
31
 215.987
39
 0
62
  3
 0
LINE
8
default
6
CONTINUOUS
10
-423.734
20
 175.263
30
 215.959
11
-423.618
21
 178.491
31
 215.987
39
 0
62
  3
 0
LINE
8
default
6
CONTINUOUS
10
 423.618
20
 178.491
30
 215.987
11
 423.538
21
 181.725
31
 216.007
39
 0
62
  3
 0
LINE
8
default
6
CONTINUOUS
10
-423.618
20
 178.491
30
 215.987
11
-423.538
21
 181.725
31
 216.007
39
 0
62
  3
 0
LINE
8
default
6
CONTINUOUS
10
 423.538
20
 181.725
30
 216.007
11
 423.493
21
 184.978
31
 216.018
39
 0
62
  3
 0
LINE
8
default
6
CONTINUOUS
10
-423.538
20
 181.725
30
 216.007
11
-423.493
21
 184.978
31
 216.018
39
 0
62
  3
 0
LINE
8
default
6
CONTINUOUS
10
 423.493
20
 184.978
30
 216.018
11
 423.477
21
 188.262
31
 216.022
39
 0
62
  3
 0
LINE
8
default
6
CONTINUOUS
10
-423.493
20
 184.978
30
 216.018
11
-423.477
21
 188.262
31
 216.022
39
 0
62
  3
 0
LINE
8
default
6
CONTINUOUS
10
 423.477
20
 188.262
30
 216.022
11
 423.487
21
 191.582
31
 216.019
39
 0
62
  3
 0
LINE
8
default
6
CONTINUOUS
10
-423.477
20
 188.262
30
 216.022
11
-423.487
21
 191.582
31
 216.019
39
 0
62
  3
 0
LINE
8
default
6
CONTINUOUS
10
 423.487
20
 191.582
30
 216.019
11
 423.524
21
 194.928
31
 216.010
39
 0
62
  3
 0
LINE
8
default
6
CONTINUOUS
10
-423.487
20
 191.582
30
 216.019
11
-423.524
21
 194.928
31
 216.010
39
 0
62
  3
 0
LINE
8
default
6
CONTINUOUS
10
 423.524
20
 194.928
30
 216.010
11
 423.584
21
 198.291
31
 215.996
39
 0
62
  3
 0
LINE
8
default
6
CONTINUOUS
10
-423.524
20
 194.928
30
 216.010
11
-423.584
21
 198.291
31
 215.996
39
 0
62
  3
 0
LINE
8
default
6
CONTINUOUS
10
 423.584
20
 198.291
30
 215.996
11
 423.669
21
 201.658
31
 215.975
39
 0
62
  3
 0
LINE
8
default
6
CONTINUOUS
10
-423.584
20
 198.291
30
 215.996
11
-423.669
21
 201.658
31
 215.975
39
 0
62
  3
 0
LINE
8
default
6
CONTINUOUS
10
 423.669
20
 201.658
30
 215.975
11
 423.777
21
 205.031
31
 215.949
39
 0
62
  3
 0
LINE
8
default
6
CONTINUOUS
10
-423.669
20
 201.658
30
 215.975
11
-423.777
21
 205.031
31
 215.949
39
 0
62
  3
 0
LINE
8
default
6
CONTINUOUS
10
 423.777
20
 205.031
30
 215.949
11
 423.906
21
 208.413
31
 215.917
39
 0
62
  3
 0
LINE
8
default
6
CONTINUOUS
10
-423.777
20
 205.031
30
 215.949
11
-423.906
21
 208.413
31
 215.917
39
 0
62
  3
 0
LINE
8
default
6
CONTINUOUS
10
 423.906
20
 208.413
30
 215.917
11
 424.057
21
 211.808
31
 215.880
39
 0
62
  3
 0
LINE
8
default
6
CONTINUOUS
10
-423.906
20
 208.413
30
 215.917
11
-424.057
21
 211.808
31
 215.880
39
 0
62
  3
 0
LINE
8
default
6
CONTINUOUS
10
 424.057
20
 211.808
30
 215.880
11
 424.229
21
 215.213
31
 215.838
39
 0
62
  3
 0
LINE
8
default
6
CONTINUOUS
10
-424.057
20
 211.808
30
 215.880
11
-424.229
21
 215.213
31
 215.838
39
 0
62
  3
 0
LINE
8
default
6
CONTINUOUS
10
 424.229
20
 215.213
30
 215.838
11
 424.418
21
 218.622
31
 215.791
39
 0
62
  3
 0
LINE
8
default
6
CONTINUOUS
10
-424.229
20
 215.213
30
 215.838
11
-424.418
21
 218.622
31
 215.791
39
 0
62
  3
 0
LINE
8
default
6
CONTINUOUS
10
 424.418
20
 218.622
30
 215.791
11
 424.624
21
 222.021
31
 215.741
39
 0
62
  3
 0
LINE
8
default
6
CONTINUOUS
10
-424.418
20
 218.622
30
 215.791
11
-424.624
21
 222.021
31
 215.741
39
 0
62
  3
 0
LINE
8
default
6
CONTINUOUS
10
 424.624
20
 222.021
30
 215.741
11
 424.843
21
 225.405
31
 215.687
39
 0
62
  3
 0
LINE
8
default
6
CONTINUOUS
10
-424.624
20
 222.021
30
 215.741
11
-424.843
21
 225.405
31
 215.687
39
 0
62
  3
 0
LINE
8
default
6
CONTINUOUS
10
 424.843
20
 225.405
30
 215.687
11
 425.073
21
 228.792
31
 215.631
39
 0
62
  3
 0
LINE
8
default
6
CONTINUOUS
10
-424.843
20
 225.405
30
 215.687
11
-425.073
21
 228.792
31
 215.631
39
 0
62
  3
 0
LINE
8
default
6
CONTINUOUS
10
 425.073
20
 228.792
30
 215.631
11
 425.314
21
 232.205
31
 215.572
39
 0
62
  3
 0
LINE
8
default
6
CONTINUOUS
10
-425.073
20
 228.792
30
 215.631
11
-425.314
21
 232.205
31
 215.572
39
 0
62
  3
 0
LINE
8
default
6
CONTINUOUS
10
 425.314
20
 232.205
30
 215.572
11
 425.566
21
 235.647
31
 215.510
39
 0
62
  3
 0
LINE
8
default
6
CONTINUOUS
10
-425.314
20
 232.205
30
 215.572
11
-425.566
21
 235.647
31
 215.510
39
 0
62
  3
 0
LINE
8
default
6
CONTINUOUS
10
 425.566
20
 235.647
30
 215.510
11
 425.819
21
 238.994
31
 215.448
39
 0
62
  3
 0
LINE
8
default
6
CONTINUOUS
10
-425.566
20
 235.647
30
 215.510
11
-425.819
21
 238.994
31
 215.448
39
 0
62
  3
 0
LINE
8
default
6
CONTINUOUS
10
 425.819
20
 238.994
30
 215.448
11
 426.055
21
 242.055
31
 215.391
39
 0
62
  3
 0
LINE
8
default
6
CONTINUOUS
10
-425.819
20
 238.994
30
 215.448
11
-426.055
21
 242.055
31
 215.391
39
 0
62
  3
 0
LINE
8
default
6
CONTINUOUS
10
 426.055
20
 242.055
30
 215.391
11
 426.266
21
 244.711
31
 215.339
39
 0
62
  3
 0
LINE
8
default
6
CONTINUOUS
10
-426.055
20
 242.055
30
 215.391
11
-426.266
21
 244.711
31
 215.339
39
 0
62
  3
 0
LINE
8
default
6
CONTINUOUS
10
 426.266
20
 244.711
30
 215.339
11
 426.448
21
 246.977
31
 215.294
39
 0
62
  3
 0
LINE
8
default
6
CONTINUOUS
10
-426.266
20
 244.711
30
 215.339
11
-426.448
21
 246.977
31
 215.294
39
 0
62
  3
 0
LINE
8
default
6
CONTINUOUS
10
 426.448
20
 246.977
30
 215.294
11
 426.556
21
 248.306
31
 215.268
39
 0
62
  3
 0
LINE
8
default
6
CONTINUOUS
10
-426.448
20
 246.977
30
 215.294
11
-426.556
21
 248.306
31
 215.268
39
 0
62
  3
 0
LINE
8
default
6
CONTINUOUS
10
 428.554
20
 240.808
30
 236.286
11
 428.631
21
 239.826
31
 236.285
39
 0
62
  5
 0
LINE
8
default
6
CONTINUOUS
10
-428.554
20
 240.808
30
 236.286
11
-428.631
21
 239.826
31
 236.285
39
 0
62
  5
 0
LINE
8
default
6
CONTINUOUS
10
 428.631
20
 239.826
30
 236.285
11
 428.763
21
 238.152
31
 236.282
39
 0
62
  5
 0
LINE
8
default
6
CONTINUOUS
10
-428.631
20
 239.826
30
 236.285
11
-428.763
21
 238.152
31
 236.282
39
 0
62
  5
 0
LINE
8
default
6
CONTINUOUS
10
 428.763
20
 238.152
30
 236.282
11
 428.917
21
 236.189
31
 236.279
39
 0
62
  5
 0
LINE
8
default
6
CONTINUOUS
10
-428.763
20
 238.152
30
 236.282
11
-428.917
21
 236.189
31
 236.279
39
 0
62
  5
 0
LINE
8
default
6
CONTINUOUS
10
 428.917
20
 236.189
30
 236.279
11
 429.095
21
 233.926
31
 236.275
39
 0
62
  5
 0
LINE
8
default
6
CONTINUOUS
10
-428.917
20
 236.189
30
 236.279
11
-429.095
21
 233.926
31
 236.275
39
 0
62
  5
 0
LINE
8
default
6
CONTINUOUS
10
 429.095
20
 233.926
30
 236.275
11
 429.290
21
 231.447
31
 236.271
39
 0
62
  5
 0
LINE
8
default
6
CONTINUOUS
10
-429.095
20
 233.926
30
 236.275
11
-429.290
21
 231.447
31
 236.271
39
 0
62
  5
 0
LINE
8
default
6
CONTINUOUS
10
 429.290
20
 231.447
30
 236.271
11
 429.491
21
 228.897
31
 236.267
39
 0
62
  5
 0
LINE
8
default
6
CONTINUOUS
10
-429.290
20
 231.447
30
 236.271
11
-429.491
21
 228.897
31
 236.267
39
 0
62
  5
 0
LINE
8
default
6
CONTINUOUS
10
 429.491
20
 228.897
30
 236.267
11
 429.690
21
 226.366
31
 236.263
39
 0
62
  5
 0
LINE
8
default
6
CONTINUOUS
10
-429.491
20
 228.897
30
 236.267
11
-429.690
21
 226.366
31
 236.263
39
 0
62
  5
 0
LINE
8
default
6
CONTINUOUS
10
 429.690
20
 226.366
30
 236.263
11
 429.888
21
 223.853
31
 236.259
39
 0
62
  5
 0
LINE
8
default
6
CONTINUOUS
10
-429.690
20
 226.366
30
 236.263
11
-429.888
21
 223.853
31
 236.259
39
 0
62
  5
 0
LINE
8
default
6
CONTINUOUS
10
 429.888
20
 223.853
30
 236.259
11
 430.086
21
 221.334
31
 236.255
39
 0
62
  5
 0
LINE
8
default
6
CONTINUOUS
10
-429.888
20
 223.853
30
 236.259
11
-430.086
21
 221.334
31
 236.255
39
 0
62
  5
 0
LINE
8
default
6
CONTINUOUS
10
 430.086
20
 221.334
30
 236.255
11
 430.286
21
 218.798
31
 236.251
39
 0
62
  5
 0
LINE
8
default
6
CONTINUOUS
10
-430.086
20
 221.334
30
 236.255
11
-430.286
21
 218.798
31
 236.251
39
 0
62
  5
 0
LINE
8
default
6
CONTINUOUS
10
 430.286
20
 218.798
30
 236.251
11
 430.487
21
 216.239
31
 236.247
39
 0
62
  5
 0
LINE
8
default
6
CONTINUOUS
10
-430.286
20
 218.798
30
 236.251
11
-430.487
21
 216.239
31
 236.247
39
 0
62
  5
 0
LINE
8
default
6
CONTINUOUS
10
 430.487
20
 216.239
30
 236.247
11
 430.689
21
 213.668
31
 236.243
39
 0
62
  5
 0
LINE
8
default
6
CONTINUOUS
10
-430.487
20
 216.239
30
 236.247
11
-430.689
21
 213.668
31
 236.243
39
 0
62
  5
 0
LINE
8
default
6
CONTINUOUS
10
 430.689
20
 213.668
30
 236.243
11
 430.892
21
 211.090
31
 236.239
39
 0
62
  5
 0
LINE
8
default
6
CONTINUOUS
10
-430.689
20
 213.668
30
 236.243
11
-430.892
21
 211.090
31
 236.239
39
 0
62
  5
 0
LINE
8
default
6
CONTINUOUS
10
 430.892
20
 211.090
30
 236.239
11
 431.095
21
 208.511
31
 236.235
39
 0
62
  5
 0
LINE
8
default
6
CONTINUOUS
10
-430.892
20
 211.090
30
 236.239
11
-431.095
21
 208.511
31
 236.235
39
 0
62
  5
 0
LINE
8
default
6
CONTINUOUS
10
 431.095
20
 208.511
30
 236.235
11
 431.298
21
 205.936
31
 236.231
39
 0
62
  5
 0
LINE
8
default
6
CONTINUOUS
10
-431.095
20
 208.511
30
 236.235
11
-431.298
21
 205.936
31
 236.231
39
 0
62
  5
 0
LINE
8
default
6
CONTINUOUS
10
 431.298
20
 205.936
30
 236.231
11
 431.500
21
 203.366
31
 236.227
39
 0
62
  5
 0
LINE
8
default
6
CONTINUOUS
10
-431.298
20
 205.936
30
 236.231
11
-431.500
21
 203.366
31
 236.227
39
 0
62
  5
 0
LINE
8
default
6
CONTINUOUS
10
 431.500
20
 203.366
30
 236.227
11
 431.701
21
 200.804
31
 236.223
39
 0
62
  5
 0
LINE
8
default
6
CONTINUOUS
10
-431.500
20
 203.366
30
 236.227
11
-431.701
21
 200.804
31
 236.223
39
 0
62
  5
 0
LINE
8
default
6
CONTINUOUS
10
 431.701
20
 200.804
30
 236.223
11
 431.902
21
 198.253
31
 236.219
39
 0
62
  5
 0
LINE
8
default
6
CONTINUOUS
10
-431.701
20
 200.804
30
 236.223
11
-431.902
21
 198.253
31
 236.219
39
 0
62
  5
 0
LINE
8
default
6
CONTINUOUS
10
 431.902
20
 198.253
30
 236.219
11
 432.102
21
 195.713
31
 236.215
39
 0
62
  5
 0
LINE
8
default
6
CONTINUOUS
10
-431.902
20
 198.253
30
 236.219
11
-432.102
21
 195.713
31
 236.215
39
 0
62
  5
 0
LINE
8
default
6
CONTINUOUS
10
 432.102
20
 195.713
30
 236.215
11
 432.301
21
 193.188
31
 236.211
39
 0
62
  5
 0
LINE
8
default
6
CONTINUOUS
10
-432.102
20
 195.713
30
 236.215
11
-432.301
21
 193.188
31
 236.211
39
 0
62
  5
 0
LINE
8
default
6
CONTINUOUS
10
 432.301
20
 193.188
30
 236.211
11
 432.498
21
 190.686
31
 236.207
39
 0
62
  5
 0
LINE
8
default
6
CONTINUOUS
10
-432.301
20
 193.188
30
 236.211
11
-432.498
21
 190.686
31
 236.207
39
 0
62
  5
 0
LINE
8
default
6
CONTINUOUS
10
 432.498
20
 190.686
30
 236.207
11
 432.692
21
 188.211
31
 236.203
39
 0
62
  5
 0
LINE
8
default
6
CONTINUOUS
10
-432.498
20
 190.686
30
 236.207
11
-432.692
21
 188.211
31
 236.203
39
 0
62
  5
 0
LINE
8
default
6
CONTINUOUS
10
 432.692
20
 188.211
30
 236.203
11
 432.884
21
 185.776
31
 236.199
39
 0
62
  5
 0
LINE
8
default
6
CONTINUOUS
10
-432.692
20
 188.211
30
 236.203
11
-432.884
21
 185.776
31
 236.199
39
 0
62
  5
 0
LINE
8
default
6
CONTINUOUS
10
 432.884
20
 185.776
30
 236.199
11
 433.071
21
 183.396
31
 236.195
39
 0
62
  5
 0
LINE
8
default
6
CONTINUOUS
10
-432.884
20
 185.776
30
 236.199
11
-433.071
21
 183.396
31
 236.195
39
 0
62
  5
 0
LINE
8
default
6
CONTINUOUS
10
 433.071
20
 183.396
30
 236.195
11
 433.253
21
 181.091
31
 236.192
39
 0
62
  5
 0
LINE
8
default
6
CONTINUOUS
10
-433.071
20
 183.396
30
 236.195
11
-433.253
21
 181.091
31
 236.192
39
 0
62
  5
 0
LINE
8
default
6
CONTINUOUS
10
 433.253
20
 181.091
30
 236.192
11
 433.426
21
 178.886
31
 236.188
39
 0
62
  5
 0
LINE
8
default
6
CONTINUOUS
10
-433.253
20
 181.091
30
 236.192
11
-433.426
21
 178.886
31
 236.188
39
 0
62
  5
 0
LINE
8
default
6
CONTINUOUS
10
 433.426
20
 178.886
30
 236.188
11
 433.591
21
 176.796
31
 236.185
39
 0
62
  5
 0
LINE
8
default
6
CONTINUOUS
10
-433.426
20
 178.886
30
 236.188
11
-433.591
21
 176.796
31
 236.185
39
 0
62
  5
 0
LINE
8
default
6
CONTINUOUS
10
 433.591
20
 176.796
30
 236.185
11
 433.745
21
 174.830
31
 236.182
39
 0
62
  5
 0
LINE
8
default
6
CONTINUOUS
10
-433.591
20
 176.796
30
 236.185
11
-433.745
21
 174.830
31
 236.182
39
 0
62
  5
 0
LINE
8
default
6
CONTINUOUS
10
 433.745
20
 174.830
30
 236.182
11
 433.890
21
 172.991
31
 236.179
39
 0
62
  5
 0
LINE
8
default
6
CONTINUOUS
10
-433.745
20
 174.830
30
 236.182
11
-433.890
21
 172.991
31
 236.179
39
 0
62
  5
 0
LINE
8
default
6
CONTINUOUS
10
 433.890
20
 172.991
30
 236.179
11
 434.025
21
 171.278
31
 236.176
39
 0
62
  5
 0
LINE
8
default
6
CONTINUOUS
10
-433.890
20
 172.991
30
 236.179
11
-434.025
21
 171.278
31
 236.176
39
 0
62
  5
 0
LINE
8
default
6
CONTINUOUS
10
 434.025
20
 171.278
30
 236.176
11
 434.150
21
 169.692
31
 236.174
39
 0
62
  5
 0
LINE
8
default
6
CONTINUOUS
10
-434.025
20
 171.278
30
 236.176
11
-434.150
21
 169.692
31
 236.174
39
 0
62
  5
 0
LINE
8
default
6
CONTINUOUS
10
 434.150
20
 169.692
30
 236.174
11
 434.265
21
 168.228
31
 236.171
39
 0
62
  5
 0
LINE
8
default
6
CONTINUOUS
10
-434.150
20
 169.692
30
 236.174
11
-434.265
21
 168.228
31
 236.171
39
 0
62
  5
 0
LINE
8
default
6
CONTINUOUS
10
 434.265
20
 168.228
30
 236.171
11
 434.371
21
 166.883
31
 236.169
39
 0
62
  5
 0
LINE
8
default
6
CONTINUOUS
10
-434.265
20
 168.228
30
 236.171
11
-434.371
21
 166.883
31
 236.169
39
 0
62
  5
 0
LINE
8
default
6
CONTINUOUS
10
 434.371
20
 166.883
30
 236.169
11
 434.468
21
 165.650
31
 236.167
39
 0
62
  5
 0
LINE
8
default
6
CONTINUOUS
10
-434.371
20
 166.883
30
 236.169
11
-434.468
21
 165.650
31
 236.167
39
 0
62
  5
 0
LINE
8
default
6
CONTINUOUS
10
 434.468
20
 165.650
30
 236.167
11
 434.556
21
 164.522
31
 236.166
39
 0
62
  5
 0
LINE
8
default
6
CONTINUOUS
10
-434.468
20
 165.650
30
 236.167
11
-434.556
21
 164.522
31
 236.166
39
 0
62
  5
 0
LINE
8
default
6
CONTINUOUS
10
 434.556
20
 164.522
30
 236.166
11
 434.637
21
 163.493
31
 236.164
39
 0
62
  5
 0
LINE
8
default
6
CONTINUOUS
10
-434.556
20
 164.522
30
 236.166
11
-434.637
21
 163.493
31
 236.164
39
 0
62
  5
 0
LINE
8
default
6
CONTINUOUS
10
 434.637
20
 163.493
30
 236.164
11
 434.711
21
 162.557
31
 236.163
39
 0
62
  5
 0
LINE
8
default
6
CONTINUOUS
10
-434.637
20
 163.493
30
 236.164
11
-434.711
21
 162.557
31
 236.163
39
 0
62
  5
 0
LINE
8
default
6
CONTINUOUS
10
 434.711
20
 162.557
30
 236.163
11
 434.778
21
 161.711
31
 236.161
39
 0
62
  5
 0
LINE
8
default
6
CONTINUOUS
10
-434.711
20
 162.557
30
 236.163
11
-434.778
21
 161.711
31
 236.161
39
 0
62
  5
 0
LINE
8
default
6
CONTINUOUS
10
 434.778
20
 161.711
30
 236.161
11
 434.837
21
 160.951
31
 236.160
39
 0
62
  5
 0
LINE
8
default
6
CONTINUOUS
10
-434.778
20
 161.711
30
 236.161
11
-434.837
21
 160.951
31
 236.160
39
 0
62
  5
 0
LINE
8
default
6
CONTINUOUS
10
 434.837
20
 160.951
30
 236.160
11
 434.891
21
 160.272
31
 236.159
39
 0
62
  5
 0
LINE
8
default
6
CONTINUOUS
10
-434.837
20
 160.951
30
 236.160
11
-434.891
21
 160.272
31
 236.159
39
 0
62
  5
 0
LINE
8
default
6
CONTINUOUS
10
 434.891
20
 160.272
30
 236.159
11
 434.939
21
 159.665
31
 236.158
39
 0
62
  5
 0
LINE
8
default
6
CONTINUOUS
10
-434.891
20
 160.272
30
 236.159
11
-434.939
21
 159.665
31
 236.158
39
 0
62
  5
 0
LINE
8
default
6
CONTINUOUS
10
 434.939
20
 159.665
30
 236.158
11
 434.981
21
 159.127
31
 236.157
39
 0
62
  5
 0
LINE
8
default
6
CONTINUOUS
10
-434.939
20
 159.665
30
 236.158
11
-434.981
21
 159.127
31
 236.157
39
 0
62
  5
 0
LINE
8
default
6
CONTINUOUS
10
 434.981
20
 159.127
30
 236.157
11
 435.018
21
 158.650
31
 236.156
39
 0
62
  5
 0
LINE
8
default
6
CONTINUOUS
10
-434.981
20
 159.127
30
 236.157
11
-435.018
21
 158.650
31
 236.156
39
 0
62
  5
 0
LINE
8
default
6
CONTINUOUS
10
 435.018
20
 158.650
30
 236.156
11
 435.052
21
 158.228
31
 236.156
39
 0
62
  5
 0
LINE
8
default
6
CONTINUOUS
10
-435.018
20
 158.650
30
 236.156
11
-435.052
21
 158.228
31
 236.156
39
 0
62
  5
 0
LINE
8
default
6
CONTINUOUS
10
 435.052
20
 158.228
30
 236.156
11
 435.081
21
 157.857
31
 236.155
39
 0
62
  5
 0
LINE
8
default
6
CONTINUOUS
10
-435.052
20
 158.228
30
 236.156
11
-435.081
21
 157.857
31
 236.155
39
 0
62
  5
 0
LINE
8
default
6
CONTINUOUS
10
 435.081
20
 157.857
30
 236.155
11
 435.106
21
 157.532
31
 236.155
39
 0
62
  5
 0
LINE
8
default
6
CONTINUOUS
10
-435.081
20
 157.857
30
 236.155
11
-435.106
21
 157.532
31
 236.155
39
 0
62
  5
 0
LINE
8
default
6
CONTINUOUS
10
 435.106
20
 157.532
30
 236.155
11
 435.129
21
 157.247
31
 236.154
39
 0
62
  5
 0
LINE
8
default
6
CONTINUOUS
10
-435.106
20
 157.532
30
 236.155
11
-435.129
21
 157.247
31
 236.154
39
 0
62
  5
 0
LINE
8
default
6
CONTINUOUS
10
 435.129
20
 157.247
30
 236.154
11
 435.148
21
 157.001
31
 236.154
39
 0
62
  5
 0
LINE
8
default
6
CONTINUOUS
10
-435.129
20
 157.247
30
 236.154
11
-435.148
21
 157.001
31
 236.154
39
 0
62
  5
 0
LINE
8
default
6
CONTINUOUS
10
 435.148
20
 157.001
30
 236.154
11
 435.165
21
 156.791
31
 236.153
39
 0
62
  5
 0
LINE
8
default
6
CONTINUOUS
10
-435.148
20
 157.001
30
 236.154
11
-435.165
21
 156.791
31
 236.153
39
 0
62
  5
 0
LINE
8
default
6
CONTINUOUS
10
 435.165
20
 156.791
30
 236.153
11
 435.179
21
 156.615
31
 236.153
39
 0
62
  5
 0
LINE
8
default
6
CONTINUOUS
10
-435.165
20
 156.791
30
 236.153
11
-435.179
21
 156.615
31
 236.153
39
 0
62
  5
 0
LINE
8
default
6
CONTINUOUS
10
 435.179
20
 156.615
30
 236.153
11
 435.190
21
 156.472
31
 236.153
39
 0
62
  5
 0
LINE
8
default
6
CONTINUOUS
10
-435.179
20
 156.615
30
 236.153
11
-435.190
21
 156.472
31
 236.153
39
 0
62
  5
 0
LINE
8
default
6
CONTINUOUS
10
 435.190
20
 156.472
30
 236.153
11
 435.199
21
 156.357
31
 236.153
39
 0
62
  5
 0
LINE
8
default
6
CONTINUOUS
10
-435.190
20
 156.472
30
 236.153
11
-435.199
21
 156.357
31
 236.153
39
 0
62
  5
 0
LINE
8
default
6
CONTINUOUS
10
 435.199
20
 156.357
30
 236.153
11
 435.206
21
 156.267
31
 236.153
39
 0
62
  5
 0
LINE
8
default
6
CONTINUOUS
10
-435.199
20
 156.357
30
 236.153
11
-435.206
21
 156.267
31
 236.153
39
 0
62
  5
 0
LINE
8
default
6
CONTINUOUS
10
 435.206
20
 156.267
30
 236.153
11
 435.211
21
 156.196
31
 236.152
39
 0
62
  5
 0
LINE
8
default
6
CONTINUOUS
10
-435.206
20
 156.267
30
 236.153
11
-435.211
21
 156.196
31
 236.152
39
 0
62
  5
 0
LINE
8
default
6
CONTINUOUS
10
 435.211
20
 156.196
30
 236.152
11
 435.216
21
 156.145
31
 236.152
39
 0
62
  5
 0
LINE
8
default
6
CONTINUOUS
10
-435.211
20
 156.196
30
 236.152
11
-435.216
21
 156.145
31
 236.152
39
 0
62
  5
 0
LINE
8
default
6
CONTINUOUS
10
 435.216
20
 156.145
30
 236.152
11
 435.218
21
 156.117
31
 236.152
39
 0
62
  5
 0
LINE
8
default
6
CONTINUOUS
10
-435.216
20
 156.145
30
 236.152
11
-435.218
21
 156.117
31
 236.152
39
 0
62
  5
 0
LINE
8
default
6
CONTINUOUS
10
 435.218
20
 156.117
30
 236.152
11
 435.218
21
 156.118
31
 236.152
39
 0
62
  5
 0
LINE
8
default
6
CONTINUOUS
10
-435.218
20
 156.117
30
 236.152
11
-435.218
21
 156.118
31
 236.152
39
 0
62
  5
 0
LINE
8
default
6
CONTINUOUS
10
 435.218
20
 156.118
30
 236.152
11
 435.215
21
 156.157
31
 236.152
39
 0
62
  5
 0
LINE
8
default
6
CONTINUOUS
10
-435.218
20
 156.118
30
 236.152
11
-435.215
21
 156.157
31
 236.152
39
 0
62
  5
 0
LINE
8
default
6
CONTINUOUS
10
 435.215
20
 156.157
30
 236.152
11
 435.208
21
 156.238
31
 236.153
39
 0
62
  5
 0
LINE
8
default
6
CONTINUOUS
10
-435.215
20
 156.157
30
 236.152
11
-435.208
21
 156.238
31
 236.153
39
 0
62
  5
 0
LINE
8
default
6
CONTINUOUS
10
 435.208
20
 156.238
30
 236.153
11
 435.199
21
 156.361
31
 236.153
39
 0
62
  5
 0
LINE
8
default
6
CONTINUOUS
10
-435.208
20
 156.238
30
 236.153
11
-435.199
21
 156.361
31
 236.153
39
 0
62
  5
 0
LINE
8
default
6
CONTINUOUS
10
 435.199
20
 156.361
30
 236.153
11
 435.186
21
 156.527
31
 236.153
39
 0
62
  5
 0
LINE
8
default
6
CONTINUOUS
10
-435.199
20
 156.361
30
 236.153
11
-435.186
21
 156.527
31
 236.153
39
 0
62
  5
 0
LINE
8
default
6
CONTINUOUS
10
 435.186
20
 156.527
30
 236.153
11
 435.169
21
 156.737
31
 236.153
39
 0
62
  5
 0
LINE
8
default
6
CONTINUOUS
10
-435.186
20
 156.527
30
 236.153
11
-435.169
21
 156.737
31
 236.153
39
 0
62
  5
 0
LINE
8
default
6
CONTINUOUS
10
 435.169
20
 156.737
30
 236.153
11
 435.149
21
 156.990
31
 236.154
39
 0
62
  5
 0
LINE
8
default
6
CONTINUOUS
10
-435.169
20
 156.737
30
 236.153
11
-435.149
21
 156.990
31
 236.154
39
 0
62
  5
 0
LINE
8
default
6
CONTINUOUS
10
 435.149
20
 156.990
30
 236.154
11
 435.126
21
 157.286
31
 236.154
39
 0
62
  5
 0
LINE
8
default
6
CONTINUOUS
10
-435.149
20
 156.990
30
 236.154
11
-435.126
21
 157.286
31
 236.154
39
 0
62
  5
 0
LINE
8
default
6
CONTINUOUS
10
 435.126
20
 157.286
30
 236.154
11
 435.111
21
 157.472
31
 236.154
39
 0
62
  5
 0
LINE
8
default
6
CONTINUOUS
10
-435.126
20
 157.286
30
 236.154
11
-435.111
21
 157.472
31
 236.154
39
 0
62
  5
 0
LINE
8
default
6
CONTINUOUS
10
 435.111
20
 157.472
30
 236.154
11
 435.099
21
 157.623
31
 236.155
39
 0
62
  1
 0
LINE
8
default
6
CONTINUOUS
10
-435.111
20
 157.472
30
 236.154
11
-435.099
21
 157.623
31
 236.155
39
 0
62
  1
 0
LINE
8
default
6
CONTINUOUS
10
 435.099
20
 157.623
30
 236.155
11
 435.070
21
 157.994
31
 236.155
39
 0
62
  1
 0
LINE
8
default
6
CONTINUOUS
10
-435.099
20
 157.623
30
 236.155
11
-435.070
21
 157.994
31
 236.155
39
 0
62
  1
 0
LINE
8
default
6
CONTINUOUS
10
 435.070
20
 157.994
30
 236.155
11
 435.038
21
 158.405
31
 236.156
39
 0
62
  1
 0
LINE
8
default
6
CONTINUOUS
10
-435.070
20
 157.994
30
 236.155
11
-435.038
21
 158.405
31
 236.156
39
 0
62
  1
 0
LINE
8
default
6
CONTINUOUS
10
 435.038
20
 158.405
30
 236.156
11
 435.002
21
 158.862
31
 236.157
39
 0
62
  1
 0
LINE
8
default
6
CONTINUOUS
10
-435.038
20
 158.405
30
 236.156
11
-435.002
21
 158.862
31
 236.157
39
 0
62
  1
 0
LINE
8
default
6
CONTINUOUS
10
 435.002
20
 158.862
30
 236.157
11
 434.962
21
 159.370
31
 236.157
39
 0
62
  1
 0
LINE
8
default
6
CONTINUOUS
10
-435.002
20
 158.862
30
 236.157
11
-434.962
21
 159.370
31
 236.157
39
 0
62
  1
 0
LINE
8
default
6
CONTINUOUS
10
 434.962
20
 159.370
30
 236.157
11
 434.917
21
 159.940
31
 236.158
39
 0
62
  1
 0
LINE
8
default
6
CONTINUOUS
10
-434.962
20
 159.370
30
 236.157
11
-434.917
21
 159.940
31
 236.158
39
 0
62
  1
 0
LINE
8
default
6
CONTINUOUS
10
 434.917
20
 159.940
30
 236.158
11
 434.871
21
 160.521
31
 236.159
39
 0
62
  1
 0
LINE
8
default
6
CONTINUOUS
10
-434.917
20
 159.940
30
 236.158
11
-434.871
21
 160.521
31
 236.159
39
 0
62
  1
 0
LINE
8
default
6
CONTINUOUS
10
 434.871
20
 160.521
30
 236.159
11
 434.798
21
 161.452
31
 236.161
39
 0
62
  1
 0
LINE
8
default
6
CONTINUOUS
10
-434.871
20
 160.521
30
 236.159
11
-434.798
21
 161.452
31
 236.161
39
 0
62
  1
 0
LINE
8
default
6
CONTINUOUS
10
 434.798
20
 161.452
30
 236.161
11
 434.744
21
 162.133
31
 236.162
39
 0
62
  3
 0
LINE
8
default
6
CONTINUOUS
10
-434.798
20
 161.452
30
 236.161
11
-434.744
21
 162.133
31
 236.162
39
 0
62
  3
 0
LINE
8
default
6
CONTINUOUS
10
 434.744
20
 162.133
30
 236.162
11
 434.670
21
 163.078
31
 236.163
39
 0
62
  3
 0
LINE
8
default
6
CONTINUOUS
10
-434.744
20
 162.133
30
 236.162
11
-434.670
21
 163.078
31
 236.163
39
 0
62
  3
 0
LINE
8
default
6
CONTINUOUS
10
 434.670
20
 163.078
30
 236.163
11
 434.585
21
 164.161
31
 236.165
39
 0
62
  3
 0
LINE
8
default
6
CONTINUOUS
10
-434.670
20
 163.078
30
 236.163
11
-434.585
21
 164.161
31
 236.165
39
 0
62
  3
 0
LINE
8
default
6
CONTINUOUS
10
 434.585
20
 164.161
30
 236.165
11
 434.486
21
 165.411
31
 236.167
39
 0
62
  3
 0
LINE
8
default
6
CONTINUOUS
10
-434.585
20
 164.161
30
 236.165
11
-434.486
21
 165.411
31
 236.167
39
 0
62
  3
 0
LINE
8
default
6
CONTINUOUS
10
 434.486
20
 165.411
30
 236.167
11
 434.373
21
 166.851
31
 236.169
39
 0
62
  3
 0
LINE
8
default
6
CONTINUOUS
10
-434.486
20
 165.411
30
 236.167
11
-434.373
21
 166.851
31
 236.169
39
 0
62
  3
 0
LINE
8
default
6
CONTINUOUS
10
 434.373
20
 166.851
30
 236.169
11
 434.244
21
 168.496
31
 236.172
39
 0
62
  3
 0
LINE
8
default
6
CONTINUOUS
10
-434.373
20
 166.851
30
 236.169
11
-434.244
21
 168.496
31
 236.172
39
 0
62
  3
 0
LINE
8
default
6
CONTINUOUS
10
 434.244
20
 168.496
30
 236.172
11
 434.098
21
 170.344
31
 236.175
39
 0
62
  3
 0
LINE
8
default
6
CONTINUOUS
10
-434.244
20
 168.496
30
 236.172
11
-434.098
21
 170.344
31
 236.175
39
 0
62
  3
 0
LINE
8
default
6
CONTINUOUS
10
 434.098
20
 170.344
30
 236.175
11
 433.939
21
 172.370
31
 236.178
39
 0
62
  3
 0
LINE
8
default
6
CONTINUOUS
10
-434.098
20
 170.344
30
 236.175
11
-433.939
21
 172.370
31
 236.178
39
 0
62
  3
 0
LINE
8
default
6
CONTINUOUS
10
 433.939
20
 172.370
30
 236.178
11
 433.769
21
 174.528
31
 236.181
39
 0
62
  3
 0
LINE
8
default
6
CONTINUOUS
10
-433.939
20
 172.370
30
 236.178
11
-433.769
21
 174.528
31
 236.181
39
 0
62
  3
 0
LINE
8
default
6
CONTINUOUS
10
 433.769
20
 174.528
30
 236.181
11
 433.591
21
 176.787
31
 236.185
39
 0
62
  3
 0
LINE
8
default
6
CONTINUOUS
10
-433.769
20
 174.528
30
 236.181
11
-433.591
21
 176.787
31
 236.185
39
 0
62
  3
 0
LINE
8
default
6
CONTINUOUS
10
 433.591
20
 176.787
30
 236.185
11
 433.408
21
 179.122
31
 236.189
39
 0
62
  3
 0
LINE
8
default
6
CONTINUOUS
10
-433.591
20
 176.787
30
 236.185
11
-433.408
21
 179.122
31
 236.189
39
 0
62
  3
 0
LINE
8
default
6
CONTINUOUS
10
 433.408
20
 179.122
30
 236.189
11
 433.220
21
 181.505
31
 236.192
39
 0
62
  3
 0
LINE
8
default
6
CONTINUOUS
10
-433.408
20
 179.122
30
 236.189
11
-433.220
21
 181.505
31
 236.192
39
 0
62
  3
 0
LINE
8
default
6
CONTINUOUS
10
 433.220
20
 181.505
30
 236.192
11
 433.031
21
 183.913
31
 236.196
39
 0
62
  3
 0
LINE
8
default
6
CONTINUOUS
10
-433.220
20
 181.505
30
 236.192
11
-433.031
21
 183.913
31
 236.196
39
 0
62
  3
 0
LINE
8
default
6
CONTINUOUS
10
 433.031
20
 183.913
30
 236.196
11
 432.840
21
 186.329
31
 236.200
39
 0
62
  3
 0
LINE
8
default
6
CONTINUOUS
10
-433.031
20
 183.913
30
 236.196
11
-432.840
21
 186.329
31
 236.200
39
 0
62
  3
 0
LINE
8
default
6
CONTINUOUS
10
 432.840
20
 186.329
30
 236.200
11
 432.650
21
 188.745
31
 236.204
39
 0
62
  3
 0
LINE
8
default
6
CONTINUOUS
10
-432.840
20
 186.329
30
 236.200
11
-432.650
21
 188.745
31
 236.204
39
 0
62
  3
 0
LINE
8
default
6
CONTINUOUS
10
 432.650
20
 188.745
30
 236.204
11
 432.460
21
 191.166
31
 236.208
39
 0
62
  3
 0
LINE
8
default
6
CONTINUOUS
10
-432.650
20
 188.745
30
 236.204
11
-432.460
21
 191.166
31
 236.208
39
 0
62
  3
 0
LINE
8
default
6
CONTINUOUS
10
 432.460
20
 191.166
30
 236.208
11
 432.269
21
 193.598
31
 236.212
39
 0
62
  3
 0
LINE
8
default
6
CONTINUOUS
10
-432.460
20
 191.166
30
 236.208
11
-432.269
21
 193.598
31
 236.212
39
 0
62
  3
 0
LINE
8
default
6
CONTINUOUS
10
 432.269
20
 193.598
30
 236.212
11
 432.075
21
 196.053
31
 236.215
39
 0
62
  3
 0
LINE
8
default
6
CONTINUOUS
10
-432.269
20
 193.598
30
 236.212
11
-432.075
21
 196.053
31
 236.215
39
 0
62
  3
 0
LINE
8
default
6
CONTINUOUS
10
 432.075
20
 196.053
30
 236.215
11
 431.880
21
 198.534
31
 236.219
39
 0
62
  3
 0
LINE
8
default
6
CONTINUOUS
10
-432.075
20
 196.053
30
 236.215
11
-431.880
21
 198.534
31
 236.219
39
 0
62
  3
 0
LINE
8
default
6
CONTINUOUS
10
 431.880
20
 198.534
30
 236.219
11
 431.683
21
 201.033
31
 236.223
39
 0
62
  3
 0
LINE
8
default
6
CONTINUOUS
10
-431.880
20
 198.534
30
 236.219
11
-431.683
21
 201.033
31
 236.223
39
 0
62
  3
 0
LINE
8
default
6
CONTINUOUS
10
 431.683
20
 201.033
30
 236.223
11
 431.486
21
 203.543
31
 236.227
39
 0
62
  3
 0
LINE
8
default
6
CONTINUOUS
10
-431.683
20
 201.033
30
 236.223
11
-431.486
21
 203.543
31
 236.227
39
 0
62
  3
 0
LINE
8
default
6
CONTINUOUS
10
 431.486
20
 203.543
30
 236.227
11
 431.288
21
 206.057
31
 236.231
39
 0
62
  3
 0
LINE
8
default
6
CONTINUOUS
10
-431.486
20
 203.543
30
 236.227
11
-431.288
21
 206.057
31
 236.231
39
 0
62
  3
 0
LINE
8
default
6
CONTINUOUS
10
 431.288
20
 206.057
30
 236.231
11
 431.090
21
 208.573
31
 236.235
39
 0
62
  3
 0
LINE
8
default
6
CONTINUOUS
10
-431.288
20
 206.057
30
 236.231
11
-431.090
21
 208.573
31
 236.235
39
 0
62
  3
 0
LINE
8
default
6
CONTINUOUS
10
 431.090
20
 208.573
30
 236.235
11
 430.892
21
 211.096
31
 236.239
39
 0
62
  3
 0
LINE
8
default
6
CONTINUOUS
10
-431.090
20
 208.573
30
 236.235
11
-430.892
21
 211.096
31
 236.239
39
 0
62
  3
 0
LINE
8
default
6
CONTINUOUS
10
 430.892
20
 211.096
30
 236.239
11
 430.692
21
 213.627
31
 236.243
39
 0
62
  3
 0
LINE
8
default
6
CONTINUOUS
10
-430.892
20
 211.096
30
 236.239
11
-430.692
21
 213.627
31
 236.243
39
 0
62
  3
 0
LINE
8
default
6
CONTINUOUS
10
 430.692
20
 213.627
30
 236.243
11
 430.493
21
 216.166
31
 236.247
39
 0
62
  3
 0
LINE
8
default
6
CONTINUOUS
10
-430.692
20
 213.627
30
 236.243
11
-430.493
21
 216.166
31
 236.247
39
 0
62
  3
 0
LINE
8
default
6
CONTINUOUS
10
 430.493
20
 216.166
30
 236.247
11
 430.293
21
 218.706
31
 236.251
39
 0
62
  3
 0
LINE
8
default
6
CONTINUOUS
10
-430.493
20
 216.166
30
 236.247
11
-430.293
21
 218.706
31
 236.251
39
 0
62
  3
 0
LINE
8
default
6
CONTINUOUS
10
 430.293
20
 218.706
30
 236.251
11
 430.094
21
 221.238
31
 236.255
39
 0
62
  3
 0
LINE
8
default
6
CONTINUOUS
10
-430.293
20
 218.706
30
 236.251
11
-430.094
21
 221.238
31
 236.255
39
 0
62
  3
 0
LINE
8
default
6
CONTINUOUS
10
 430.094
20
 221.238
30
 236.255
11
 429.895
21
 223.759
31
 236.259
39
 0
62
  3
 0
LINE
8
default
6
CONTINUOUS
10
-430.094
20
 221.238
30
 236.255
11
-429.895
21
 223.759
31
 236.259
39
 0
62
  3
 0
LINE
8
default
6
CONTINUOUS
10
 429.895
20
 223.759
30
 236.259
11
 429.697
21
 226.281
31
 236.263
39
 0
62
  3
 0
LINE
8
default
6
CONTINUOUS
10
-429.895
20
 223.759
30
 236.259
11
-429.697
21
 226.281
31
 236.263
39
 0
62
  3
 0
LINE
8
default
6
CONTINUOUS
10
 429.697
20
 226.281
30
 236.263
11
 429.497
21
 228.823
31
 236.267
39
 0
62
  3
 0
LINE
8
default
6
CONTINUOUS
10
-429.697
20
 226.281
30
 236.263
11
-429.497
21
 228.823
31
 236.267
39
 0
62
  3
 0
LINE
8
default
6
CONTINUOUS
10
 429.497
20
 228.823
30
 236.267
11
 429.295
21
 231.386
31
 236.271
39
 0
62
  3
 0
LINE
8
default
6
CONTINUOUS
10
-429.497
20
 228.823
30
 236.267
11
-429.295
21
 231.386
31
 236.271
39
 0
62
  3
 0
LINE
8
default
6
CONTINUOUS
10
 429.295
20
 231.386
30
 236.271
11
 429.099
21
 233.877
31
 236.275
39
 0
62
  3
 0
LINE
8
default
6
CONTINUOUS
10
-429.295
20
 231.386
30
 236.271
11
-429.099
21
 233.877
31
 236.275
39
 0
62
  3
 0
LINE
8
default
6
CONTINUOUS
10
 429.099
20
 233.877
30
 236.275
11
 428.920
21
 236.155
31
 236.279
39
 0
62
  3
 0
LINE
8
default
6
CONTINUOUS
10
-429.099
20
 233.877
30
 236.275
11
-428.920
21
 236.155
31
 236.279
39
 0
62
  3
 0
LINE
8
default
6
CONTINUOUS
10
 428.920
20
 236.155
30
 236.279
11
 428.764
21
 238.133
31
 236.282
39
 0
62
  3
 0
LINE
8
default
6
CONTINUOUS
10
-428.920
20
 236.155
30
 236.279
11
-428.764
21
 238.133
31
 236.282
39
 0
62
  3
 0
LINE
8
default
6
CONTINUOUS
10
 428.764
20
 238.133
30
 236.282
11
 428.632
21
 239.819
31
 236.285
39
 0
62
  3
 0
LINE
8
default
6
CONTINUOUS
10
-428.764
20
 238.133
30
 236.282
11
-428.632
21
 239.819
31
 236.285
39
 0
62
  3
 0
LINE
8
default
6
CONTINUOUS
10
 428.632
20
 239.819
30
 236.285
11
 428.554
21
 240.808
31
 236.286
39
 0
62
  3
 0
LINE
8
default
6
CONTINUOUS
10
-428.632
20
 239.819
30
 236.285
11
-428.554
21
 240.808
31
 236.286
39
 0
62
  3
 0
LINE
8
default
6
CONTINUOUS
10
  22.204
20
 303.301
30
   0.392
11
  66.309
21
 302.663
31
   3.558
39
 0
62
  5
 0
LINE
8
default
6
CONTINUOUS
10
 -22.204
20
 303.301
30
   0.392
11
 -66.309
21
 302.663
31
   3.558
39
 0
62
  5
 0
LINE
8
default
6
CONTINUOUS
10
  66.309
20
 302.663
30
   3.558
11
 109.698
21
 301.408
31
   9.802
39
 0
62
  5
 0
LINE
8
default
6
CONTINUOUS
10
 -66.309
20
 302.663
30
   3.558
11
-109.698
21
 301.408
31
   9.802
39
 0
62
  5
 0
LINE
8
default
6
CONTINUOUS
10
 109.698
20
 301.408
30
   9.802
11
 151.974
21
 299.524
31
  18.966
39
 0
62
  5
 0
LINE
8
default
6
CONTINUOUS
10
-109.698
20
 301.408
30
   9.802
11
-151.974
21
 299.524
31
  18.966
39
 0
62
  5
 0
LINE
8
default
6
CONTINUOUS
10
 151.974
20
 299.524
30
  18.966
11
 192.782
21
 297.031
31
  30.818
39
 0
62
  5
 0
LINE
8
default
6
CONTINUOUS
10
-151.974
20
 299.524
30
  18.966
11
-192.782
21
 297.031
31
  30.818
39
 0
62
  5
 0
LINE
8
default
6
CONTINUOUS
10
 192.782
20
 297.031
30
  30.818
11
 231.772
21
 293.930
31
  45.097
39
 0
62
  5
 0
LINE
8
default
6
CONTINUOUS
10
-192.782
20
 297.031
30
  30.818
11
-231.772
21
 293.930
31
  45.097
39
 0
62
  5
 0
LINE
8
default
6
CONTINUOUS
10
 231.772
20
 293.930
30
  45.097
11
 268.431
21
 290.228
31
  62.025
39
 0
62
  5
 0
LINE
8
default
6
CONTINUOUS
10
-231.772
20
 293.930
30
  45.097
11
-268.431
21
 290.228
31
  62.025
39
 0
62
  5
 0
LINE
8
default
6
CONTINUOUS
10
 268.431
20
 290.228
30
  62.025
11
 302.300
21
 285.956
31
  81.310
39
 0
62
  5
 0
LINE
8
default
6
CONTINUOUS
10
-268.431
20
 290.228
30
  62.025
11
-302.300
21
 285.956
31
  81.310
39
 0
62
  5
 0
LINE
8
default
6
CONTINUOUS
10
 302.300
20
 285.956
30
  81.310
11
 333.052
21
 281.131
31
 102.316
39
 0
62
  5
 0
LINE
8
default
6
CONTINUOUS
10
-302.300
20
 285.956
30
  81.310
11
-333.052
21
 281.131
31
 102.316
39
 0
62
  5
 0
LINE
8
default
6
CONTINUOUS
10
 333.052
20
 281.131
30
 102.316
11
 360.493
21
 275.616
31
 124.320
39
 0
62
  5
 0
LINE
8
default
6
CONTINUOUS
10
-333.052
20
 281.131
30
 102.316
11
-360.493
21
 275.616
31
 124.320
39
 0
62
  5
 0
LINE
8
default
6
CONTINUOUS
10
 360.493
20
 275.616
30
 124.320
11
 384.217
21
 269.431
31
 146.778
39
 0
62
  5
 0
LINE
8
default
6
CONTINUOUS
10
-360.493
20
 275.616
30
 124.320
11
-384.217
21
 269.431
31
 146.778
39
 0
62
  5
 0
LINE
8
default
6
CONTINUOUS
10
 384.217
20
 269.431
30
 146.778
11
 403.193
21
 262.726
31
 170.005
39
 0
62
  5
 0
LINE
8
default
6
CONTINUOUS
10
-384.217
20
 269.431
30
 146.778
11
-403.193
21
 262.726
31
 170.005
39
 0
62
  5
 0
LINE
8
default
6
CONTINUOUS
10
 403.193
20
 262.726
30
 170.005
11
 417.754
21
 255.641
31
 193.035
39
 0
62
  5
 0
LINE
8
default
6
CONTINUOUS
10
-403.193
20
 262.726
30
 170.005
11
-417.754
21
 255.641
31
 193.035
39
 0
62
  5
 0
LINE
8
default
6
CONTINUOUS
10
 417.754
20
 255.641
30
 193.035
11
 426.556
21
 248.306
31
 215.268
39
 0
62
  5
 0
LINE
8
default
6
CONTINUOUS
10
-417.754
20
 255.641
30
 193.035
11
-426.556
21
 248.306
31
 215.268
39
 0
62
  5
 0
LINE
8
default
6
CONTINUOUS
10
 426.556
20
 248.306
30
 215.268
11
 428.554
21
 240.808
31
 236.286
39
 0
62
  5
 0
LINE
8
default
6
CONTINUOUS
10
-426.556
20
 248.306
30
 215.268
11
-428.554
21
 240.808
31
 236.286
39
 0
62
  5
 0
LINE
8
default
6
CONTINUOUS
10
  22.204
20
 303.301
30
   0.392
11
 -22.204
21
 303.301
31
   0.392
39
 0
62
  5
 0
LINE
8
default
6
CONTINUOUS
10
 -21.960
20
   5.007
30
   7.563
11
  21.960
21
   5.007
31
   7.563
39
 0
62
  1
 0
LINE
8
default
6
CONTINUOUS
10
  21.960
20
   5.007
30
   7.563
11
 -21.960
21
   5.007
31
   7.563
39
 0
62
  1
 0
LINE
8
default
6
CONTINUOUS
10
  21.788
20
  19.255
30
  12.628
11
  65.426
21
   8.864
31
  11.876
39
 0
62
  1
 0
LINE
8
default
6
CONTINUOUS
10
 -21.788
20
  19.255
30
  12.628
11
 -65.426
21
   8.864
31
  11.876
39
 0
62
  1
 0
LINE
8
default
6
CONTINUOUS
10
  21.960
20
   5.007
30
   7.563
11
  65.571
21
   6.181
31
  10.508
39
 0
62
  1
 0
LINE
8
default
6
CONTINUOUS
10
 -21.960
20
   5.007
30
   7.563
11
 -65.571
21
   6.181
31
  10.508
39
 0
62
  1
 0
LINE
8
default
6
CONTINUOUS
10
  65.426
20
   8.864
30
  11.876
11
 107.686
21
  22.500
31
  21.250
39
 0
62
  1
 0
LINE
8
default
6
CONTINUOUS
10
 -65.426
20
   8.864
30
  11.876
11
-107.686
21
  22.500
31
  21.250
39
 0
62
  1
 0
LINE
8
default
6
CONTINUOUS
10
  65.571
20
   6.181
30
  10.508
11
 108.551
21
   8.518
31
  16.329
39
 0
62
  1
 0
LINE
8
default
6
CONTINUOUS
10
 -65.571
20
   6.181
30
  10.508
11
-108.551
21
   8.518
31
  16.329
39
 0
62
  1
 0
LINE
8
default
6
CONTINUOUS
10
 107.686
20
  22.500
30
  21.250
11
 150.191
21
  14.610
31
  26.187
39
 0
62
  1
 0
LINE
8
default
6
CONTINUOUS
10
-107.686
20
  22.500
30
  21.250
11
-150.191
21
  14.610
31
  26.187
39
 0
62
  1
 0
LINE
8
default
6
CONTINUOUS
10
 108.551
20
   8.518
30
  16.329
11
 150.512
21
  12.011
31
  24.886
39
 0
62
  1
 0
LINE
8
default
6
CONTINUOUS
10
-108.551
20
   8.518
30
  16.329
11
-150.512
21
  12.011
31
  24.886
39
 0
62
  1
 0
LINE
8
default
6
CONTINUOUS
10
 150.191
20
  14.610
30
  26.187
11
 189.690
21
  30.027
31
  40.585
39
 0
62
  1
 0
LINE
8
default
6
CONTINUOUS
10
-150.191
20
  14.610
30
  26.187
11
-189.690
21
  30.027
31
  40.585
39
 0
62
  1
 0
LINE
8
default
6
CONTINUOUS
10
 150.512
20
  12.011
30
  24.886
11
 191.147
21
  16.660
31
  35.984
39
 0
62
  1
 0
LINE
8
default
6
CONTINUOUS
10
-150.512
20
  12.011
30
  24.886
11
-191.147
21
  16.660
31
  35.984
39
 0
62
  1
 0
LINE
8
default
6
CONTINUOUS
10
 189.690
20
  30.027
30
  40.585
11
 230.064
21
  22.445
31
  49.379
39
 0
62
  1
 0
LINE
8
default
6
CONTINUOUS
10
-189.690
20
  30.027
30
  40.585
11
-230.064
21
  22.445
31
  49.379
39
 0
62
  1
 0
LINE
8
default
6
CONTINUOUS
10
 191.147
20
  16.660
30
  35.984
11
 230.064
21
  22.445
31
  49.379
39
 0
62
  1
 0
LINE
8
default
6
CONTINUOUS
10
-191.147
20
  16.660
30
  35.984
11
-230.064
21
  22.445
31
  49.379
39
 0
62
  1
 0
LINE
8
default
6
CONTINUOUS
10
 230.064
20
  22.445
30
  49.379
11
 265.570
21
  35.419
31
  67.764
39
 0
62
  1
 0
LINE
8
default
6
CONTINUOUS
10
-230.064
20
  22.445
30
  49.379
11
-265.570
21
  35.419
31
  67.764
39
 0
62
  1
 0
LINE
8
default
6
CONTINUOUS
10
 230.064
20
  22.445
30
  49.379
11
 266.781
21
  29.379
31
  65.335
39
 0
62
  1
 0
LINE
8
default
6
CONTINUOUS
10
-230.064
20
  22.445
30
  49.379
11
-266.781
21
  29.379
31
  65.335
39
 0
62
  1
 0
LINE
8
default
6
CONTINUOUS
10
 265.570
20
  35.419
30
  67.764
11
 298.650
21
  49.849
31
  87.325
39
 0
62
  1
 0
LINE
8
default
6
CONTINUOUS
10
-265.570
20
  35.419
30
  67.764
11
-298.650
21
  49.849
31
  87.325
39
 0
62
  1
 0
LINE
8
default
6
CONTINUOUS
10
 266.781
20
  29.379
30
  65.335
11
 300.916
21
  38.069
31
  83.591
39
 0
62
  1
 0
LINE
8
default
6
CONTINUOUS
10
-266.781
20
  29.379
30
  65.335
11
-300.916
21
  38.069
31
  83.591
39
 0
62
  1
 0
LINE
8
default
6
CONTINUOUS
10
 300.916
20
  38.069
30
  83.591
11
 329.767
21
  60.619
31
 106.874
39
 0
62
  1
 0
LINE
8
default
6
CONTINUOUS
10
-300.916
20
  38.069
30
  83.591
11
-329.767
21
  60.619
31
 106.874
39
 0
62
  1
 0
LINE
8
default
6
CONTINUOUS
10
 298.650
20
  49.849
30
  87.325
11
 329.767
21
  60.619
31
 106.874
39
 0
62
  1
 0
LINE
8
default
6
CONTINUOUS
10
-298.650
20
  49.849
30
  87.325
11
-329.767
21
  60.619
31
 106.874
39
 0
62
  1
 0
LINE
8
default
6
CONTINUOUS
10
 383.364
20
  84.323
30
 147.590
11
 403.208
21
 101.647
31
 169.994
39
 0
62
  1
 0
LINE
8
default
6
CONTINUOUS
10
-383.364
20
  84.323
30
 147.590
11
-403.208
21
 101.647
31
 169.994
39
 0
62
  1
 0
LINE
8
default
6
CONTINUOUS
10
 384.851
20
  79.974
30
 146.174
11
 404.674
21
  97.874
31
 168.930
39
 0
62
  1
 0
LINE
8
default
6
CONTINUOUS
10
-384.851
20
  79.974
30
 146.174
11
-404.674
21
  97.874
31
 168.930
39
 0
62
  1
 0
LINE
8
default
6
CONTINUOUS
10
 403.208
20
 101.647
30
 169.994
11
 419.949
21
 117.001
31
 191.850
39
 0
62
  1
 0
LINE
8
default
6
CONTINUOUS
10
-403.208
20
 101.647
30
 169.994
11
-419.949
21
 117.001
31
 191.850
39
 0
62
  1
 0
LINE
8
default
6
CONTINUOUS
10
 404.674
20
  97.874
30
 168.930
11
 419.949
21
 117.001
31
 191.850
39
 0
62
  1
 0
LINE
8
default
6
CONTINUOUS
10
-404.674
20
  97.874
30
 168.930
11
-419.949
21
 117.001
31
 191.850
39
 0
62
  1
 0
LINE
8
default
6
CONTINUOUS
10
 419.949
20
 117.001
30
 191.850
11
 429.568
21
 136.945
31
 214.530
39
 0
62
  1
 0
LINE
8
default
6
CONTINUOUS
10
-419.949
20
 117.001
30
 191.850
11
-429.568
21
 136.945
31
 214.530
39
 0
62
  1
 0
LINE
8
default
6
CONTINUOUS
10
 429.568
20
 136.945
30
 214.530
11
 435.111
21
 157.472
31
 236.154
39
 0
62
  1
 0
LINE
8
default
6
CONTINUOUS
10
-429.568
20
 136.945
30
 214.530
11
-435.111
21
 157.472
31
 236.154
39
 0
62
  1
 0
LINE
8
default
6
CONTINUOUS
10
  20.000
20
  75.943
30
 713.918
11
  34.215
21
  74.338
31
 669.148
39
 0
62
  1
 0
LINE
8
default
6
CONTINUOUS
10
 -20.000
20
  75.943
30
 713.918
11
 -34.215
21
  74.338
31
 669.148
39
 0
62
  1
 0
LINE
8
default
6
CONTINUOUS
10
  34.215
20
  74.338
30
 669.148
11
  56.263
21
  40.017
31
 193.896
39
 0
62
  1
 0
LINE
8
default
6
CONTINUOUS
10
 -34.215
20
  74.338
30
 669.148
11
 -56.263
21
  40.017
31
 193.896
39
 0
62
  1
 0
LINE
8
default
6
CONTINUOUS
10
  34.215
20
  74.338
30
 669.148
11
 145.752
21
  46.913
31
 214.430
39
 0
62
  1
 0
LINE
8
default
6
CONTINUOUS
10
 -34.215
20
  74.338
30
 669.148
11
-145.752
21
  46.913
31
 214.430
39
 0
62
  1
 0
LINE
8
default
6
CONTINUOUS
10
  34.215
20
  74.338
30
 669.148
11
 222.995
21
  61.024
31
 249.881
39
 0
62
  1
 0
LINE
8
default
6
CONTINUOUS
10
 -34.215
20
  74.338
30
 669.148
11
-222.995
21
  61.024
31
 249.881
39
 0
62
  1
 0
LINE
8
default
6
CONTINUOUS
10
  34.215
20
  74.338
30
 669.148
11
 285.957
21
  92.927
31
 303.886
39
 0
62
  1
 0
LINE
8
default
6
CONTINUOUS
10
 -34.215
20
  74.338
30
 669.148
11
-285.957
21
  92.927
31
 303.886
39
 0
62
  1
 0
LINE
8
default
6
CONTINUOUS
10
  56.263
20
  40.017
30
 193.896
11
  21.740
21
  25.924
31
  14.039
39
 0
62
  1
 0
LINE
8
default
6
CONTINUOUS
10
 -56.263
20
  40.017
30
 193.896
11
 -21.740
21
  25.924
31
  14.039
39
 0
62
  1
 0
LINE
8
default
6
CONTINUOUS
10
  56.263
20
  40.017
30
 193.896
11
  64.890
21
  26.967
31
  16.922
39
 0
62
  1
 0
LINE
8
default
6
CONTINUOUS
10
 -56.263
20
  40.017
30
 193.896
11
 -64.890
21
  26.967
31
  16.922
39
 0
62
  1
 0
LINE
8
default
6
CONTINUOUS
10
  56.263
20
  40.017
30
 193.896
11
 107.444
21
  29.047
31
  22.624
39
 0
62
  1
 0
LINE
8
default
6
CONTINUOUS
10
 -56.263
20
  40.017
30
 193.896
11
-107.444
21
  29.047
31
  22.624
39
 0
62
  1
 0
LINE
8
default
6
CONTINUOUS
10
 145.752
20
  46.913
30
 214.430
11
 149.001
21
  32.153
31
  31.005
39
 0
62
  1
 0
LINE
8
default
6
CONTINUOUS
10
-145.752
20
  46.913
30
 214.430
11
-149.001
21
  32.153
31
  31.005
39
 0
62
  1
 0
LINE
8
default
6
CONTINUOUS
10
 145.752
20
  46.913
30
 214.430
11
 189.280
21
  36.289
31
  41.878
39
 0
62
  1
 0
LINE
8
default
6
CONTINUOUS
10
-145.752
20
  46.913
30
 214.430
11
-189.280
21
  36.289
31
  41.878
39
 0
62
  1
 0
LINE
8
default
6
CONTINUOUS
10
 145.752
20
  46.913
30
 214.430
11
 227.829
21
  41.437
31
  54.980
39
 0
62
  1
 0
LINE
8
default
6
CONTINUOUS
10
-145.752
20
  46.913
30
 214.430
11
-227.829
21
  41.437
31
  54.980
39
 0
62
  1
 0
LINE
8
default
6
CONTINUOUS
10
 222.995
20
  61.024
30
 249.881
11
 264.173
21
  47.610
31
  70.566
39
 0
62
  1
 0
LINE
8
default
6
CONTINUOUS
10
-222.995
20
  61.024
30
 249.881
11
-264.173
21
  47.610
31
  70.566
39
 0
62
  1
 0
LINE
8
default
6
CONTINUOUS
10
 222.995
20
  61.024
30
 249.881
11
 298.004
21
  55.374
31
  88.390
39
 0
62
  1
 0
LINE
8
default
6
CONTINUOUS
10
-222.995
20
  61.024
30
 249.881
11
-298.004
21
  55.374
31
  88.390
39
 0
62
  1
 0
LINE
8
default
6
CONTINUOUS
10
 222.995
20
  61.024
30
 249.881
11
 329.073
21
  65.773
31
 107.836
39
 0
62
  1
 0
LINE
8
default
6
CONTINUOUS
10
-222.995
20
  61.024
30
 249.881
11
-329.073
21
  65.773
31
 107.836
39
 0
62
  1
 0
LINE
8
default
6
CONTINUOUS
10
 285.957
20
  92.927
30
 303.886
11
 357.138
21
  78.485
31
 128.304
39
 0
62
  1
 0
LINE
8
default
6
CONTINUOUS
10
-285.957
20
  92.927
30
 303.886
11
-357.138
21
  78.485
31
 128.304
39
 0
62
  1
 0
LINE
8
default
6
CONTINUOUS
10
 285.957
20
  92.927
30
 303.886
11
 381.567
21
  93.323
31
 149.301
39
 0
62
  1
 0
LINE
8
default
6
CONTINUOUS
10
-285.957
20
  92.927
30
 303.886
11
-381.567
21
  93.323
31
 149.301
39
 0
62
  1
 0
LINE
8
default
6
CONTINUOUS
10
 285.957
20
  92.927
30
 303.886
11
 401.419
21
 109.465
31
 171.292
39
 0
62
  1
 0
LINE
8
default
6
CONTINUOUS
10
-285.957
20
  92.927
30
 303.886
11
-401.419
21
 109.465
31
 171.292
39
 0
62
  1
 0
LINE
8
default
6
CONTINUOUS
10
 285.957
20
  92.927
30
 303.886
11
 416.556
21
 128.542
31
 193.682
39
 0
62
  1
 0
LINE
8
default
6
CONTINUOUS
10
-285.957
20
  92.927
30
 303.886
11
-416.556
21
 128.542
31
 193.682
39
 0
62
  1
 0
LINE
8
default
6
CONTINUOUS
10
  20.000
20
  75.943
30
 713.918
11
  35.344
21
  78.234
31
 669.552
39
 0
62
  8
 0
LINE
8
default
6
CONTINUOUS
10
 -20.000
20
  75.943
30
 713.918
11
 -35.344
21
  78.234
31
 669.552
39
 0
62
  8
 0
LINE
8
default
6
CONTINUOUS
10
  35.344
20
  78.234
30
 669.552
11
  56.059
21
  82.739
31
 200.031
39
 0
62
  8
 0
LINE
8
default
6
CONTINUOUS
10
 -35.344
20
  78.234
30
 669.552
11
 -56.059
21
  82.739
31
 200.031
39
 0
62
  8
 0
LINE
8
default
6
CONTINUOUS
10
  35.344
20
  78.234
30
 669.552
11
 144.525
21
  87.149
31
 219.698
39
 0
62
  8
 0
LINE
8
default
6
CONTINUOUS
10
 -35.344
20
  78.234
30
 669.552
11
-144.525
21
  87.149
31
 219.698
39
 0
62
  8
 0
LINE
8
default
6
CONTINUOUS
10
  35.344
20
  78.234
30
 669.552
11
 220.815
21
  96.464
31
 254.471
39
 0
62
  8
 0
LINE
8
default
6
CONTINUOUS
10
 -35.344
20
  78.234
30
 669.552
11
-220.815
21
  96.464
31
 254.471
39
 0
62
  8
 0
LINE
8
default
6
CONTINUOUS
10
  35.344
20
  78.234
30
 669.552
11
 283.664
21
 121.023
31
 306.413
39
 0
62
  8
 0
LINE
8
default
6
CONTINUOUS
10
 -35.344
20
  78.234
30
 669.552
11
-283.664
21
 121.023
31
 306.413
39
 0
62
  8
 0
LINE
8
default
6
CONTINUOUS
10
  35.344
20
  78.234
30
 669.552
11
 314.970
21
 151.738
31
 364.912
39
 0
62
  8
 0
LINE
8
default
6
CONTINUOUS
10
 -35.344
20
  78.234
30
 669.552
11
-314.970
21
 151.738
31
 364.912
39
 0
62
  8
 0
LINE
8
default
6
CONTINUOUS
10
  56.059
20
  82.739
30
 200.031
11
  21.550
21
  83.521
31
  19.602
39
 0
62
  8
 0
LINE
8
default
6
CONTINUOUS
10
 -56.059
20
  82.739
30
 200.031
11
 -21.550
21
  83.521
31
  19.602
39
 0
62
  8
 0
LINE
8
default
6
CONTINUOUS
10
  56.059
20
  82.739
30
 200.031
11
  64.303
21
  84.212
31
  22.451
39
 0
62
  8
 0
LINE
8
default
6
CONTINUOUS
10
 -56.059
20
  82.739
30
 200.031
11
 -64.303
21
  84.212
31
  22.451
39
 0
62
  8
 0
LINE
8
default
6
CONTINUOUS
10
  56.059
20
  82.739
30
 200.031
11
 106.484
21
  85.591
31
  28.086
39
 0
62
  8
 0
LINE
8
default
6
CONTINUOUS
10
 -56.059
20
  82.739
30
 200.031
11
-106.484
21
  85.591
31
  28.086
39
 0
62
  8
 0
LINE
8
default
6
CONTINUOUS
10
 144.525
20
  87.149
30
 219.698
11
 147.677
21
  87.650
31
  36.366
39
 0
62
  8
 0
LINE
8
default
6
CONTINUOUS
10
-144.525
20
  87.149
30
 219.698
11
-147.677
21
  87.650
31
  36.366
39
 0
62
  8
 0
LINE
8
default
6
CONTINUOUS
10
 144.525
20
  87.149
30
 219.698
11
 187.624
21
  90.395
31
  47.109
39
 0
62
  8
 0
LINE
8
default
6
CONTINUOUS
10
-144.525
20
  87.149
30
 219.698
11
-187.624
21
  90.395
31
  47.109
39
 0
62
  8
 0
LINE
8
default
6
CONTINUOUS
10
 144.525
20
  87.149
30
 219.698
11
 225.815
21
  93.813
31
  60.029
39
 0
62
  8
 0
LINE
8
default
6
CONTINUOUS
10
-144.525
20
  87.149
30
 219.698
11
-225.815
21
  93.813
31
  60.029
39
 0
62
  8
 0
LINE
8
default
6
CONTINUOUS
10
 220.815
20
  96.464
30
 254.471
11
 261.779
21
  97.917
31
  75.366
39
 0
62
  8
 0
LINE
8
default
6
CONTINUOUS
10
-220.815
20
  96.464
30
 254.471
11
-261.779
21
  97.917
31
  75.366
39
 0
62
  8
 0
LINE
8
default
6
CONTINUOUS
10
 220.815
20
  96.464
30
 254.471
11
 295.275
21
 103.161
31
  92.887
39
 0
62
  8
 0
LINE
8
default
6
CONTINUOUS
10
-220.815
20
  96.464
30
 254.471
11
-295.275
21
 103.161
31
  92.887
39
 0
62
  8
 0
LINE
8
default
6
CONTINUOUS
10
 220.815
20
  96.464
30
 254.471
11
 326.089
21
 110.377
31
 111.977
39
 0
62
  8
 0
LINE
8
default
6
CONTINUOUS
10
-220.815
20
  96.464
30
 254.471
11
-326.089
21
 110.377
31
 111.977
39
 0
62
  8
 0
LINE
8
default
6
CONTINUOUS
10
 283.664
20
 121.023
30
 306.413
11
 353.993
21
 119.284
31
 132.039
39
 0
62
  8
 0
LINE
8
default
6
CONTINUOUS
10
-283.664
20
 121.023
30
 306.413
11
-353.993
21
 119.284
31
 132.039
39
 0
62
  8
 0
LINE
8
default
6
CONTINUOUS
10
 283.664
20
 121.023
30
 306.413
11
 378.280
21
 129.588
31
 152.432
39
 0
62
  8
 0
LINE
8
default
6
CONTINUOUS
10
-283.664
20
 121.023
30
 306.413
11
-378.280
21
 129.588
31
 152.432
39
 0
62
  8
 0
LINE
8
default
6
CONTINUOUS
10
 283.664
20
 121.023
30
 306.413
11
 398.056
21
 140.995
31
 173.731
39
 0
62
  8
 0
LINE
8
default
6
CONTINUOUS
10
-283.664
20
 121.023
30
 306.413
11
-398.056
21
 140.995
31
 173.731
39
 0
62
  8
 0
LINE
8
default
6
CONTINUOUS
10
 283.664
20
 121.023
30
 306.413
11
 412.981
21
 170.812
31
 195.612
39
 0
62
  8
 0
LINE
8
default
6
CONTINUOUS
10
-283.664
20
 121.023
30
 306.413
11
-412.981
21
 170.812
31
 195.612
39
 0
62
  8
 0
LINE
8
default
6
CONTINUOUS
10
 314.970
20
 151.738
30
 364.912
11
 435.218
21
 156.117
31
 236.152
39
 0
62
  8
 0
LINE
8
default
6
CONTINUOUS
10
-314.970
20
 151.738
30
 364.912
11
-435.218
21
 156.117
31
 236.152
39
 0
62
  8
 0
LINE
8
default
6
CONTINUOUS
10
 314.970
20
 151.738
30
 364.912
11
 433.219
21
 181.524
31
 236.192
39
 0
62
  8
 0
LINE
8
default
6
CONTINUOUS
10
-314.970
20
 151.738
30
 364.912
11
-433.219
21
 181.524
31
 236.192
39
 0
62
  8
 0
LINE
8
default
6
CONTINUOUS
10
 314.970
20
 151.738
30
 364.912
11
 431.219
21
 206.932
31
 236.233
39
 0
62
  8
 0
LINE
8
default
6
CONTINUOUS
10
-314.970
20
 151.738
30
 364.912
11
-431.219
21
 206.932
31
 236.233
39
 0
62
  8
 0
LINE
8
default
6
CONTINUOUS
10
 314.970
20
 151.738
30
 364.912
11
 429.220
21
 232.339
31
 236.273
39
 0
62
  8
 0
LINE
8
default
6
CONTINUOUS
10
-314.970
20
 151.738
30
 364.912
11
-429.220
21
 232.339
31
 236.273
39
 0
62
  8
 0
LINE
8
default
6
CONTINUOUS
10
  20.000
20
  75.943
30
 713.918
11
  33.693
21
  83.712
31
 669.633
39
 0
62
  8
 0
LINE
8
default
6
CONTINUOUS
10
 -20.000
20
  75.943
30
 713.918
11
 -33.693
21
  83.712
31
 669.633
39
 0
62
  8
 0
LINE
8
default
6
CONTINUOUS
10
  33.693
20
  83.712
30
 669.633
11
  56.071
21
 157.910
31
 193.905
39
 0
62
  8
 0
LINE
8
default
6
CONTINUOUS
10
 -33.693
20
  83.712
30
 669.633
11
 -56.071
21
 157.910
31
 193.905
39
 0
62
  8
 0
LINE
8
default
6
CONTINUOUS
10
  33.693
20
  83.712
30
 669.633
11
 145.635
21
 158.120
31
 214.049
39
 0
62
  8
 0
LINE
8
default
6
CONTINUOUS
10
 -33.693
20
  83.712
30
 669.633
11
-145.635
21
 158.120
31
 214.049
39
 0
62
  8
 0
LINE
8
default
6
CONTINUOUS
10
  33.693
20
  83.712
30
 669.633
11
 222.861
21
 159.238
31
 249.395
39
 0
62
  8
 0
LINE
8
default
6
CONTINUOUS
10
 -33.693
20
  83.712
30
 669.633
11
-222.861
21
 159.238
31
 249.395
39
 0
62
  8
 0
LINE
8
default
6
CONTINUOUS
10
  33.693
20
  83.712
30
 669.633
11
 283.485
21
 165.657
31
 300.719
39
 0
62
  8
 0
LINE
8
default
6
CONTINUOUS
10
 -33.693
20
  83.712
30
 669.633
11
-283.485
21
 165.657
31
 300.719
39
 0
62
  8
 0
LINE
8
default
6
CONTINUOUS
10
  56.071
20
 157.910
30
 193.905
11
  21.615
21
 160.823
31
  17.696
39
 0
62
  8
 0
LINE
8
default
6
CONTINUOUS
10
 -56.071
20
 157.910
30
 193.905
11
 -21.615
21
 160.823
31
  17.696
39
 0
62
  8
 0
LINE
8
default
6
CONTINUOUS
10
  56.071
20
 157.910
30
 193.905
11
  64.499
21
 161.044
31
  20.602
39
 0
62
  8
 0
LINE
8
default
6
CONTINUOUS
10
 -56.071
20
 157.910
30
 193.905
11
 -64.499
21
 161.044
31
  20.602
39
 0
62
  8
 0
LINE
8
default
6
CONTINUOUS
10
  56.071
20
 157.910
30
 193.905
11
 106.790
21
 161.492
31
  26.348
39
 0
62
  8
 0
LINE
8
default
6
CONTINUOUS
10
 -56.071
20
 157.910
30
 193.905
11
-106.790
21
 161.492
31
  26.348
39
 0
62
  8
 0
LINE
8
default
6
CONTINUOUS
10
  56.071
20
 157.910
30
 193.905
11
  21.870
21
 233.578
31
  10.226
39
 0
62
  8
 0
LINE
8
default
6
CONTINUOUS
10
 -56.071
20
 157.910
30
 193.905
11
 -21.870
21
 233.578
31
  10.226
39
 0
62
  8
 0
LINE
8
default
6
CONTINUOUS
10
  56.071
20
 157.910
30
 193.905
11
  65.280
21
 233.360
31
  13.250
39
 0
62
  8
 0
LINE
8
default
6
CONTINUOUS
10
 -56.071
20
 157.910
30
 193.905
11
 -65.280
21
 233.360
31
  13.250
39
 0
62
  8
 0
LINE
8
default
6
CONTINUOUS
10
  56.071
20
 157.910
30
 193.905
11
 108.043
21
 232.936
31
  19.221
39
 0
62
  8
 0
LINE
8
default
6
CONTINUOUS
10
 -56.071
20
 157.910
30
 193.905
11
-108.043
21
 232.936
31
  19.221
39
 0
62
  8
 0
LINE
8
default
6
CONTINUOUS
10
 145.635
20
 158.120
30
 214.049
11
 148.067
21
 162.158
31
  34.787
39
 0
62
  8
 0
LINE
8
default
6
CONTINUOUS
10
-145.635
20
 158.120
30
 214.049
11
-148.067
21
 162.158
31
  34.787
39
 0
62
  8
 0
LINE
8
default
6
CONTINUOUS
10
 145.635
20
 158.120
30
 214.049
11
 188.061
21
 163.052
31
  45.727
39
 0
62
  8
 0
LINE
8
default
6
CONTINUOUS
10
-145.635
20
 158.120
30
 214.049
11
-188.061
21
 163.052
31
  45.727
39
 0
62
  8
 0
LINE
8
default
6
CONTINUOUS
10
 145.635
20
 158.120
30
 214.049
11
 226.274
21
 164.168
31
  58.879
39
 0
62
  8
 0
LINE
8
default
6
CONTINUOUS
10
-145.635
20
 158.120
30
 214.049
11
-226.274
21
 164.168
31
  58.879
39
 0
62
  8
 0
LINE
8
default
6
CONTINUOUS
10
 145.635
20
 158.120
30
 214.049
11
 149.746
21
 232.298
31
  27.988
39
 0
62
  8
 0
LINE
8
default
6
CONTINUOUS
10
-145.635
20
 158.120
30
 214.049
11
-149.746
21
 232.298
31
  27.988
39
 0
62
  8
 0
LINE
8
default
6
CONTINUOUS
10
 145.635
20
 158.120
30
 214.049
11
 190.084
21
 231.461
31
  39.339
39
 0
62
  8
 0
LINE
8
default
6
CONTINUOUS
10
-145.635
20
 158.120
30
 214.049
11
-190.084
21
 231.461
31
  39.339
39
 0
62
  8
 0
LINE
8
default
6
CONTINUOUS
10
 145.635
20
 158.120
30
 214.049
11
 228.621
21
 230.421
31
  52.996
39
 0
62
  8
 0
LINE
8
default
6
CONTINUOUS
10
-145.635
20
 158.120
30
 214.049
11
-228.621
21
 230.421
31
  52.996
39
 0
62
  8
 0
LINE
8
default
6
CONTINUOUS
10
 222.861
20
 159.238
30
 249.395
11
 262.226
21
 165.516
31
  74.471
39
 0
62
  8
 0
LINE
8
default
6
CONTINUOUS
10
-222.861
20
 159.238
30
 249.395
11
-262.226
21
 165.516
31
  74.471
39
 0
62
  8
 0
LINE
8
default
6
CONTINUOUS
10
 222.861
20
 159.238
30
 249.395
11
 295.654
21
 167.401
31
  92.262
39
 0
62
  8
 0
LINE
8
default
6
CONTINUOUS
10
-222.861
20
 159.238
30
 249.395
11
-295.654
21
 167.401
31
  92.262
39
 0
62
  8
 0
LINE
8
default
6
CONTINUOUS
10
 222.861
20
 159.238
30
 249.395
11
 326.337
21
 170.369
31
 111.634
39
 0
62
  8
 0
LINE
8
default
6
CONTINUOUS
10
-222.861
20
 159.238
30
 249.395
11
-326.337
21
 170.369
31
 111.634
39
 0
62
  8
 0
LINE
8
default
6
CONTINUOUS
10
 222.861
20
 159.238
30
 249.395
11
 264.861
21
 229.187
31
  69.185
39
 0
62
  8
 0
LINE
8
default
6
CONTINUOUS
10
-222.861
20
 159.238
30
 249.395
11
-264.861
21
 229.187
31
  69.185
39
 0
62
  8
 0
LINE
8
default
6
CONTINUOUS
10
 222.861
20
 159.238
30
 249.395
11
 298.459
21
 227.925
31
  87.640
39
 0
62
  8
 0
LINE
8
default
6
CONTINUOUS
10
-222.861
20
 159.238
30
 249.395
11
-298.459
21
 227.925
31
  87.640
39
 0
62
  8
 0
LINE
8
default
6
CONTINUOUS
10
 222.861
20
 159.238
30
 249.395
11
 329.146
21
 226.910
31
 107.736
39
 0
62
  8
 0
LINE
8
default
6
CONTINUOUS
10
-222.861
20
 159.238
30
 249.395
11
-329.146
21
 226.910
31
 107.736
39
 0
62
  8
 0
LINE
8
default
6
CONTINUOUS
10
 283.485
20
 165.657
30
 300.719
11
 354.060
21
 174.191
31
 131.959
39
 0
62
  8
 0
LINE
8
default
6
CONTINUOUS
10
-283.485
20
 165.657
30
 300.719
11
-354.060
21
 174.191
31
 131.959
39
 0
62
  8
 0
LINE
8
default
6
CONTINUOUS
10
 283.485
20
 165.657
30
 300.719
11
 378.137
21
 178.686
31
 152.567
39
 0
62
  8
 0
LINE
8
default
6
CONTINUOUS
10
-283.485
20
 165.657
30
 300.719
11
-378.137
21
 178.686
31
 152.567
39
 0
62
  8
 0
LINE
8
default
6
CONTINUOUS
10
 283.485
20
 165.657
30
 300.719
11
 397.694
21
 183.716
31
 173.994
39
 0
62
  8
 0
LINE
8
default
6
CONTINUOUS
10
-283.485
20
 165.657
30
 300.719
11
-397.694
21
 183.716
31
 173.994
39
 0
62
  8
 0
LINE
8
default
6
CONTINUOUS
10
 283.485
20
 165.657
30
 300.719
11
 414.723
21
 220.246
31
 194.671
39
 0
62
  8
 0
LINE
8
default
6
CONTINUOUS
10
-283.485
20
 165.657
30
 300.719
11
-414.723
21
 220.246
31
 194.671
39
 0
62
  8
 0
LINE
8
default
6
CONTINUOUS
10
 283.485
20
 165.657
30
 300.719
11
 356.720
21
 225.960
31
 128.801
39
 0
62
  8
 0
LINE
8
default
6
CONTINUOUS
10
-283.485
20
 165.657
30
 300.719
11
-356.720
21
 225.960
31
 128.801
39
 0
62
  8
 0
LINE
8
default
6
CONTINUOUS
10
 283.485
20
 165.657
30
 300.719
11
 380.614
21
 224.999
31
 150.209
39
 0
62
  8
 0
LINE
8
default
6
CONTINUOUS
10
-283.485
20
 165.657
30
 300.719
11
-380.614
21
 224.999
31
 150.209
39
 0
62
  8
 0
LINE
8
default
6
CONTINUOUS
10
 283.485
20
 165.657
30
 300.719
11
 399.891
21
 224.035
31
 172.400
39
 0
62
  8
 0
LINE
8
default
6
CONTINUOUS
10
-283.485
20
 165.657
30
 300.719
11
-399.891
21
 224.035
31
 172.400
39
 0
62
  8
 0
LINE
8
default
6
CONTINUOUS
10
  33.693
20
  83.712
30
 669.633
11
 132.746
21
 163.168
31
 438.179
39
 0
62
 30
 0
LINE
8
default
6
CONTINUOUS
10
 -33.693
20
  83.712
30
 669.633
11
-132.746
21
 163.168
31
 438.179
39
 0
62
 30
 0
LINE
8
default
6
CONTINUOUS
10
 132.746
20
 163.168
30
 438.179
11
 131.325
21
 239.366
31
 203.230
39
 0
62
 30
 0
LINE
8
default
6
CONTINUOUS
10
-132.746
20
 163.168
30
 438.179
11
-131.325
21
 239.366
31
 203.230
39
 0
62
 30
 0
LINE
8
default
6
CONTINUOUS
10
 132.746
20
 163.168
30
 438.179
11
 212.202
21
 228.693
31
 246.040
39
 0
62
 30
 0
LINE
8
default
6
CONTINUOUS
10
-132.746
20
 163.168
30
 438.179
11
-212.202
21
 228.693
31
 246.040
39
 0
62
 30
 0
LINE
8
default
6
CONTINUOUS
10
 132.746
20
 163.168
30
 438.179
11
 264.777
21
 212.451
31
 304.856
39
 0
62
 30
 0
LINE
8
default
6
CONTINUOUS
10
-132.746
20
 163.168
30
 438.179
11
-264.777
21
 212.451
31
 304.856
39
 0
62
 30
 0
LINE
8
default
6
CONTINUOUS
10
 131.325
20
 239.366
30
 203.230
11
 107.280
21
 274.149
31
  94.138
39
 0
62
 30
 0
LINE
8
default
6
CONTINUOUS
10
-131.325
20
 239.366
30
 203.230
11
-107.280
21
 274.149
31
  94.138
39
 0
62
 30
 0
LINE
8
default
6
CONTINUOUS
10
 131.325
20
 239.366
30
 203.230
11
 156.309
21
 275.218
31
  94.697
39
 0
62
 30
 0
LINE
8
default
6
CONTINUOUS
10
-131.325
20
 239.366
30
 203.230
11
-156.309
21
 275.218
31
  94.697
39
 0
62
 30
 0
LINE
8
default
6
CONTINUOUS
10
 212.202
20
 228.693
30
 246.040
11
 233.711
21
 264.666
31
 136.805
39
 0
62
 30
 0
LINE
8
default
6
CONTINUOUS
10
-212.202
20
 228.693
30
 246.040
11
-233.711
21
 264.666
31
 136.805
39
 0
62
 30
 0
LINE
8
default
6
CONTINUOUS
10
 212.202
20
 228.693
30
 246.040
11
 275.574
21
 261.649
31
 153.375
39
 0
62
 30
 0
LINE
8
default
6
CONTINUOUS
10
-212.202
20
 228.693
30
 246.040
11
-275.574
21
 261.649
31
 153.375
39
 0
62
 30
 0
LINE
8
default
6
CONTINUOUS
10
 264.777
20
 212.451
30
 304.856
11
 324.886
21
 246.016
31
 210.255
39
 0
62
 30
 0
LINE
8
default
6
CONTINUOUS
10
-264.777
20
 212.451
30
 304.856
11
-324.886
21
 246.016
31
 210.255
39
 0
62
 30
 0
LINE
8
default
6
CONTINUOUS
10
 264.777
20
 212.451
30
 304.856
11
 356.362
21
 238.586
31
 236.899
39
 0
62
 30
 0
LINE
8
default
6
CONTINUOUS
10
-264.777
20
 212.451
30
 304.856
11
-356.362
21
 238.586
31
 236.899
39
 0
62
 30
 0
LINE
8
default
6
CONTINUOUS
10
 107.280
20
 274.149
30
  94.138
11
  66.309
21
 302.663
31
   3.558
39
 0
62
 30
 0
LINE
8
default
6
CONTINUOUS
10
-107.280
20
 274.149
30
  94.138
11
 -66.309
21
 302.663
31
   3.558
39
 0
62
 30
 0
LINE
8
default
6
CONTINUOUS
10
 107.280
20
 274.149
30
  94.138
11
 109.698
21
 301.408
31
   9.802
39
 0
62
 30
 0
LINE
8
default
6
CONTINUOUS
10
-107.280
20
 274.149
30
  94.138
11
-109.698
21
 301.408
31
   9.802
39
 0
62
 30
 0
LINE
8
default
6
CONTINUOUS
10
 156.309
20
 275.218
30
  94.697
11
 151.974
21
 299.524
31
  18.966
39
 0
62
 30
 0
LINE
8
default
6
CONTINUOUS
10
-156.309
20
 275.218
30
  94.697
11
-151.974
21
 299.524
31
  18.966
39
 0
62
 30
 0
LINE
8
default
6
CONTINUOUS
10
 156.309
20
 275.218
30
  94.697
11
 192.782
21
 297.031
31
  30.818
39
 0
62
 30
 0
LINE
8
default
6
CONTINUOUS
10
-156.309
20
 275.218
30
  94.697
11
-192.782
21
 297.031
31
  30.818
39
 0
62
 30
 0
LINE
8
default
6
CONTINUOUS
10
 233.711
20
 264.666
30
 136.805
11
 231.772
21
 293.930
31
  45.097
39
 0
62
 30
 0
LINE
8
default
6
CONTINUOUS
10
-233.711
20
 264.666
30
 136.805
11
-231.772
21
 293.930
31
  45.097
39
 0
62
 30
 0
LINE
8
default
6
CONTINUOUS
10
 233.711
20
 264.666
30
 136.805
11
 268.431
21
 290.228
31
  62.025
39
 0
62
 30
 0
LINE
8
default
6
CONTINUOUS
10
-233.711
20
 264.666
30
 136.805
11
-268.431
21
 290.228
31
  62.025
39
 0
62
 30
 0
LINE
8
default
6
CONTINUOUS
10
 275.574
20
 261.649
30
 153.375
11
 302.300
21
 285.956
31
  81.310
39
 0
62
 30
 0
LINE
8
default
6
CONTINUOUS
10
-275.574
20
 261.649
30
 153.375
11
-302.300
21
 285.956
31
  81.310
39
 0
62
 30
 0
LINE
8
default
6
CONTINUOUS
10
 275.574
20
 261.649
30
 153.375
11
 333.052
21
 281.131
31
 102.316
39
 0
62
 30
 0
LINE
8
default
6
CONTINUOUS
10
-275.574
20
 261.649
30
 153.375
11
-333.052
21
 281.131
31
 102.316
39
 0
62
 30
 0
LINE
8
default
6
CONTINUOUS
10
 324.886
20
 246.016
30
 210.255
11
 360.493
21
 275.616
31
 124.320
39
 0
62
 30
 0
LINE
8
default
6
CONTINUOUS
10
-324.886
20
 246.016
30
 210.255
11
-360.493
21
 275.616
31
 124.320
39
 0
62
 30
 0
LINE
8
default
6
CONTINUOUS
10
 324.886
20
 246.016
30
 210.255
11
 384.217
21
 269.431
31
 146.778
39
 0
62
 30
 0
LINE
8
default
6
CONTINUOUS
10
-324.886
20
 246.016
30
 210.255
11
-384.217
21
 269.431
31
 146.778
39
 0
62
 30
 0
LINE
8
default
6
CONTINUOUS
10
 356.362
20
 238.586
30
 236.899
11
 403.193
21
 262.726
31
 170.005
39
 0
62
 30
 0
LINE
8
default
6
CONTINUOUS
10
-356.362
20
 238.586
30
 236.899
11
-403.193
21
 262.726
31
 170.005
39
 0
62
 30
 0
LINE
8
default
6
CONTINUOUS
10
 356.362
20
 238.586
30
 236.899
11
 417.754
21
 255.641
31
 193.035
39
 0
62
 30
 0
LINE
8
default
6
CONTINUOUS
10
-356.362
20
 238.586
30
 236.899
11
-417.754
21
 255.641
31
 193.035
39
 0
62
 30
 0
LINE
8
default
6
CONTINUOUS
10
 356.362
20
 238.586
30
 236.899
11
 426.556
21
 248.306
31
 215.268
39
 0
62
 30
 0
LINE
8
default
6
CONTINUOUS
10
-356.362
20
 238.586
30
 236.899
11
-426.556
21
 248.306
31
 215.268
39
 0
62
 30
 0
LINE
8
default
6
CONTINUOUS
10
 -21.783
20
  19.924
30
  12.781
11
  21.783
21
  19.924
31
  12.781
39
 0
62
  2
 0
LINE
8
default
6
CONTINUOUS
10
  21.783
20
  19.924
30
  12.781
11
 -21.783
21
  19.924
31
  12.781
39
 0
62
  2
 0
LINE
8
default
6
CONTINUOUS
10
  21.783
20
  19.924
30
  12.781
11
  21.778
21
  20.524
31
  12.918
39
 0
62
  2
 0
LINE
8
default
6
CONTINUOUS
10
 -21.783
20
  19.924
30
  12.781
11
 -21.778
21
  19.924
31
  12.918
39
 0
62
  2
 0
LINE
8
default
6
CONTINUOUS
10
 -21.783
20
  19.924
30
  12.781
11
 -21.778
21
  20.524
31
  12.918
39
 0
62
  2
 0
LINE
8
default
6
CONTINUOUS
10
  21.783
20
  19.924
30
  12.781
11
  21.778
21
  19.924
31
  12.918
39
 0
62
  2
 0
LINE
8
default
6
CONTINUOUS
10
 -21.778
20
  20.524
30
  12.918
11
  21.778
21
  20.524
31
  12.918
39
 0
62
  2
 0
LINE
8
default
6
CONTINUOUS
10
  21.778
20
  20.524
30
  12.918
11
 -21.778
21
  20.524
31
  12.918
39
 0
62
  2
 0
LINE
8
default
6
CONTINUOUS
10
  21.778
20
  20.524
30
  12.918
11
  21.773
21
  21.124
31
  13.054
39
 0
62
  2
 0
LINE
8
default
6
CONTINUOUS
10
 -21.778
20
  20.524
30
  12.918
11
 -21.773
21
  20.524
31
  13.054
39
 0
62
  2
 0
LINE
8
default
6
CONTINUOUS
10
 -21.778
20
  20.524
30
  12.918
11
 -21.773
21
  21.124
31
  13.054
39
 0
62
  2
 0
LINE
8
default
6
CONTINUOUS
10
  21.778
20
  20.524
30
  12.918
11
  21.773
21
  20.524
31
  13.054
39
 0
62
  2
 0
LINE
8
default
6
CONTINUOUS
10
 -21.773
20
  21.124
30
  13.054
11
  21.773
21
  21.124
31
  13.054
39
 0
62
  2
 0
LINE
8
default
6
CONTINUOUS
10
  21.773
20
  21.124
30
  13.054
11
 -21.773
21
  21.124
31
  13.054
39
 0
62
  2
 0
LINE
8
default
6
CONTINUOUS
10
  21.773
20
  21.124
30
  13.054
11
  21.769
21
  21.724
31
  13.190
39
 0
62
  2
 0
LINE
8
default
6
CONTINUOUS
10
 -21.773
20
  21.124
30
  13.054
11
 -21.769
21
  21.124
31
  13.190
39
 0
62
  2
 0
LINE
8
default
6
CONTINUOUS
10
 -21.773
20
  21.124
30
  13.054
11
 -21.769
21
  21.724
31
  13.190
39
 0
62
  2
 0
LINE
8
default
6
CONTINUOUS
10
  21.773
20
  21.124
30
  13.054
11
  21.769
21
  21.124
31
  13.190
39
 0
62
  2
 0
LINE
8
default
6
CONTINUOUS
10
 -21.769
20
  21.724
30
  13.190
11
  21.769
21
  21.724
31
  13.190
39
 0
62
  2
 0
LINE
8
default
6
CONTINUOUS
10
  21.769
20
  21.724
30
  13.190
11
 -21.769
21
  21.724
31
  13.190
39
 0
62
  2
 0
LINE
8
default
6
CONTINUOUS
10
  21.769
20
  21.724
30
  13.190
11
  21.765
21
  22.324
31
  13.314
39
 0
62
  2
 0
LINE
8
default
6
CONTINUOUS
10
 -21.769
20
  21.724
30
  13.190
11
 -21.765
21
  21.724
31
  13.314
39
 0
62
  2
 0
LINE
8
default
6
CONTINUOUS
10
 -21.769
20
  21.724
30
  13.190
11
 -21.765
21
  22.324
31
  13.314
39
 0
62
  2
 0
LINE
8
default
6
CONTINUOUS
10
  21.769
20
  21.724
30
  13.190
11
  21.765
21
  21.724
31
  13.314
39
 0
62
  2
 0
LINE
8
default
6
CONTINUOUS
10
 -21.765
20
  22.324
30
  13.314
11
  21.765
21
  22.324
31
  13.314
39
 0
62
  2
 0
LINE
8
default
6
CONTINUOUS
10
  21.765
20
  22.324
30
  13.314
11
 -21.765
21
  22.324
31
  13.314
39
 0
62
  2
 0
LINE
8
default
6
CONTINUOUS
10
  21.765
20
  22.324
30
  13.314
11
  21.760
21
  22.924
31
  13.438
39
 0
62
  2
 0
LINE
8
default
6
CONTINUOUS
10
 -21.765
20
  22.324
30
  13.314
11
 -21.760
21
  22.324
31
  13.438
39
 0
62
  2
 0
LINE
8
default
6
CONTINUOUS
10
 -21.765
20
  22.324
30
  13.314
11
 -21.760
21
  22.924
31
  13.438
39
 0
62
  2
 0
LINE
8
default
6
CONTINUOUS
10
  21.765
20
  22.324
30
  13.314
11
  21.760
21
  22.324
31
  13.438
39
 0
62
  2
 0
LINE
8
default
6
CONTINUOUS
10
 -21.760
20
  22.924
30
  13.438
11
  21.760
21
  22.924
31
  13.438
39
 0
62
  2
 0
LINE
8
default
6
CONTINUOUS
10
  21.760
20
  22.924
30
  13.438
11
 -21.760
21
  22.924
31
  13.438
39
 0
62
  2
 0
LINE
8
default
6
CONTINUOUS
10
  21.760
20
  22.924
30
  13.438
11
  21.756
21
  23.524
31
  13.561
39
 0
62
  2
 0
LINE
8
default
6
CONTINUOUS
10
 -21.760
20
  22.924
30
  13.438
11
 -21.756
21
  22.924
31
  13.561
39
 0
62
  2
 0
LINE
8
default
6
CONTINUOUS
10
 -21.760
20
  22.924
30
  13.438
11
 -21.756
21
  23.524
31
  13.561
39
 0
62
  2
 0
LINE
8
default
6
CONTINUOUS
10
  21.760
20
  22.924
30
  13.438
11
  21.756
21
  22.924
31
  13.561
39
 0
62
  2
 0
LINE
8
default
6
CONTINUOUS
10
 -21.756
20
  23.524
30
  13.561
11
  21.756
21
  23.524
31
  13.561
39
 0
62
  2
 0
LINE
8
default
6
CONTINUOUS
10
  21.756
20
  23.524
30
  13.561
11
 -21.756
21
  23.524
31
  13.561
39
 0
62
  2
 0
LINE
8
default
6
CONTINUOUS
10
  21.756
20
  23.524
30
  13.561
11
  21.752
21
  24.124
31
  13.685
39
 0
62
  2
 0
LINE
8
default
6
CONTINUOUS
10
 -21.756
20
  23.524
30
  13.561
11
 -21.752
21
  23.524
31
  13.685
39
 0
62
  2
 0
LINE
8
default
6
CONTINUOUS
10
 -21.756
20
  23.524
30
  13.561
11
 -21.752
21
  24.124
31
  13.685
39
 0
62
  2
 0
LINE
8
default
6
CONTINUOUS
10
  21.756
20
  23.524
30
  13.561
11
  21.752
21
  23.524
31
  13.685
39
 0
62
  2
 0
LINE
8
default
6
CONTINUOUS
10
 -21.752
20
  24.124
30
  13.685
11
  21.752
21
  24.124
31
  13.685
39
 0
62
  2
 0
LINE
8
default
6
CONTINUOUS
10
  21.752
20
  24.124
30
  13.685
11
 -21.752
21
  24.124
31
  13.685
39
 0
62
  2
 0
LINE
8
default
6
CONTINUOUS
10
  21.752
20
  24.124
30
  13.685
11
  21.748
21
  24.724
31
  13.809
39
 0
62
  2
 0
LINE
8
default
6
CONTINUOUS
10
 -21.752
20
  24.124
30
  13.685
11
 -21.748
21
  24.124
31
  13.809
39
 0
62
  2
 0
LINE
8
default
6
CONTINUOUS
10
 -21.752
20
  24.124
30
  13.685
11
 -21.748
21
  24.724
31
  13.809
39
 0
62
  2
 0
LINE
8
default
6
CONTINUOUS
10
  21.752
20
  24.124
30
  13.685
11
  21.748
21
  24.124
31
  13.809
39
 0
62
  2
 0
LINE
8
default
6
CONTINUOUS
10
 -21.748
20
  24.724
30
  13.809
11
  21.748
21
  24.724
31
  13.809
39
 0
62
  2
 0
LINE
8
default
6
CONTINUOUS
10
  21.748
20
  24.724
30
  13.809
11
 -21.748
21
  24.724
31
  13.809
39
 0
62
  2
 0
LINE
8
default
6
CONTINUOUS
10
  21.748
20
  24.724
30
  13.809
11
  21.744
21
  25.324
31
  13.927
39
 0
62
  2
 0
LINE
8
default
6
CONTINUOUS
10
 -21.748
20
  24.724
30
  13.809
11
 -21.744
21
  24.724
31
  13.927
39
 0
62
  2
 0
LINE
8
default
6
CONTINUOUS
10
 -21.748
20
  24.724
30
  13.809
11
 -21.744
21
  25.324
31
  13.927
39
 0
62
  2
 0
LINE
8
default
6
CONTINUOUS
10
  21.748
20
  24.724
30
  13.809
11
  21.744
21
  24.724
31
  13.927
39
 0
62
  2
 0
LINE
8
default
6
CONTINUOUS
10
 -21.744
20
  25.324
30
  13.927
11
  21.744
21
  25.324
31
  13.927
39
 0
62
  2
 0
LINE
8
default
6
CONTINUOUS
10
  21.744
20
  25.324
30
  13.927
11
 -21.744
21
  25.324
31
  13.927
39
 0
62
  2
 0
LINE
8
default
6
CONTINUOUS
10
  21.744
20
  25.324
30
  13.927
11
  21.740
21
  25.924
31
  14.039
39
 0
62
  2
 0
LINE
8
default
6
CONTINUOUS
10
 -21.744
20
  25.324
30
  13.927
11
 -21.740
21
  25.324
31
  14.039
39
 0
62
  2
 0
LINE
8
default
6
CONTINUOUS
10
 -21.744
20
  25.324
30
  13.927
11
 -21.740
21
  25.924
31
  14.039
39
 0
62
  2
 0
LINE
8
default
6
CONTINUOUS
10
  21.744
20
  25.324
30
  13.927
11
  21.740
21
  25.324
31
  14.039
39
 0
62
  2
 0
LINE
8
default
6
CONTINUOUS
10
 -21.740
20
  25.924
30
  14.039
11
  21.740
21
  25.924
31
  14.039
39
 0
62
  2
 0
LINE
8
default
6
CONTINUOUS
10
  21.740
20
  25.924
30
  14.039
11
 -21.740
21
  25.924
31
  14.039
39
 0
62
  2
 0
LINE
8
default
6
CONTINUOUS
10
  21.740
20
  25.924
30
  14.039
11
  21.736
21
  26.524
31
  14.150
39
 0
62
  2
 0
LINE
8
default
6
CONTINUOUS
10
 -21.740
20
  25.924
30
  14.039
11
 -21.736
21
  25.924
31
  14.150
39
 0
62
  2
 0
LINE
8
default
6
CONTINUOUS
10
 -21.740
20
  25.924
30
  14.039
11
 -21.736
21
  26.524
31
  14.150
39
 0
62
  2
 0
LINE
8
default
6
CONTINUOUS
10
  21.740
20
  25.924
30
  14.039
11
  21.736
21
  25.924
31
  14.150
39
 0
62
  2
 0
LINE
8
default
6
CONTINUOUS
10
 -21.736
20
  26.524
30
  14.150
11
  21.736
21
  26.524
31
  14.150
39
 0
62
  2
 0
LINE
8
default
6
CONTINUOUS
10
  21.736
20
  26.524
30
  14.150
11
 -21.736
21
  26.524
31
  14.150
39
 0
62
  2
 0
LINE
8
default
6
CONTINUOUS
10
  21.736
20
  26.524
30
  14.150
11
  21.732
21
  27.124
31
  14.262
39
 0
62
  2
 0
LINE
8
default
6
CONTINUOUS
10
 -21.736
20
  26.524
30
  14.150
11
 -21.732
21
  26.524
31
  14.262
39
 0
62
  2
 0
LINE
8
default
6
CONTINUOUS
10
 -21.736
20
  26.524
30
  14.150
11
 -21.732
21
  27.124
31
  14.262
39
 0
62
  2
 0
LINE
8
default
6
CONTINUOUS
10
  21.736
20
  26.524
30
  14.150
11
  21.732
21
  26.524
31
  14.262
39
 0
62
  2
 0
LINE
8
default
6
CONTINUOUS
10
 -21.732
20
  27.124
30
  14.262
11
  21.732
21
  27.124
31
  14.262
39
 0
62
  2
 0
LINE
8
default
6
CONTINUOUS
10
  21.732
20
  27.124
30
  14.262
11
 -21.732
21
  27.124
31
  14.262
39
 0
62
  2
 0
LINE
8
default
6
CONTINUOUS
10
  21.732
20
  27.124
30
  14.262
11
  21.728
21
  27.724
31
  14.374
39
 0
62
  2
 0
LINE
8
default
6
CONTINUOUS
10
 -21.732
20
  27.124
30
  14.262
11
 -21.728
21
  27.124
31
  14.374
39
 0
62
  2
 0
LINE
8
default
6
CONTINUOUS
10
 -21.732
20
  27.124
30
  14.262
11
 -21.728
21
  27.724
31
  14.374
39
 0
62
  2
 0
LINE
8
default
6
CONTINUOUS
10
  21.732
20
  27.124
30
  14.262
11
  21.728
21
  27.124
31
  14.374
39
 0
62
  2
 0
LINE
8
default
6
CONTINUOUS
10
 -21.728
20
  27.724
30
  14.374
11
  21.728
21
  27.724
31
  14.374
39
 0
62
  2
 0
LINE
8
default
6
CONTINUOUS
10
  21.728
20
  27.724
30
  14.374
11
 -21.728
21
  27.724
31
  14.374
39
 0
62
  2
 0
LINE
8
default
6
CONTINUOUS
10
  21.728
20
  27.724
30
  14.374
11
  21.725
21
  28.324
31
  14.485
39
 0
62
  2
 0
LINE
8
default
6
CONTINUOUS
10
 -21.728
20
  27.724
30
  14.374
11
 -21.725
21
  27.724
31
  14.485
39
 0
62
  2
 0
LINE
8
default
6
CONTINUOUS
10
 -21.728
20
  27.724
30
  14.374
11
 -21.725
21
  28.324
31
  14.485
39
 0
62
  2
 0
LINE
8
default
6
CONTINUOUS
10
  21.728
20
  27.724
30
  14.374
11
  21.725
21
  27.724
31
  14.485
39
 0
62
  2
 0
LINE
8
default
6
CONTINUOUS
10
 -21.725
20
  28.324
30
  14.485
11
  21.725
21
  28.324
31
  14.485
39
 0
62
  2
 0
LINE
8
default
6
CONTINUOUS
10
  21.725
20
  28.324
30
  14.485
11
 -21.725
21
  28.324
31
  14.485
39
 0
62
  2
 0
LINE
8
default
6
CONTINUOUS
10
  21.725
20
  28.324
30
  14.485
11
  21.721
21
  28.924
31
  14.597
39
 0
62
  2
 0
LINE
8
default
6
CONTINUOUS
10
 -21.725
20
  28.324
30
  14.485
11
 -21.721
21
  28.324
31
  14.597
39
 0
62
  2
 0
LINE
8
default
6
CONTINUOUS
10
 -21.725
20
  28.324
30
  14.485
11
 -21.721
21
  28.924
31
  14.597
39
 0
62
  2
 0
LINE
8
default
6
CONTINUOUS
10
  21.725
20
  28.324
30
  14.485
11
  21.721
21
  28.324
31
  14.597
39
 0
62
  2
 0
LINE
8
default
6
CONTINUOUS
10
 -21.721
20
  28.924
30
  14.597
11
  21.721
21
  28.924
31
  14.597
39
 0
62
  2
 0
LINE
8
default
6
CONTINUOUS
10
  21.721
20
  28.924
30
  14.597
11
 -21.721
21
  28.924
31
  14.597
39
 0
62
  2
 0
LINE
8
default
6
CONTINUOUS
10
  21.721
20
  28.924
30
  14.597
11
  21.717
21
  29.524
31
  14.697
39
 0
62
  2
 0
LINE
8
default
6
CONTINUOUS
10
 -21.721
20
  28.924
30
  14.597
11
 -21.717
21
  28.924
31
  14.697
39
 0
62
  2
 0
LINE
8
default
6
CONTINUOUS
10
 -21.721
20
  28.924
30
  14.597
11
 -21.717
21
  29.524
31
  14.697
39
 0
62
  2
 0
LINE
8
default
6
CONTINUOUS
10
  21.721
20
  28.924
30
  14.597
11
  21.717
21
  28.924
31
  14.697
39
 0
62
  2
 0
LINE
8
default
6
CONTINUOUS
10
 -21.717
20
  29.524
30
  14.697
11
  21.717
21
  29.524
31
  14.697
39
 0
62
  2
 0
LINE
8
default
6
CONTINUOUS
10
  21.717
20
  29.524
30
  14.697
11
 -21.717
21
  29.524
31
  14.697
39
 0
62
  2
 0
LINE
8
default
6
CONTINUOUS
10
  21.717
20
  29.524
30
  14.697
11
  21.714
21
  30.124
31
  14.797
39
 0
62
  2
 0
LINE
8
default
6
CONTINUOUS
10
 -21.717
20
  29.524
30
  14.697
11
 -21.714
21
  29.524
31
  14.797
39
 0
62
  2
 0
LINE
8
default
6
CONTINUOUS
10
 -21.717
20
  29.524
30
  14.697
11
 -21.714
21
  30.124
31
  14.797
39
 0
62
  2
 0
LINE
8
default
6
CONTINUOUS
10
  21.717
20
  29.524
30
  14.697
11
  21.714
21
  29.524
31
  14.797
39
 0
62
  2
 0
LINE
8
default
6
CONTINUOUS
10
 -21.714
20
  30.124
30
  14.797
11
  21.714
21
  30.124
31
  14.797
39
 0
62
  2
 0
LINE
8
default
6
CONTINUOUS
10
  21.714
20
  30.124
30
  14.797
11
 -21.714
21
  30.124
31
  14.797
39
 0
62
  2
 0
LINE
8
default
6
CONTINUOUS
10
  21.714
20
  30.124
30
  14.797
11
  21.711
21
  30.724
31
  14.897
39
 0
62
  2
 0
LINE
8
default
6
CONTINUOUS
10
 -21.714
20
  30.124
30
  14.797
11
 -21.711
21
  30.124
31
  14.897
39
 0
62
  2
 0
LINE
8
default
6
CONTINUOUS
10
 -21.714
20
  30.124
30
  14.797
11
 -21.711
21
  30.724
31
  14.897
39
 0
62
  2
 0
LINE
8
default
6
CONTINUOUS
10
  21.714
20
  30.124
30
  14.797
11
  21.711
21
  30.124
31
  14.897
39
 0
62
  2
 0
LINE
8
default
6
CONTINUOUS
10
 -21.711
20
  30.724
30
  14.897
11
  21.711
21
  30.724
31
  14.897
39
 0
62
  2
 0
LINE
8
default
6
CONTINUOUS
10
  21.711
20
  30.724
30
  14.897
11
 -21.711
21
  30.724
31
  14.897
39
 0
62
  2
 0
LINE
8
default
6
CONTINUOUS
10
  21.711
20
  30.724
30
  14.897
11
  21.707
21
  31.324
31
  14.997
39
 0
62
  2
 0
LINE
8
default
6
CONTINUOUS
10
 -21.711
20
  30.724
30
  14.897
11
 -21.707
21
  30.724
31
  14.997
39
 0
62
  2
 0
LINE
8
default
6
CONTINUOUS
10
 -21.711
20
  30.724
30
  14.897
11
 -21.707
21
  31.324
31
  14.997
39
 0
62
  2
 0
LINE
8
default
6
CONTINUOUS
10
  21.711
20
  30.724
30
  14.897
11
  21.707
21
  30.724
31
  14.997
39
 0
62
  2
 0
LINE
8
default
6
CONTINUOUS
10
 -21.707
20
  31.324
30
  14.997
11
  21.707
21
  31.324
31
  14.997
39
 0
62
  2
 0
LINE
8
default
6
CONTINUOUS
10
  21.707
20
  31.324
30
  14.997
11
 -21.707
21
  31.324
31
  14.997
39
 0
62
  2
 0
LINE
8
default
6
CONTINUOUS
10
  21.707
20
  31.324
30
  14.997
11
  21.704
21
  31.924
31
  15.097
39
 0
62
  2
 0
LINE
8
default
6
CONTINUOUS
10
 -21.707
20
  31.324
30
  14.997
11
 -21.704
21
  31.324
31
  15.097
39
 0
62
  2
 0
LINE
8
default
6
CONTINUOUS
10
 -21.707
20
  31.324
30
  14.997
11
 -21.704
21
  31.924
31
  15.097
39
 0
62
  2
 0
LINE
8
default
6
CONTINUOUS
10
  21.707
20
  31.324
30
  14.997
11
  21.704
21
  31.324
31
  15.097
39
 0
62
  2
 0
LINE
8
default
6
CONTINUOUS
10
 -21.704
20
  31.924
30
  15.097
11
  21.704
21
  31.924
31
  15.097
39
 0
62
  2
 0
LINE
8
default
6
CONTINUOUS
10
  21.704
20
  31.924
30
  15.097
11
 -21.704
21
  31.924
31
  15.097
39
 0
62
  2
 0
LINE
8
default
6
CONTINUOUS
10
 -21.558
20
  77.521
30
  19.366
11
  21.558
21
  77.521
31
  19.366
39
 0
62
  2
 0
LINE
8
default
6
CONTINUOUS
10
  21.558
20
  77.521
30
  19.366
11
 -21.558
21
  77.521
31
  19.366
39
 0
62
  2
 0
LINE
8
default
6
CONTINUOUS
10
  21.558
20
  77.521
30
  19.366
11
  21.558
21
  78.121
31
  19.391
39
 0
62
  2
 0
LINE
8
default
6
CONTINUOUS
10
 -21.558
20
  77.521
30
  19.366
11
 -21.558
21
  77.521
31
  19.391
39
 0
62
  2
 0
LINE
8
default
6
CONTINUOUS
10
 -21.558
20
  77.521
30
  19.366
11
 -21.558
21
  78.121
31
  19.391
39
 0
62
  2
 0
LINE
8
default
6
CONTINUOUS
10
  21.558
20
  77.521
30
  19.366
11
  21.558
21
  77.521
31
  19.391
39
 0
62
  2
 0
LINE
8
default
6
CONTINUOUS
10
 -21.558
20
  78.121
30
  19.391
11
  21.558
21
  78.121
31
  19.391
39
 0
62
  2
 0
LINE
8
default
6
CONTINUOUS
10
  21.558
20
  78.121
30
  19.391
11
 -21.558
21
  78.121
31
  19.391
39
 0
62
  2
 0
LINE
8
default
6
CONTINUOUS
10
  21.558
20
  78.121
30
  19.391
11
  21.557
21
  78.721
31
  19.416
39
 0
62
  2
 0
LINE
8
default
6
CONTINUOUS
10
 -21.558
20
  78.121
30
  19.391
11
 -21.557
21
  78.121
31
  19.416
39
 0
62
  2
 0
LINE
8
default
6
CONTINUOUS
10
 -21.558
20
  78.121
30
  19.391
11
 -21.557
21
  78.721
31
  19.416
39
 0
62
  2
 0
LINE
8
default
6
CONTINUOUS
10
  21.558
20
  78.121
30
  19.391
11
  21.557
21
  78.121
31
  19.416
39
 0
62
  2
 0
LINE
8
default
6
CONTINUOUS
10
 -21.557
20
  78.721
30
  19.416
11
  21.557
21
  78.721
31
  19.416
39
 0
62
  2
 0
LINE
8
default
6
CONTINUOUS
10
  21.557
20
  78.721
30
  19.416
11
 -21.557
21
  78.721
31
  19.416
39
 0
62
  2
 0
LINE
8
default
6
CONTINUOUS
10
  21.557
20
  78.721
30
  19.416
11
  21.556
21
  79.321
31
  19.441
39
 0
62
  2
 0
LINE
8
default
6
CONTINUOUS
10
 -21.557
20
  78.721
30
  19.416
11
 -21.556
21
  78.721
31
  19.441
39
 0
62
  2
 0
LINE
8
default
6
CONTINUOUS
10
 -21.557
20
  78.721
30
  19.416
11
 -21.556
21
  79.321
31
  19.441
39
 0
62
  2
 0
LINE
8
default
6
CONTINUOUS
10
  21.557
20
  78.721
30
  19.416
11
  21.556
21
  78.721
31
  19.441
39
 0
62
  2
 0
LINE
8
default
6
CONTINUOUS
10
 -21.556
20
  79.321
30
  19.441
11
  21.556
21
  79.321
31
  19.441
39
 0
62
  2
 0
LINE
8
default
6
CONTINUOUS
10
  21.556
20
  79.321
30
  19.441
11
 -21.556
21
  79.321
31
  19.441
39
 0
62
  2
 0
LINE
8
default
6
CONTINUOUS
10
  21.556
20
  79.321
30
  19.441
11
  21.555
21
  79.921
31
  19.466
39
 0
62
  2
 0
LINE
8
default
6
CONTINUOUS
10
 -21.556
20
  79.321
30
  19.441
11
 -21.555
21
  79.321
31
  19.466
39
 0
62
  2
 0
LINE
8
default
6
CONTINUOUS
10
 -21.556
20
  79.321
30
  19.441
11
 -21.555
21
  79.921
31
  19.466
39
 0
62
  2
 0
LINE
8
default
6
CONTINUOUS
10
  21.556
20
  79.321
30
  19.441
11
  21.555
21
  79.321
31
  19.466
39
 0
62
  2
 0
LINE
8
default
6
CONTINUOUS
10
 -21.555
20
  79.921
30
  19.466
11
  21.555
21
  79.921
31
  19.466
39
 0
62
  2
 0
LINE
8
default
6
CONTINUOUS
10
  21.555
20
  79.921
30
  19.466
11
 -21.555
21
  79.921
31
  19.466
39
 0
62
  2
 0
LINE
8
default
6
CONTINUOUS
10
  21.555
20
  79.921
30
  19.466
11
  21.554
21
  80.521
31
  19.491
39
 0
62
  2
 0
LINE
8
default
6
CONTINUOUS
10
 -21.555
20
  79.921
30
  19.466
11
 -21.554
21
  79.921
31
  19.491
39
 0
62
  2
 0
LINE
8
default
6
CONTINUOUS
10
 -21.555
20
  79.921
30
  19.466
11
 -21.554
21
  80.521
31
  19.491
39
 0
62
  2
 0
LINE
8
default
6
CONTINUOUS
10
  21.555
20
  79.921
30
  19.466
11
  21.554
21
  79.921
31
  19.491
39
 0
62
  2
 0
LINE
8
default
6
CONTINUOUS
10
 -21.554
20
  80.521
30
  19.491
11
  21.554
21
  80.521
31
  19.491
39
 0
62
  2
 0
LINE
8
default
6
CONTINUOUS
10
  21.554
20
  80.521
30
  19.491
11
 -21.554
21
  80.521
31
  19.491
39
 0
62
  2
 0
LINE
8
default
6
CONTINUOUS
10
  21.554
20
  80.521
30
  19.491
11
  21.553
21
  81.121
31
  19.516
39
 0
62
  2
 0
LINE
8
default
6
CONTINUOUS
10
 -21.554
20
  80.521
30
  19.491
11
 -21.553
21
  80.521
31
  19.516
39
 0
62
  2
 0
LINE
8
default
6
CONTINUOUS
10
 -21.554
20
  80.521
30
  19.491
11
 -21.553
21
  81.121
31
  19.516
39
 0
62
  2
 0
LINE
8
default
6
CONTINUOUS
10
  21.554
20
  80.521
30
  19.491
11
  21.553
21
  80.521
31
  19.516
39
 0
62
  2
 0
LINE
8
default
6
CONTINUOUS
10
 -21.553
20
  81.121
30
  19.516
11
  21.553
21
  81.121
31
  19.516
39
 0
62
  2
 0
LINE
8
default
6
CONTINUOUS
10
  21.553
20
  81.121
30
  19.516
11
 -21.553
21
  81.121
31
  19.516
39
 0
62
  2
 0
LINE
8
default
6
CONTINUOUS
10
  21.553
20
  81.121
30
  19.516
11
  21.553
21
  81.721
31
  19.541
39
 0
62
  2
 0
LINE
8
default
6
CONTINUOUS
10
 -21.553
20
  81.121
30
  19.516
11
 -21.553
21
  81.121
31
  19.541
39
 0
62
  2
 0
LINE
8
default
6
CONTINUOUS
10
 -21.553
20
  81.121
30
  19.516
11
 -21.553
21
  81.721
31
  19.541
39
 0
62
  2
 0
LINE
8
default
6
CONTINUOUS
10
  21.553
20
  81.121
30
  19.516
11
  21.553
21
  81.121
31
  19.541
39
 0
62
  2
 0
LINE
8
default
6
CONTINUOUS
10
 -21.553
20
  81.721
30
  19.541
11
  21.553
21
  81.721
31
  19.541
39
 0
62
  2
 0
LINE
8
default
6
CONTINUOUS
10
  21.553
20
  81.721
30
  19.541
11
 -21.553
21
  81.721
31
  19.541
39
 0
62
  2
 0
LINE
8
default
6
CONTINUOUS
10
  21.553
20
  81.721
30
  19.541
11
  21.552
21
  82.321
31
  19.566
39
 0
62
  2
 0
LINE
8
default
6
CONTINUOUS
10
 -21.553
20
  81.721
30
  19.541
11
 -21.552
21
  81.721
31
  19.566
39
 0
62
  2
 0
LINE
8
default
6
CONTINUOUS
10
 -21.553
20
  81.721
30
  19.541
11
 -21.552
21
  82.321
31
  19.566
39
 0
62
  2
 0
LINE
8
default
6
CONTINUOUS
10
  21.553
20
  81.721
30
  19.541
11
  21.552
21
  81.721
31
  19.566
39
 0
62
  2
 0
LINE
8
default
6
CONTINUOUS
10
 -21.552
20
  82.321
30
  19.566
11
  21.552
21
  82.321
31
  19.566
39
 0
62
  2
 0
LINE
8
default
6
CONTINUOUS
10
  21.552
20
  82.321
30
  19.566
11
 -21.552
21
  82.321
31
  19.566
39
 0
62
  2
 0
LINE
8
default
6
CONTINUOUS
10
  21.552
20
  82.321
30
  19.566
11
  21.551
21
  82.921
31
  19.585
39
 0
62
  2
 0
LINE
8
default
6
CONTINUOUS
10
 -21.552
20
  82.321
30
  19.566
11
 -21.551
21
  82.321
31
  19.585
39
 0
62
  2
 0
LINE
8
default
6
CONTINUOUS
10
 -21.552
20
  82.321
30
  19.566
11
 -21.551
21
  82.921
31
  19.585
39
 0
62
  2
 0
LINE
8
default
6
CONTINUOUS
10
  21.552
20
  82.321
30
  19.566
11
  21.551
21
  82.321
31
  19.585
39
 0
62
  2
 0
LINE
8
default
6
CONTINUOUS
10
 -21.551
20
  82.921
30
  19.585
11
  21.551
21
  82.921
31
  19.585
39
 0
62
  2
 0
LINE
8
default
6
CONTINUOUS
10
  21.551
20
  82.921
30
  19.585
11
 -21.551
21
  82.921
31
  19.585
39
 0
62
  2
 0
LINE
8
default
6
CONTINUOUS
10
  21.551
20
  82.921
30
  19.585
11
  21.550
21
  83.521
31
  19.602
39
 0
62
  2
 0
LINE
8
default
6
CONTINUOUS
10
 -21.551
20
  82.921
30
  19.585
11
 -21.550
21
  82.921
31
  19.602
39
 0
62
  2
 0
LINE
8
default
6
CONTINUOUS
10
 -21.551
20
  82.921
30
  19.585
11
 -21.550
21
  83.521
31
  19.602
39
 0
62
  2
 0
LINE
8
default
6
CONTINUOUS
10
  21.551
20
  82.921
30
  19.585
11
  21.550
21
  82.921
31
  19.602
39
 0
62
  2
 0
LINE
8
default
6
CONTINUOUS
10
 -21.550
20
  83.521
30
  19.602
11
  21.550
21
  83.521
31
  19.602
39
 0
62
  2
 0
LINE
8
default
6
CONTINUOUS
10
  21.550
20
  83.521
30
  19.602
11
 -21.550
21
  83.521
31
  19.602
39
 0
62
  2
 0
LINE
8
default
6
CONTINUOUS
10
  21.550
20
  83.521
30
  19.602
11
  21.550
21
  84.121
31
  19.619
39
 0
62
  2
 0
LINE
8
default
6
CONTINUOUS
10
 -21.550
20
  83.521
30
  19.602
11
 -21.550
21
  83.521
31
  19.619
39
 0
62
  2
 0
LINE
8
default
6
CONTINUOUS
10
 -21.550
20
  83.521
30
  19.602
11
 -21.550
21
  84.121
31
  19.619
39
 0
62
  2
 0
LINE
8
default
6
CONTINUOUS
10
  21.550
20
  83.521
30
  19.602
11
  21.550
21
  83.521
31
  19.619
39
 0
62
  2
 0
LINE
8
default
6
CONTINUOUS
10
 -21.550
20
  84.121
30
  19.619
11
  21.550
21
  84.121
31
  19.619
39
 0
62
  2
 0
LINE
8
default
6
CONTINUOUS
10
  21.550
20
  84.121
30
  19.619
11
 -21.550
21
  84.121
31
  19.619
39
 0
62
  2
 0
LINE
8
default
6
CONTINUOUS
10
  21.550
20
  84.121
30
  19.619
11
  21.549
21
  84.721
31
  19.636
39
 0
62
  2
 0
LINE
8
default
6
CONTINUOUS
10
 -21.550
20
  84.121
30
  19.619
11
 -21.549
21
  84.121
31
  19.636
39
 0
62
  2
 0
LINE
8
default
6
CONTINUOUS
10
 -21.550
20
  84.121
30
  19.619
11
 -21.549
21
  84.721
31
  19.636
39
 0
62
  2
 0
LINE
8
default
6
CONTINUOUS
10
  21.550
20
  84.121
30
  19.619
11
  21.549
21
  84.121
31
  19.636
39
 0
62
  2
 0
LINE
8
default
6
CONTINUOUS
10
 -21.549
20
  84.721
30
  19.636
11
  21.549
21
  84.721
31
  19.636
39
 0
62
  2
 0
LINE
8
default
6
CONTINUOUS
10
  21.549
20
  84.721
30
  19.636
11
 -21.549
21
  84.721
31
  19.636
39
 0
62
  2
 0
LINE
8
default
6
CONTINUOUS
10
  21.549
20
  84.721
30
  19.636
11
  21.549
21
  85.321
31
  19.653
39
 0
62
  2
 0
LINE
8
default
6
CONTINUOUS
10
 -21.549
20
  84.721
30
  19.636
11
 -21.549
21
  84.721
31
  19.653
39
 0
62
  2
 0
LINE
8
default
6
CONTINUOUS
10
 -21.549
20
  84.721
30
  19.636
11
 -21.549
21
  85.321
31
  19.653
39
 0
62
  2
 0
LINE
8
default
6
CONTINUOUS
10
  21.549
20
  84.721
30
  19.636
11
  21.549
21
  84.721
31
  19.653
39
 0
62
  2
 0
LINE
8
default
6
CONTINUOUS
10
 -21.549
20
  85.321
30
  19.653
11
  21.549
21
  85.321
31
  19.653
39
 0
62
  2
 0
LINE
8
default
6
CONTINUOUS
10
  21.549
20
  85.321
30
  19.653
11
 -21.549
21
  85.321
31
  19.653
39
 0
62
  2
 0
LINE
8
default
6
CONTINUOUS
10
  21.549
20
  85.321
30
  19.653
11
  21.548
21
  85.921
31
  19.670
39
 0
62
  2
 0
LINE
8
default
6
CONTINUOUS
10
 -21.549
20
  85.321
30
  19.653
11
 -21.548
21
  85.321
31
  19.670
39
 0
62
  2
 0
LINE
8
default
6
CONTINUOUS
10
 -21.549
20
  85.321
30
  19.653
11
 -21.548
21
  85.921
31
  19.670
39
 0
62
  2
 0
LINE
8
default
6
CONTINUOUS
10
  21.549
20
  85.321
30
  19.653
11
  21.548
21
  85.321
31
  19.670
39
 0
62
  2
 0
LINE
8
default
6
CONTINUOUS
10
 -21.548
20
  85.921
30
  19.670
11
  21.548
21
  85.921
31
  19.670
39
 0
62
  2
 0
LINE
8
default
6
CONTINUOUS
10
  21.548
20
  85.921
30
  19.670
11
 -21.548
21
  85.921
31
  19.670
39
 0
62
  2
 0
LINE
8
default
6
CONTINUOUS
10
  21.548
20
  85.921
30
  19.670
11
  21.548
21
  86.521
31
  19.687
39
 0
62
  2
 0
LINE
8
default
6
CONTINUOUS
10
 -21.548
20
  85.921
30
  19.670
11
 -21.548
21
  85.921
31
  19.687
39
 0
62
  2
 0
LINE
8
default
6
CONTINUOUS
10
 -21.548
20
  85.921
30
  19.670
11
 -21.548
21
  86.521
31
  19.687
39
 0
62
  2
 0
LINE
8
default
6
CONTINUOUS
10
  21.548
20
  85.921
30
  19.670
11
  21.548
21
  85.921
31
  19.687
39
 0
62
  2
 0
LINE
8
default
6
CONTINUOUS
10
 -21.548
20
  86.521
30
  19.687
11
  21.548
21
  86.521
31
  19.687
39
 0
62
  2
 0
LINE
8
default
6
CONTINUOUS
10
  21.548
20
  86.521
30
  19.687
11
 -21.548
21
  86.521
31
  19.687
39
 0
62
  2
 0
LINE
8
default
6
CONTINUOUS
10
  21.548
20
  86.521
30
  19.687
11
  21.547
21
  87.121
31
  19.704
39
 0
62
  2
 0
LINE
8
default
6
CONTINUOUS
10
 -21.548
20
  86.521
30
  19.687
11
 -21.547
21
  86.521
31
  19.704
39
 0
62
  2
 0
LINE
8
default
6
CONTINUOUS
10
 -21.548
20
  86.521
30
  19.687
11
 -21.547
21
  87.121
31
  19.704
39
 0
62
  2
 0
LINE
8
default
6
CONTINUOUS
10
  21.548
20
  86.521
30
  19.687
11
  21.547
21
  86.521
31
  19.704
39
 0
62
  2
 0
LINE
8
default
6
CONTINUOUS
10
 -21.547
20
  87.121
30
  19.704
11
  21.547
21
  87.121
31
  19.704
39
 0
62
  2
 0
LINE
8
default
6
CONTINUOUS
10
  21.547
20
  87.121
30
  19.704
11
 -21.547
21
  87.121
31
  19.704
39
 0
62
  2
 0
LINE
8
default
6
CONTINUOUS
10
  21.547
20
  87.121
30
  19.704
11
  21.546
21
  87.721
31
  19.721
39
 0
62
  2
 0
LINE
8
default
6
CONTINUOUS
10
 -21.547
20
  87.121
30
  19.704
11
 -21.546
21
  87.121
31
  19.721
39
 0
62
  2
 0
LINE
8
default
6
CONTINUOUS
10
 -21.547
20
  87.121
30
  19.704
11
 -21.546
21
  87.721
31
  19.721
39
 0
62
  2
 0
LINE
8
default
6
CONTINUOUS
10
  21.547
20
  87.121
30
  19.704
11
  21.546
21
  87.121
31
  19.721
39
 0
62
  2
 0
LINE
8
default
6
CONTINUOUS
10
 -21.546
20
  87.721
30
  19.721
11
  21.546
21
  87.721
31
  19.721
39
 0
62
  2
 0
LINE
8
default
6
CONTINUOUS
10
  21.546
20
  87.721
30
  19.721
11
 -21.546
21
  87.721
31
  19.721
39
 0
62
  2
 0
LINE
8
default
6
CONTINUOUS
10
  21.546
20
  87.721
30
  19.721
11
  21.546
21
  88.321
31
  19.739
39
 0
62
  2
 0
LINE
8
default
6
CONTINUOUS
10
 -21.546
20
  87.721
30
  19.721
11
 -21.546
21
  87.721
31
  19.739
39
 0
62
  2
 0
LINE
8
default
6
CONTINUOUS
10
 -21.546
20
  87.721
30
  19.721
11
 -21.546
21
  88.321
31
  19.739
39
 0
62
  2
 0
LINE
8
default
6
CONTINUOUS
10
  21.546
20
  87.721
30
  19.721
11
  21.546
21
  87.721
31
  19.739
39
 0
62
  2
 0
LINE
8
default
6
CONTINUOUS
10
 -21.546
20
  88.321
30
  19.739
11
  21.546
21
  88.321
31
  19.739
39
 0
62
  2
 0
LINE
8
default
6
CONTINUOUS
10
  21.546
20
  88.321
30
  19.739
11
 -21.546
21
  88.321
31
  19.739
39
 0
62
  2
 0
LINE
8
default
6
CONTINUOUS
10
  21.546
20
  88.321
30
  19.739
11
  21.545
21
  88.921
31
  19.756
39
 0
62
  2
 0
LINE
8
default
6
CONTINUOUS
10
 -21.546
20
  88.321
30
  19.739
11
 -21.545
21
  88.321
31
  19.756
39
 0
62
  2
 0
LINE
8
default
6
CONTINUOUS
10
 -21.546
20
  88.321
30
  19.739
11
 -21.545
21
  88.921
31
  19.756
39
 0
62
  2
 0
LINE
8
default
6
CONTINUOUS
10
  21.546
20
  88.321
30
  19.739
11
  21.545
21
  88.321
31
  19.756
39
 0
62
  2
 0
LINE
8
default
6
CONTINUOUS
10
 -21.545
20
  88.921
30
  19.756
11
  21.545
21
  88.921
31
  19.756
39
 0
62
  2
 0
LINE
8
default
6
CONTINUOUS
10
  21.545
20
  88.921
30
  19.756
11
 -21.545
21
  88.921
31
  19.756
39
 0
62
  2
 0
LINE
8
default
6
CONTINUOUS
10
  21.545
20
  88.921
30
  19.756
11
  21.545
21
  89.521
31
  19.773
39
 0
62
  2
 0
LINE
8
default
6
CONTINUOUS
10
 -21.545
20
  88.921
30
  19.756
11
 -21.545
21
  88.921
31
  19.773
39
 0
62
  2
 0
LINE
8
default
6
CONTINUOUS
10
 -21.545
20
  88.921
30
  19.756
11
 -21.545
21
  89.521
31
  19.773
39
 0
62
  2
 0
LINE
8
default
6
CONTINUOUS
10
  21.545
20
  88.921
30
  19.756
11
  21.545
21
  88.921
31
  19.773
39
 0
62
  2
 0
LINE
8
default
6
CONTINUOUS
10
 -21.545
20
  89.521
30
  19.773
11
  21.545
21
  89.521
31
  19.773
39
 0
62
  2
 0
LINE
8
default
6
CONTINUOUS
10
  21.545
20
  89.521
30
  19.773
11
 -21.545
21
  89.521
31
  19.773
39
 0
62
  2
 0
LINE
8
default
6
CONTINUOUS
10
 -21.601
20
 154.823
30
  18.104
11
  21.601
21
 154.823
31
  18.104
39
 0
62
  2
 0
LINE
8
default
6
CONTINUOUS
10
  21.601
20
 154.823
30
  18.104
11
 -21.601
21
 154.823
31
  18.104
39
 0
62
  2
 0
LINE
8
default
6
CONTINUOUS
10
  21.601
20
 154.823
30
  18.104
11
  21.603
21
 155.423
31
  18.064
39
 0
62
  2
 0
LINE
8
default
6
CONTINUOUS
10
 -21.601
20
 154.823
30
  18.104
11
 -21.603
21
 154.823
31
  18.064
39
 0
62
  2
 0
LINE
8
default
6
CONTINUOUS
10
 -21.601
20
 154.823
30
  18.104
11
 -21.603
21
 155.423
31
  18.064
39
 0
62
  2
 0
LINE
8
default
6
CONTINUOUS
10
  21.601
20
 154.823
30
  18.104
11
  21.603
21
 154.823
31
  18.064
39
 0
62
  2
 0
LINE
8
default
6
CONTINUOUS
10
 -21.603
20
 155.423
30
  18.064
11
  21.603
21
 155.423
31
  18.064
39
 0
62
  2
 0
LINE
8
default
6
CONTINUOUS
10
  21.603
20
 155.423
30
  18.064
11
 -21.603
21
 155.423
31
  18.064
39
 0
62
  2
 0
LINE
8
default
6
CONTINUOUS
10
  21.603
20
 155.423
30
  18.064
11
  21.604
21
 156.023
31
  18.023
39
 0
62
  2
 0
LINE
8
default
6
CONTINUOUS
10
 -21.603
20
 155.423
30
  18.064
11
 -21.604
21
 155.423
31
  18.023
39
 0
62
  2
 0
LINE
8
default
6
CONTINUOUS
10
 -21.603
20
 155.423
30
  18.064
11
 -21.604
21
 156.023
31
  18.023
39
 0
62
  2
 0
LINE
8
default
6
CONTINUOUS
10
  21.603
20
 155.423
30
  18.064
11
  21.604
21
 155.423
31
  18.023
39
 0
62
  2
 0
LINE
8
default
6
CONTINUOUS
10
 -21.604
20
 156.023
30
  18.023
11
  21.604
21
 156.023
31
  18.023
39
 0
62
  2
 0
LINE
8
default
6
CONTINUOUS
10
  21.604
20
 156.023
30
  18.023
11
 -21.604
21
 156.023
31
  18.023
39
 0
62
  2
 0
LINE
8
default
6
CONTINUOUS
10
  21.604
20
 156.023
30
  18.023
11
  21.606
21
 156.623
31
  17.982
39
 0
62
  2
 0
LINE
8
default
6
CONTINUOUS
10
 -21.604
20
 156.023
30
  18.023
11
 -21.606
21
 156.023
31
  17.982
39
 0
62
  2
 0
LINE
8
default
6
CONTINUOUS
10
 -21.604
20
 156.023
30
  18.023
11
 -21.606
21
 156.623
31
  17.982
39
 0
62
  2
 0
LINE
8
default
6
CONTINUOUS
10
  21.604
20
 156.023
30
  18.023
11
  21.606
21
 156.023
31
  17.982
39
 0
62
  2
 0
LINE
8
default
6
CONTINUOUS
10
 -21.606
20
 156.623
30
  17.982
11
  21.606
21
 156.623
31
  17.982
39
 0
62
  2
 0
LINE
8
default
6
CONTINUOUS
10
  21.606
20
 156.623
30
  17.982
11
 -21.606
21
 156.623
31
  17.982
39
 0
62
  2
 0
LINE
8
default
6
CONTINUOUS
10
  21.606
20
 156.623
30
  17.982
11
  21.607
21
 157.223
31
  17.941
39
 0
62
  2
 0
LINE
8
default
6
CONTINUOUS
10
 -21.606
20
 156.623
30
  17.982
11
 -21.607
21
 156.623
31
  17.941
39
 0
62
  2
 0
LINE
8
default
6
CONTINUOUS
10
 -21.606
20
 156.623
30
  17.982
11
 -21.607
21
 157.223
31
  17.941
39
 0
62
  2
 0
LINE
8
default
6
CONTINUOUS
10
  21.606
20
 156.623
30
  17.982
11
  21.607
21
 156.623
31
  17.941
39
 0
62
  2
 0
LINE
8
default
6
CONTINUOUS
10
 -21.607
20
 157.223
30
  17.941
11
  21.607
21
 157.223
31
  17.941
39
 0
62
  2
 0
LINE
8
default
6
CONTINUOUS
10
  21.607
20
 157.223
30
  17.941
11
 -21.607
21
 157.223
31
  17.941
39
 0
62
  2
 0
LINE
8
default
6
CONTINUOUS
10
  21.607
20
 157.223
30
  17.941
11
  21.608
21
 157.823
31
  17.900
39
 0
62
  2
 0
LINE
8
default
6
CONTINUOUS
10
 -21.607
20
 157.223
30
  17.941
11
 -21.608
21
 157.223
31
  17.900
39
 0
62
  2
 0
LINE
8
default
6
CONTINUOUS
10
 -21.607
20
 157.223
30
  17.941
11
 -21.608
21
 157.823
31
  17.900
39
 0
62
  2
 0
LINE
8
default
6
CONTINUOUS
10
  21.607
20
 157.223
30
  17.941
11
  21.608
21
 157.223
31
  17.900
39
 0
62
  2
 0
LINE
8
default
6
CONTINUOUS
10
 -21.608
20
 157.823
30
  17.900
11
  21.608
21
 157.823
31
  17.900
39
 0
62
  2
 0
LINE
8
default
6
CONTINUOUS
10
  21.608
20
 157.823
30
  17.900
11
 -21.608
21
 157.823
31
  17.900
39
 0
62
  2
 0
LINE
8
default
6
CONTINUOUS
10
  21.608
20
 157.823
30
  17.900
11
  21.610
21
 158.423
31
  17.859
39
 0
62
  2
 0
LINE
8
default
6
CONTINUOUS
10
 -21.608
20
 157.823
30
  17.900
11
 -21.610
21
 157.823
31
  17.859
39
 0
62
  2
 0
LINE
8
default
6
CONTINUOUS
10
 -21.608
20
 157.823
30
  17.900
11
 -21.610
21
 158.423
31
  17.859
39
 0
62
  2
 0
LINE
8
default
6
CONTINUOUS
10
  21.608
20
 157.823
30
  17.900
11
  21.610
21
 157.823
31
  17.859
39
 0
62
  2
 0
LINE
8
default
6
CONTINUOUS
10
 -21.610
20
 158.423
30
  17.859
11
  21.610
21
 158.423
31
  17.859
39
 0
62
  2
 0
LINE
8
default
6
CONTINUOUS
10
  21.610
20
 158.423
30
  17.859
11
 -21.610
21
 158.423
31
  17.859
39
 0
62
  2
 0
LINE
8
default
6
CONTINUOUS
10
  21.610
20
 158.423
30
  17.859
11
  21.611
21
 159.023
31
  17.818
39
 0
62
  2
 0
LINE
8
default
6
CONTINUOUS
10
 -21.610
20
 158.423
30
  17.859
11
 -21.611
21
 158.423
31
  17.818
39
 0
62
  2
 0
LINE
8
default
6
CONTINUOUS
10
 -21.610
20
 158.423
30
  17.859
11
 -21.611
21
 159.023
31
  17.818
39
 0
62
  2
 0
LINE
8
default
6
CONTINUOUS
10
  21.610
20
 158.423
30
  17.859
11
  21.611
21
 158.423
31
  17.818
39
 0
62
  2
 0
LINE
8
default
6
CONTINUOUS
10
 -21.611
20
 159.023
30
  17.818
11
  21.611
21
 159.023
31
  17.818
39
 0
62
  2
 0
LINE
8
default
6
CONTINUOUS
10
  21.611
20
 159.023
30
  17.818
11
 -21.611
21
 159.023
31
  17.818
39
 0
62
  2
 0
LINE
8
default
6
CONTINUOUS
10
  21.611
20
 159.023
30
  17.818
11
  21.613
21
 159.623
31
  17.778
39
 0
62
  2
 0
LINE
8
default
6
CONTINUOUS
10
 -21.611
20
 159.023
30
  17.818
11
 -21.613
21
 159.023
31
  17.778
39
 0
62
  2
 0
LINE
8
default
6
CONTINUOUS
10
 -21.611
20
 159.023
30
  17.818
11
 -21.613
21
 159.623
31
  17.778
39
 0
62
  2
 0
LINE
8
default
6
CONTINUOUS
10
  21.611
20
 159.023
30
  17.818
11
  21.613
21
 159.023
31
  17.778
39
 0
62
  2
 0
LINE
8
default
6
CONTINUOUS
10
 -21.613
20
 159.623
30
  17.778
11
  21.613
21
 159.623
31
  17.778
39
 0
62
  2
 0
LINE
8
default
6
CONTINUOUS
10
  21.613
20
 159.623
30
  17.778
11
 -21.613
21
 159.623
31
  17.778
39
 0
62
  2
 0
LINE
8
default
6
CONTINUOUS
10
  21.613
20
 159.623
30
  17.778
11
  21.614
21
 160.223
31
  17.737
39
 0
62
  2
 0
LINE
8
default
6
CONTINUOUS
10
 -21.613
20
 159.623
30
  17.778
11
 -21.614
21
 159.623
31
  17.737
39
 0
62
  2
 0
LINE
8
default
6
CONTINUOUS
10
 -21.613
20
 159.623
30
  17.778
11
 -21.614
21
 160.223
31
  17.737
39
 0
62
  2
 0
LINE
8
default
6
CONTINUOUS
10
  21.613
20
 159.623
30
  17.778
11
  21.614
21
 159.623
31
  17.737
39
 0
62
  2
 0
LINE
8
default
6
CONTINUOUS
10
 -21.614
20
 160.223
30
  17.737
11
  21.614
21
 160.223
31
  17.737
39
 0
62
  2
 0
LINE
8
default
6
CONTINUOUS
10
  21.614
20
 160.223
30
  17.737
11
 -21.614
21
 160.223
31
  17.737
39
 0
62
  2
 0
LINE
8
default
6
CONTINUOUS
10
  21.614
20
 160.223
30
  17.737
11
  21.615
21
 160.823
31
  17.696
39
 0
62
  2
 0
LINE
8
default
6
CONTINUOUS
10
 -21.614
20
 160.223
30
  17.737
11
 -21.615
21
 160.223
31
  17.696
39
 0
62
  2
 0
LINE
8
default
6
CONTINUOUS
10
 -21.614
20
 160.223
30
  17.737
11
 -21.615
21
 160.823
31
  17.696
39
 0
62
  2
 0
LINE
8
default
6
CONTINUOUS
10
  21.614
20
 160.223
30
  17.737
11
  21.615
21
 160.223
31
  17.696
39
 0
62
  2
 0
LINE
8
default
6
CONTINUOUS
10
 -21.615
20
 160.823
30
  17.696
11
  21.615
21
 160.823
31
  17.696
39
 0
62
  2
 0
LINE
8
default
6
CONTINUOUS
10
  21.615
20
 160.823
30
  17.696
11
 -21.615
21
 160.823
31
  17.696
39
 0
62
  2
 0
LINE
8
default
6
CONTINUOUS
10
  21.615
20
 160.823
30
  17.696
11
  21.617
21
 161.423
31
  17.651
39
 0
62
  2
 0
LINE
8
default
6
CONTINUOUS
10
 -21.615
20
 160.823
30
  17.696
11
 -21.617
21
 160.823
31
  17.651
39
 0
62
  2
 0
LINE
8
default
6
CONTINUOUS
10
 -21.615
20
 160.823
30
  17.696
11
 -21.617
21
 161.423
31
  17.651
39
 0
62
  2
 0
LINE
8
default
6
CONTINUOUS
10
  21.615
20
 160.823
30
  17.696
11
  21.617
21
 160.823
31
  17.651
39
 0
62
  2
 0
LINE
8
default
6
CONTINUOUS
10
 -21.617
20
 161.423
30
  17.651
11
  21.617
21
 161.423
31
  17.651
39
 0
62
  2
 0
LINE
8
default
6
CONTINUOUS
10
  21.617
20
 161.423
30
  17.651
11
 -21.617
21
 161.423
31
  17.651
39
 0
62
  2
 0
LINE
8
default
6
CONTINUOUS
10
  21.617
20
 161.423
30
  17.651
11
  21.618
21
 162.023
31
  17.605
39
 0
62
  2
 0
LINE
8
default
6
CONTINUOUS
10
 -21.617
20
 161.423
30
  17.651
11
 -21.618
21
 161.423
31
  17.605
39
 0
62
  2
 0
LINE
8
default
6
CONTINUOUS
10
 -21.617
20
 161.423
30
  17.651
11
 -21.618
21
 162.023
31
  17.605
39
 0
62
  2
 0
LINE
8
default
6
CONTINUOUS
10
  21.617
20
 161.423
30
  17.651
11
  21.618
21
 161.423
31
  17.605
39
 0
62
  2
 0
LINE
8
default
6
CONTINUOUS
10
 -21.618
20
 162.023
30
  17.605
11
  21.618
21
 162.023
31
  17.605
39
 0
62
  2
 0
LINE
8
default
6
CONTINUOUS
10
  21.618
20
 162.023
30
  17.605
11
 -21.618
21
 162.023
31
  17.605
39
 0
62
  2
 0
LINE
8
default
6
CONTINUOUS
10
  21.618
20
 162.023
30
  17.605
11
  21.620
21
 162.623
31
  17.560
39
 0
62
  2
 0
LINE
8
default
6
CONTINUOUS
10
 -21.618
20
 162.023
30
  17.605
11
 -21.620
21
 162.023
31
  17.560
39
 0
62
  2
 0
LINE
8
default
6
CONTINUOUS
10
 -21.618
20
 162.023
30
  17.605
11
 -21.620
21
 162.623
31
  17.560
39
 0
62
  2
 0
LINE
8
default
6
CONTINUOUS
10
  21.618
20
 162.023
30
  17.605
11
  21.620
21
 162.023
31
  17.560
39
 0
62
  2
 0
LINE
8
default
6
CONTINUOUS
10
 -21.620
20
 162.623
30
  17.560
11
  21.620
21
 162.623
31
  17.560
39
 0
62
  2
 0
LINE
8
default
6
CONTINUOUS
10
  21.620
20
 162.623
30
  17.560
11
 -21.620
21
 162.623
31
  17.560
39
 0
62
  2
 0
LINE
8
default
6
CONTINUOUS
10
  21.620
20
 162.623
30
  17.560
11
  21.622
21
 163.223
31
  17.514
39
 0
62
  2
 0
LINE
8
default
6
CONTINUOUS
10
 -21.620
20
 162.623
30
  17.560
11
 -21.622
21
 162.623
31
  17.514
39
 0
62
  2
 0
LINE
8
default
6
CONTINUOUS
10
 -21.620
20
 162.623
30
  17.560
11
 -21.622
21
 163.223
31
  17.514
39
 0
62
  2
 0
LINE
8
default
6
CONTINUOUS
10
  21.620
20
 162.623
30
  17.560
11
  21.622
21
 162.623
31
  17.514
39
 0
62
  2
 0
LINE
8
default
6
CONTINUOUS
10
 -21.622
20
 163.223
30
  17.514
11
  21.622
21
 163.223
31
  17.514
39
 0
62
  2
 0
LINE
8
default
6
CONTINUOUS
10
  21.622
20
 163.223
30
  17.514
11
 -21.622
21
 163.223
31
  17.514
39
 0
62
  2
 0
LINE
8
default
6
CONTINUOUS
10
  21.622
20
 163.223
30
  17.514
11
  21.623
21
 163.823
31
  17.468
39
 0
62
  2
 0
LINE
8
default
6
CONTINUOUS
10
 -21.622
20
 163.223
30
  17.514
11
 -21.623
21
 163.223
31
  17.468
39
 0
62
  2
 0
LINE
8
default
6
CONTINUOUS
10
 -21.622
20
 163.223
30
  17.514
11
 -21.623
21
 163.823
31
  17.468
39
 0
62
  2
 0
LINE
8
default
6
CONTINUOUS
10
  21.622
20
 163.223
30
  17.514
11
  21.623
21
 163.223
31
  17.468
39
 0
62
  2
 0
LINE
8
default
6
CONTINUOUS
10
 -21.623
20
 163.823
30
  17.468
11
  21.623
21
 163.823
31
  17.468
39
 0
62
  2
 0
LINE
8
default
6
CONTINUOUS
10
  21.623
20
 163.823
30
  17.468
11
 -21.623
21
 163.823
31
  17.468
39
 0
62
  2
 0
LINE
8
default
6
CONTINUOUS
10
  21.623
20
 163.823
30
  17.468
11
  21.625
21
 164.423
31
  17.422
39
 0
62
  2
 0
LINE
8
default
6
CONTINUOUS
10
 -21.623
20
 163.823
30
  17.468
11
 -21.625
21
 163.823
31
  17.422
39
 0
62
  2
 0
LINE
8
default
6
CONTINUOUS
10
 -21.623
20
 163.823
30
  17.468
11
 -21.625
21
 164.423
31
  17.422
39
 0
62
  2
 0
LINE
8
default
6
CONTINUOUS
10
  21.623
20
 163.823
30
  17.468
11
  21.625
21
 163.823
31
  17.422
39
 0
62
  2
 0
LINE
8
default
6
CONTINUOUS
10
 -21.625
20
 164.423
30
  17.422
11
  21.625
21
 164.423
31
  17.422
39
 0
62
  2
 0
LINE
8
default
6
CONTINUOUS
10
  21.625
20
 164.423
30
  17.422
11
 -21.625
21
 164.423
31
  17.422
39
 0
62
  2
 0
LINE
8
default
6
CONTINUOUS
10
  21.625
20
 164.423
30
  17.422
11
  21.626
21
 165.023
31
  17.377
39
 0
62
  2
 0
LINE
8
default
6
CONTINUOUS
10
 -21.625
20
 164.423
30
  17.422
11
 -21.626
21
 164.423
31
  17.377
39
 0
62
  2
 0
LINE
8
default
6
CONTINUOUS
10
 -21.625
20
 164.423
30
  17.422
11
 -21.626
21
 165.023
31
  17.377
39
 0
62
  2
 0
LINE
8
default
6
CONTINUOUS
10
  21.625
20
 164.423
30
  17.422
11
  21.626
21
 164.423
31
  17.377
39
 0
62
  2
 0
LINE
8
default
6
CONTINUOUS
10
 -21.626
20
 165.023
30
  17.377
11
  21.626
21
 165.023
31
  17.377
39
 0
62
  2
 0
LINE
8
default
6
CONTINUOUS
10
  21.626
20
 165.023
30
  17.377
11
 -21.626
21
 165.023
31
  17.377
39
 0
62
  2
 0
LINE
8
default
6
CONTINUOUS
10
  21.626
20
 165.023
30
  17.377
11
  21.628
21
 165.623
31
  17.331
39
 0
62
  2
 0
LINE
8
default
6
CONTINUOUS
10
 -21.626
20
 165.023
30
  17.377
11
 -21.628
21
 165.023
31
  17.331
39
 0
62
  2
 0
LINE
8
default
6
CONTINUOUS
10
 -21.626
20
 165.023
30
  17.377
11
 -21.628
21
 165.623
31
  17.331
39
 0
62
  2
 0
LINE
8
default
6
CONTINUOUS
10
  21.626
20
 165.023
30
  17.377
11
  21.628
21
 165.023
31
  17.331
39
 0
62
  2
 0
LINE
8
default
6
CONTINUOUS
10
 -21.628
20
 165.623
30
  17.331
11
  21.628
21
 165.623
31
  17.331
39
 0
62
  2
 0
LINE
8
default
6
CONTINUOUS
10
  21.628
20
 165.623
30
  17.331
11
 -21.628
21
 165.623
31
  17.331
39
 0
62
  2
 0
LINE
8
default
6
CONTINUOUS
10
  21.628
20
 165.623
30
  17.331
11
  21.629
21
 166.223
31
  17.285
39
 0
62
  2
 0
LINE
8
default
6
CONTINUOUS
10
 -21.628
20
 165.623
30
  17.331
11
 -21.629
21
 165.623
31
  17.285
39
 0
62
  2
 0
LINE
8
default
6
CONTINUOUS
10
 -21.628
20
 165.623
30
  17.331
11
 -21.629
21
 166.223
31
  17.285
39
 0
62
  2
 0
LINE
8
default
6
CONTINUOUS
10
  21.628
20
 165.623
30
  17.331
11
  21.629
21
 165.623
31
  17.285
39
 0
62
  2
 0
LINE
8
default
6
CONTINUOUS
10
 -21.629
20
 166.223
30
  17.285
11
  21.629
21
 166.223
31
  17.285
39
 0
62
  2
 0
LINE
8
default
6
CONTINUOUS
10
  21.629
20
 166.223
30
  17.285
11
 -21.629
21
 166.223
31
  17.285
39
 0
62
  2
 0
LINE
8
default
6
CONTINUOUS
10
  21.629
20
 166.223
30
  17.285
11
  21.631
21
 166.823
31
  17.240
39
 0
62
  2
 0
LINE
8
default
6
CONTINUOUS
10
 -21.629
20
 166.223
30
  17.285
11
 -21.631
21
 166.223
31
  17.240
39
 0
62
  2
 0
LINE
8
default
6
CONTINUOUS
10
 -21.629
20
 166.223
30
  17.285
11
 -21.631
21
 166.823
31
  17.240
39
 0
62
  2
 0
LINE
8
default
6
CONTINUOUS
10
  21.629
20
 166.223
30
  17.285
11
  21.631
21
 166.223
31
  17.240
39
 0
62
  2
 0
LINE
8
default
6
CONTINUOUS
10
 -21.631
20
 166.823
30
  17.240
11
  21.631
21
 166.823
31
  17.240
39
 0
62
  2
 0
LINE
8
default
6
CONTINUOUS
10
  21.631
20
 166.823
30
  17.240
11
 -21.631
21
 166.823
31
  17.240
39
 0
62
  2
 0
LINE
8
default
6
CONTINUOUS
10
 -21.844
20
 227.578
30
  10.984
11
  21.844
21
 227.578
31
  10.984
39
 0
62
  2
 0
LINE
8
default
6
CONTINUOUS
10
  21.844
20
 227.578
30
  10.984
11
 -21.844
21
 227.578
31
  10.984
39
 0
62
  2
 0
LINE
8
default
6
CONTINUOUS
10
  21.844
20
 227.578
30
  10.984
11
  21.846
21
 228.178
31
  10.908
39
 0
62
  2
 0
LINE
8
default
6
CONTINUOUS
10
 -21.844
20
 227.578
30
  10.984
11
 -21.846
21
 227.578
31
  10.908
39
 0
62
  2
 0
LINE
8
default
6
CONTINUOUS
10
 -21.844
20
 227.578
30
  10.984
11
 -21.846
21
 228.178
31
  10.908
39
 0
62
  2
 0
LINE
8
default
6
CONTINUOUS
10
  21.844
20
 227.578
30
  10.984
11
  21.846
21
 227.578
31
  10.908
39
 0
62
  2
 0
LINE
8
default
6
CONTINUOUS
10
 -21.846
20
 228.178
30
  10.908
11
  21.846
21
 228.178
31
  10.908
39
 0
62
  2
 0
LINE
8
default
6
CONTINUOUS
10
  21.846
20
 228.178
30
  10.908
11
 -21.846
21
 228.178
31
  10.908
39
 0
62
  2
 0
LINE
8
default
6
CONTINUOUS
10
  21.846
20
 228.178
30
  10.908
11
  21.849
21
 228.778
31
  10.833
39
 0
62
  2
 0
LINE
8
default
6
CONTINUOUS
10
 -21.846
20
 228.178
30
  10.908
11
 -21.849
21
 228.178
31
  10.833
39
 0
62
  2
 0
LINE
8
default
6
CONTINUOUS
10
 -21.846
20
 228.178
30
  10.908
11
 -21.849
21
 228.778
31
  10.833
39
 0
62
  2
 0
LINE
8
default
6
CONTINUOUS
10
  21.846
20
 228.178
30
  10.908
11
  21.849
21
 228.178
31
  10.833
39
 0
62
  2
 0
LINE
8
default
6
CONTINUOUS
10
 -21.849
20
 228.778
30
  10.833
11
  21.849
21
 228.778
31
  10.833
39
 0
62
  2
 0
LINE
8
default
6
CONTINUOUS
10
  21.849
20
 228.778
30
  10.833
11
 -21.849
21
 228.778
31
  10.833
39
 0
62
  2
 0
LINE
8
default
6
CONTINUOUS
10
  21.849
20
 228.778
30
  10.833
11
  21.852
21
 229.378
31
  10.757
39
 0
62
  2
 0
LINE
8
default
6
CONTINUOUS
10
 -21.849
20
 228.778
30
  10.833
11
 -21.852
21
 228.778
31
  10.757
39
 0
62
  2
 0
LINE
8
default
6
CONTINUOUS
10
 -21.849
20
 228.778
30
  10.833
11
 -21.852
21
 229.378
31
  10.757
39
 0
62
  2
 0
LINE
8
default
6
CONTINUOUS
10
  21.849
20
 228.778
30
  10.833
11
  21.852
21
 228.778
31
  10.757
39
 0
62
  2
 0
LINE
8
default
6
CONTINUOUS
10
 -21.852
20
 229.378
30
  10.757
11
  21.852
21
 229.378
31
  10.757
39
 0
62
  2
 0
LINE
8
default
6
CONTINUOUS
10
  21.852
20
 229.378
30
  10.757
11
 -21.852
21
 229.378
31
  10.757
39
 0
62
  2
 0
LINE
8
default
6
CONTINUOUS
10
  21.852
20
 229.378
30
  10.757
11
  21.854
21
 229.978
31
  10.681
39
 0
62
  2
 0
LINE
8
default
6
CONTINUOUS
10
 -21.852
20
 229.378
30
  10.757
11
 -21.854
21
 229.378
31
  10.681
39
 0
62
  2
 0
LINE
8
default
6
CONTINUOUS
10
 -21.852
20
 229.378
30
  10.757
11
 -21.854
21
 229.978
31
  10.681
39
 0
62
  2
 0
LINE
8
default
6
CONTINUOUS
10
  21.852
20
 229.378
30
  10.757
11
  21.854
21
 229.378
31
  10.681
39
 0
62
  2
 0
LINE
8
default
6
CONTINUOUS
10
 -21.854
20
 229.978
30
  10.681
11
  21.854
21
 229.978
31
  10.681
39
 0
62
  2
 0
LINE
8
default
6
CONTINUOUS
10
  21.854
20
 229.978
30
  10.681
11
 -21.854
21
 229.978
31
  10.681
39
 0
62
  2
 0
LINE
8
default
6
CONTINUOUS
10
  21.854
20
 229.978
30
  10.681
11
  21.857
21
 230.578
31
  10.606
39
 0
62
  2
 0
LINE
8
default
6
CONTINUOUS
10
 -21.854
20
 229.978
30
  10.681
11
 -21.857
21
 229.978
31
  10.606
39
 0
62
  2
 0
LINE
8
default
6
CONTINUOUS
10
 -21.854
20
 229.978
30
  10.681
11
 -21.857
21
 230.578
31
  10.606
39
 0
62
  2
 0
LINE
8
default
6
CONTINUOUS
10
  21.854
20
 229.978
30
  10.681
11
  21.857
21
 229.978
31
  10.606
39
 0
62
  2
 0
LINE
8
default
6
CONTINUOUS
10
 -21.857
20
 230.578
30
  10.606
11
  21.857
21
 230.578
31
  10.606
39
 0
62
  2
 0
LINE
8
default
6
CONTINUOUS
10
  21.857
20
 230.578
30
  10.606
11
 -21.857
21
 230.578
31
  10.606
39
 0
62
  2
 0
LINE
8
default
6
CONTINUOUS
10
  21.857
20
 230.578
30
  10.606
11
  21.859
21
 231.178
31
  10.530
39
 0
62
  2
 0
LINE
8
default
6
CONTINUOUS
10
 -21.857
20
 230.578
30
  10.606
11
 -21.859
21
 230.578
31
  10.530
39
 0
62
  2
 0
LINE
8
default
6
CONTINUOUS
10
 -21.857
20
 230.578
30
  10.606
11
 -21.859
21
 231.178
31
  10.530
39
 0
62
  2
 0
LINE
8
default
6
CONTINUOUS
10
  21.857
20
 230.578
30
  10.606
11
  21.859
21
 230.578
31
  10.530
39
 0
62
  2
 0
LINE
8
default
6
CONTINUOUS
10
 -21.859
20
 231.178
30
  10.530
11
  21.859
21
 231.178
31
  10.530
39
 0
62
  2
 0
LINE
8
default
6
CONTINUOUS
10
  21.859
20
 231.178
30
  10.530
11
 -21.859
21
 231.178
31
  10.530
39
 0
62
  2
 0
LINE
8
default
6
CONTINUOUS
10
  21.859
20
 231.178
30
  10.530
11
  21.862
21
 231.778
31
  10.455
39
 0
62
  2
 0
LINE
8
default
6
CONTINUOUS
10
 -21.859
20
 231.178
30
  10.530
11
 -21.862
21
 231.178
31
  10.455
39
 0
62
  2
 0
LINE
8
default
6
CONTINUOUS
10
 -21.859
20
 231.178
30
  10.530
11
 -21.862
21
 231.778
31
  10.455
39
 0
62
  2
 0
LINE
8
default
6
CONTINUOUS
10
  21.859
20
 231.178
30
  10.530
11
  21.862
21
 231.178
31
  10.455
39
 0
62
  2
 0
LINE
8
default
6
CONTINUOUS
10
 -21.862
20
 231.778
30
  10.455
11
  21.862
21
 231.778
31
  10.455
39
 0
62
  2
 0
LINE
8
default
6
CONTINUOUS
10
  21.862
20
 231.778
30
  10.455
11
 -21.862
21
 231.778
31
  10.455
39
 0
62
  2
 0
LINE
8
default
6
CONTINUOUS
10
  21.862
20
 231.778
30
  10.455
11
  21.864
21
 232.378
31
  10.379
39
 0
62
  2
 0
LINE
8
default
6
CONTINUOUS
10
 -21.862
20
 231.778
30
  10.455
11
 -21.864
21
 231.778
31
  10.379
39
 0
62
  2
 0
LINE
8
default
6
CONTINUOUS
10
 -21.862
20
 231.778
30
  10.455
11
 -21.864
21
 232.378
31
  10.379
39
 0
62
  2
 0
LINE
8
default
6
CONTINUOUS
10
  21.862
20
 231.778
30
  10.455
11
  21.864
21
 231.778
31
  10.379
39
 0
62
  2
 0
LINE
8
default
6
CONTINUOUS
10
 -21.864
20
 232.378
30
  10.379
11
  21.864
21
 232.378
31
  10.379
39
 0
62
  2
 0
LINE
8
default
6
CONTINUOUS
10
  21.864
20
 232.378
30
  10.379
11
 -21.864
21
 232.378
31
  10.379
39
 0
62
  2
 0
LINE
8
default
6
CONTINUOUS
10
  21.864
20
 232.378
30
  10.379
11
  21.867
21
 232.978
31
  10.303
39
 0
62
  2
 0
LINE
8
default
6
CONTINUOUS
10
 -21.864
20
 232.378
30
  10.379
11
 -21.867
21
 232.378
31
  10.303
39
 0
62
  2
 0
LINE
8
default
6
CONTINUOUS
10
 -21.864
20
 232.378
30
  10.379
11
 -21.867
21
 232.978
31
  10.303
39
 0
62
  2
 0
LINE
8
default
6
CONTINUOUS
10
  21.864
20
 232.378
30
  10.379
11
  21.867
21
 232.378
31
  10.303
39
 0
62
  2
 0
LINE
8
default
6
CONTINUOUS
10
 -21.867
20
 232.978
30
  10.303
11
  21.867
21
 232.978
31
  10.303
39
 0
62
  2
 0
LINE
8
default
6
CONTINUOUS
10
  21.867
20
 232.978
30
  10.303
11
 -21.867
21
 232.978
31
  10.303
39
 0
62
  2
 0
LINE
8
default
6
CONTINUOUS
10
  21.867
20
 232.978
30
  10.303
11
  21.870
21
 233.578
31
  10.226
39
 0
62
  2
 0
LINE
8
default
6
CONTINUOUS
10
 -21.867
20
 232.978
30
  10.303
11
 -21.870
21
 232.978
31
  10.226
39
 0
62
  2
 0
LINE
8
default
6
CONTINUOUS
10
 -21.867
20
 232.978
30
  10.303
11
 -21.870
21
 233.578
31
  10.226
39
 0
62
  2
 0
LINE
8
default
6
CONTINUOUS
10
  21.867
20
 232.978
30
  10.303
11
  21.870
21
 232.978
31
  10.226
39
 0
62
  2
 0
LINE
8
default
6
CONTINUOUS
10
 -21.870
20
 233.578
30
  10.226
11
  21.870
21
 233.578
31
  10.226
39
 0
62
  2
 0
LINE
8
default
6
CONTINUOUS
10
  21.870
20
 233.578
30
  10.226
11
 -21.870
21
 233.578
31
  10.226
39
 0
62
  2
 0
LINE
8
default
6
CONTINUOUS
10
  21.870
20
 233.578
30
  10.226
11
  21.872
21
 234.178
31
  10.148
39
 0
62
  2
 0
LINE
8
default
6
CONTINUOUS
10
 -21.870
20
 233.578
30
  10.226
11
 -21.872
21
 233.578
31
  10.148
39
 0
62
  2
 0
LINE
8
default
6
CONTINUOUS
10
 -21.870
20
 233.578
30
  10.226
11
 -21.872
21
 234.178
31
  10.148
39
 0
62
  2
 0
LINE
8
default
6
CONTINUOUS
10
  21.870
20
 233.578
30
  10.226
11
  21.872
21
 233.578
31
  10.148
39
 0
62
  2
 0
LINE
8
default
6
CONTINUOUS
10
 -21.872
20
 234.178
30
  10.148
11
  21.872
21
 234.178
31
  10.148
39
 0
62
  2
 0
LINE
8
default
6
CONTINUOUS
10
  21.872
20
 234.178
30
  10.148
11
 -21.872
21
 234.178
31
  10.148
39
 0
62
  2
 0
LINE
8
default
6
CONTINUOUS
10
  21.872
20
 234.178
30
  10.148
11
  21.875
21
 234.778
31
  10.070
39
 0
62
  2
 0
LINE
8
default
6
CONTINUOUS
10
 -21.872
20
 234.178
30
  10.148
11
 -21.875
21
 234.178
31
  10.070
39
 0
62
  2
 0
LINE
8
default
6
CONTINUOUS
10
 -21.872
20
 234.178
30
  10.148
11
 -21.875
21
 234.778
31
  10.070
39
 0
62
  2
 0
LINE
8
default
6
CONTINUOUS
10
  21.872
20
 234.178
30
  10.148
11
  21.875
21
 234.178
31
  10.070
39
 0
62
  2
 0
LINE
8
default
6
CONTINUOUS
10
 -21.875
20
 234.778
30
  10.070
11
  21.875
21
 234.778
31
  10.070
39
 0
62
  2
 0
LINE
8
default
6
CONTINUOUS
10
  21.875
20
 234.778
30
  10.070
11
 -21.875
21
 234.778
31
  10.070
39
 0
62
  2
 0
LINE
8
default
6
CONTINUOUS
10
  21.875
20
 234.778
30
  10.070
11
  21.878
21
 235.378
31
   9.991
39
 0
62
  2
 0
LINE
8
default
6
CONTINUOUS
10
 -21.875
20
 234.778
30
  10.070
11
 -21.878
21
 234.778
31
   9.991
39
 0
62
  2
 0
LINE
8
default
6
CONTINUOUS
10
 -21.875
20
 234.778
30
  10.070
11
 -21.878
21
 235.378
31
   9.991
39
 0
62
  2
 0
LINE
8
default
6
CONTINUOUS
10
  21.875
20
 234.778
30
  10.070
11
  21.878
21
 234.778
31
   9.991
39
 0
62
  2
 0
LINE
8
default
6
CONTINUOUS
10
 -21.878
20
 235.378
30
   9.991
11
  21.878
21
 235.378
31
   9.991
39
 0
62
  2
 0
LINE
8
default
6
CONTINUOUS
10
  21.878
20
 235.378
30
   9.991
11
 -21.878
21
 235.378
31
   9.991
39
 0
62
  2
 0
LINE
8
default
6
CONTINUOUS
10
  21.878
20
 235.378
30
   9.991
11
  21.880
21
 235.978
31
   9.913
39
 0
62
  2
 0
LINE
8
default
6
CONTINUOUS
10
 -21.878
20
 235.378
30
   9.991
11
 -21.880
21
 235.378
31
   9.913
39
 0
62
  2
 0
LINE
8
default
6
CONTINUOUS
10
 -21.878
20
 235.378
30
   9.991
11
 -21.880
21
 235.978
31
   9.913
39
 0
62
  2
 0
LINE
8
default
6
CONTINUOUS
10
  21.878
20
 235.378
30
   9.991
11
  21.880
21
 235.378
31
   9.913
39
 0
62
  2
 0
LINE
8
default
6
CONTINUOUS
10
 -21.880
20
 235.978
30
   9.913
11
  21.880
21
 235.978
31
   9.913
39
 0
62
  2
 0
LINE
8
default
6
CONTINUOUS
10
  21.880
20
 235.978
30
   9.913
11
 -21.880
21
 235.978
31
   9.913
39
 0
62
  2
 0
LINE
8
default
6
CONTINUOUS
10
  21.880
20
 235.978
30
   9.913
11
  21.883
21
 236.578
31
   9.834
39
 0
62
  2
 0
LINE
8
default
6
CONTINUOUS
10
 -21.880
20
 235.978
30
   9.913
11
 -21.883
21
 235.978
31
   9.834
39
 0
62
  2
 0
LINE
8
default
6
CONTINUOUS
10
 -21.880
20
 235.978
30
   9.913
11
 -21.883
21
 236.578
31
   9.834
39
 0
62
  2
 0
LINE
8
default
6
CONTINUOUS
10
  21.880
20
 235.978
30
   9.913
11
  21.883
21
 235.978
31
   9.834
39
 0
62
  2
 0
LINE
8
default
6
CONTINUOUS
10
 -21.883
20
 236.578
30
   9.834
11
  21.883
21
 236.578
31
   9.834
39
 0
62
  2
 0
LINE
8
default
6
CONTINUOUS
10
  21.883
20
 236.578
30
   9.834
11
 -21.883
21
 236.578
31
   9.834
39
 0
62
  2
 0
LINE
8
default
6
CONTINUOUS
10
  21.883
20
 236.578
30
   9.834
11
  21.886
21
 237.178
31
   9.756
39
 0
62
  2
 0
LINE
8
default
6
CONTINUOUS
10
 -21.883
20
 236.578
30
   9.834
11
 -21.886
21
 236.578
31
   9.756
39
 0
62
  2
 0
LINE
8
default
6
CONTINUOUS
10
 -21.883
20
 236.578
30
   9.834
11
 -21.886
21
 237.178
31
   9.756
39
 0
62
  2
 0
LINE
8
default
6
CONTINUOUS
10
  21.883
20
 236.578
30
   9.834
11
  21.886
21
 236.578
31
   9.756
39
 0
62
  2
 0
LINE
8
default
6
CONTINUOUS
10
 -21.886
20
 237.178
30
   9.756
11
  21.886
21
 237.178
31
   9.756
39
 0
62
  2
 0
LINE
8
default
6
CONTINUOUS
10
  21.886
20
 237.178
30
   9.756
11
 -21.886
21
 237.178
31
   9.756
39
 0
62
  2
 0
LINE
8
default
6
CONTINUOUS
10
  21.886
20
 237.178
30
   9.756
11
  21.888
21
 237.778
31
   9.678
39
 0
62
  2
 0
LINE
8
default
6
CONTINUOUS
10
 -21.886
20
 237.178
30
   9.756
11
 -21.888
21
 237.178
31
   9.678
39
 0
62
  2
 0
LINE
8
default
6
CONTINUOUS
10
 -21.886
20
 237.178
30
   9.756
11
 -21.888
21
 237.778
31
   9.678
39
 0
62
  2
 0
LINE
8
default
6
CONTINUOUS
10
  21.886
20
 237.178
30
   9.756
11
  21.888
21
 237.178
31
   9.678
39
 0
62
  2
 0
LINE
8
default
6
CONTINUOUS
10
 -21.888
20
 237.778
30
   9.678
11
  21.888
21
 237.778
31
   9.678
39
 0
62
  2
 0
LINE
8
default
6
CONTINUOUS
10
  21.888
20
 237.778
30
   9.678
11
 -21.888
21
 237.778
31
   9.678
39
 0
62
  2
 0
LINE
8
default
6
CONTINUOUS
10
  21.888
20
 237.778
30
   9.678
11
  21.891
21
 238.378
31
   9.599
39
 0
62
  2
 0
LINE
8
default
6
CONTINUOUS
10
 -21.888
20
 237.778
30
   9.678
11
 -21.891
21
 237.778
31
   9.599
39
 0
62
  2
 0
LINE
8
default
6
CONTINUOUS
10
 -21.888
20
 237.778
30
   9.678
11
 -21.891
21
 238.378
31
   9.599
39
 0
62
  2
 0
LINE
8
default
6
CONTINUOUS
10
  21.888
20
 237.778
30
   9.678
11
  21.891
21
 237.778
31
   9.599
39
 0
62
  2
 0
LINE
8
default
6
CONTINUOUS
10
 -21.891
20
 238.378
30
   9.599
11
  21.891
21
 238.378
31
   9.599
39
 0
62
  2
 0
LINE
8
default
6
CONTINUOUS
10
  21.891
20
 238.378
30
   9.599
11
 -21.891
21
 238.378
31
   9.599
39
 0
62
  2
 0
LINE
8
default
6
CONTINUOUS
10
  21.891
20
 238.378
30
   9.599
11
  21.894
21
 238.978
31
   9.521
39
 0
62
  2
 0
LINE
8
default
6
CONTINUOUS
10
 -21.891
20
 238.378
30
   9.599
11
 -21.894
21
 238.378
31
   9.521
39
 0
62
  2
 0
LINE
8
default
6
CONTINUOUS
10
 -21.891
20
 238.378
30
   9.599
11
 -21.894
21
 238.978
31
   9.521
39
 0
62
  2
 0
LINE
8
default
6
CONTINUOUS
10
  21.891
20
 238.378
30
   9.599
11
  21.894
21
 238.378
31
   9.521
39
 0
62
  2
 0
LINE
8
default
6
CONTINUOUS
10
 -21.894
20
 238.978
30
   9.521
11
  21.894
21
 238.978
31
   9.521
39
 0
62
  2
 0
LINE
8
default
6
CONTINUOUS
10
  21.894
20
 238.978
30
   9.521
11
 -21.894
21
 238.978
31
   9.521
39
 0
62
  2
 0
LINE
8
default
6
CONTINUOUS
10
  21.894
20
 238.978
30
   9.521
11
  21.896
21
 239.578
31
   9.443
39
 0
62
  2
 0
LINE
8
default
6
CONTINUOUS
10
 -21.894
20
 238.978
30
   9.521
11
 -21.896
21
 238.978
31
   9.443
39
 0
62
  2
 0
LINE
8
default
6
CONTINUOUS
10
 -21.894
20
 238.978
30
   9.521
11
 -21.896
21
 239.578
31
   9.443
39
 0
62
  2
 0
LINE
8
default
6
CONTINUOUS
10
  21.894
20
 238.978
30
   9.521
11
  21.896
21
 238.978
31
   9.443
39
 0
62
  2
 0
LINE
8
default
6
CONTINUOUS
10
 -21.896
20
 239.578
30
   9.443
11
  21.896
21
 239.578
31
   9.443
39
 0
62
  2
 0
LINE
8
default
6
CONTINUOUS
10
  21.896
20
 239.578
30
   9.443
11
 -21.896
21
 239.578
31
   9.443
39
 0
62
  2
 0
LINE
8
default
6
CONTINUOUS
10
-149.308
20
  26.157
30
  29.762
11
-107.664
21
  23.048
31
  21.374
39
 0
62
  2
 0
LINE
8
default
6
CONTINUOUS
10
 149.308
20
  26.157
30
  29.762
11
 107.664
21
  23.048
31
  21.374
39
 0
62
  2
 0
LINE
8
default
6
CONTINUOUS
10
-107.664
20
  23.048
30
  21.374
11
-107.640
21
  23.648
31
  21.509
39
 0
62
  2
 0
LINE
8
default
6
CONTINUOUS
10
-149.308
20
  26.157
30
  29.762
11
-149.275
21
  26.157
31
  29.897
39
 0
62
  2
 0
LINE
8
default
6
CONTINUOUS
10
 107.664
20
  23.048
30
  21.374
11
 107.640
21
  23.648
31
  21.509
39
 0
62
  2
 0
LINE
8
default
6
CONTINUOUS
10
 149.308
20
  26.157
30
  29.762
11
 149.275
21
  26.157
31
  29.897
39
 0
62
  2
 0
LINE
8
default
6
CONTINUOUS
10
-149.275
20
  26.756
30
  29.897
11
-107.640
21
  23.648
31
  21.509
39
 0
62
  2
 0
LINE
8
default
6
CONTINUOUS
10
 149.275
20
  26.756
30
  29.897
11
 107.640
21
  23.648
31
  21.509
39
 0
62
  2
 0
LINE
8
default
6
CONTINUOUS
10
-107.640
20
  23.648
30
  21.509
11
-107.616
21
  24.248
31
  21.645
39
 0
62
  2
 0
LINE
8
default
6
CONTINUOUS
10
-149.275
20
  26.756
30
  29.897
11
-149.242
21
  26.756
31
  30.031
39
 0
62
  2
 0
LINE
8
default
6
CONTINUOUS
10
 107.640
20
  23.648
30
  21.509
11
 107.616
21
  24.248
31
  21.645
39
 0
62
  2
 0
LINE
8
default
6
CONTINUOUS
10
 149.275
20
  26.756
30
  29.897
11
 149.242
21
  26.756
31
  30.031
39
 0
62
  2
 0
LINE
8
default
6
CONTINUOUS
10
-149.242
20
  27.356
30
  30.031
11
-107.616
21
  24.248
31
  21.645
39
 0
62
  2
 0
LINE
8
default
6
CONTINUOUS
10
 149.242
20
  27.356
30
  30.031
11
 107.616
21
  24.248
31
  21.645
39
 0
62
  2
 0
LINE
8
default
6
CONTINUOUS
10
-107.616
20
  24.248
30
  21.645
11
-107.593
21
  24.848
31
  21.780
39
 0
62
  2
 0
LINE
8
default
6
CONTINUOUS
10
-149.242
20
  27.356
30
  30.031
11
-149.208
21
  27.356
31
  30.165
39
 0
62
  2
 0
LINE
8
default
6
CONTINUOUS
10
 107.616
20
  24.248
30
  21.645
11
 107.593
21
  24.848
31
  21.780
39
 0
62
  2
 0
LINE
8
default
6
CONTINUOUS
10
 149.242
20
  27.356
30
  30.031
11
 149.208
21
  27.356
31
  30.165
39
 0
62
  2
 0
LINE
8
default
6
CONTINUOUS
10
-149.208
20
  27.955
30
  30.165
11
-107.593
21
  24.848
31
  21.780
39
 0
62
  2
 0
LINE
8
default
6
CONTINUOUS
10
 149.208
20
  27.955
30
  30.165
11
 107.593
21
  24.848
31
  21.780
39
 0
62
  2
 0
LINE
8
default
6
CONTINUOUS
10
-107.593
20
  24.848
30
  21.780
11
-107.571
21
  25.448
31
  21.904
39
 0
62
  2
 0
LINE
8
default
6
CONTINUOUS
10
-149.208
20
  27.955
30
  30.165
11
-149.178
21
  27.955
31
  30.290
39
 0
62
  2
 0
LINE
8
default
6
CONTINUOUS
10
 107.593
20
  24.848
30
  21.780
11
 107.571
21
  25.448
31
  21.904
39
 0
62
  2
 0
LINE
8
default
6
CONTINUOUS
10
 149.208
20
  27.955
30
  30.165
11
 149.178
21
  27.955
31
  30.290
39
 0
62
  2
 0
LINE
8
default
6
CONTINUOUS
10
-149.178
20
  28.555
30
  30.290
11
-107.571
21
  25.448
31
  21.904
39
 0
62
  2
 0
LINE
8
default
6
CONTINUOUS
10
 149.178
20
  28.555
30
  30.290
11
 107.571
21
  25.448
31
  21.904
39
 0
62
  2
 0
LINE
8
default
6
CONTINUOUS
10
-107.571
20
  25.448
30
  21.904
11
-107.549
21
  26.047
31
  22.027
39
 0
62
  2
 0
LINE
8
default
6
CONTINUOUS
10
-149.178
20
  28.555
30
  30.290
11
-149.148
21
  28.555
31
  30.412
39
 0
62
  2
 0
LINE
8
default
6
CONTINUOUS
10
 107.571
20
  25.448
30
  21.904
11
 107.549
21
  26.047
31
  22.027
39
 0
62
  2
 0
LINE
8
default
6
CONTINUOUS
10
 149.178
20
  28.555
30
  30.290
11
 149.148
21
  28.555
31
  30.412
39
 0
62
  2
 0
LINE
8
default
6
CONTINUOUS
10
-149.148
20
  29.155
30
  30.412
11
-107.549
21
  26.047
31
  22.027
39
 0
62
  2
 0
LINE
8
default
6
CONTINUOUS
10
 149.148
20
  29.155
30
  30.412
11
 107.549
21
  26.047
31
  22.027
39
 0
62
  2
 0
LINE
8
default
6
CONTINUOUS
10
-107.549
20
  26.047
30
  22.027
11
-107.528
21
  26.647
31
  22.149
39
 0
62
  2
 0
LINE
8
default
6
CONTINUOUS
10
-149.148
20
  29.155
30
  30.412
11
-149.117
21
  29.155
31
  30.533
39
 0
62
  2
 0
LINE
8
default
6
CONTINUOUS
10
 107.549
20
  26.047
30
  22.027
11
 107.528
21
  26.647
31
  22.149
39
 0
62
  2
 0
LINE
8
default
6
CONTINUOUS
10
 149.148
20
  29.155
30
  30.412
11
 149.117
21
  29.155
31
  30.533
39
 0
62
  2
 0
LINE
8
default
6
CONTINUOUS
10
-149.117
20
  29.754
30
  30.533
11
-107.528
21
  26.647
31
  22.149
39
 0
62
  2
 0
LINE
8
default
6
CONTINUOUS
10
 149.117
20
  29.754
30
  30.533
11
 107.528
21
  26.647
31
  22.149
39
 0
62
  2
 0
LINE
8
default
6
CONTINUOUS
10
-107.528
20
  26.647
30
  22.149
11
-107.506
21
  27.247
31
  22.272
39
 0
62
  2
 0
LINE
8
default
6
CONTINUOUS
10
-149.117
20
  29.754
30
  30.533
11
-149.087
21
  29.754
31
  30.655
39
 0
62
  2
 0
LINE
8
default
6
CONTINUOUS
10
 107.528
20
  26.647
30
  22.149
11
 107.506
21
  27.247
31
  22.272
39
 0
62
  2
 0
LINE
8
default
6
CONTINUOUS
10
 149.117
20
  29.754
30
  30.533
11
 149.087
21
  29.754
31
  30.655
39
 0
62
  2
 0
LINE
8
default
6
CONTINUOUS
10
-149.087
20
  30.354
30
  30.655
11
-107.506
21
  27.247
31
  22.272
39
 0
62
  2
 0
LINE
8
default
6
CONTINUOUS
10
 149.087
20
  30.354
30
  30.655
11
 107.506
21
  27.247
31
  22.272
39
 0
62
  2
 0
LINE
8
default
6
CONTINUOUS
10
-107.506
20
  27.247
30
  22.272
11
-107.485
21
  27.847
31
  22.395
39
 0
62
  2
 0
LINE
8
default
6
CONTINUOUS
10
-149.087
20
  30.354
30
  30.655
11
-149.057
21
  30.354
31
  30.777
39
 0
62
  2
 0
LINE
8
default
6
CONTINUOUS
10
 107.506
20
  27.247
30
  22.272
11
 107.485
21
  27.847
31
  22.395
39
 0
62
  2
 0
LINE
8
default
6
CONTINUOUS
10
 149.087
20
  30.354
30
  30.655
11
 149.057
21
  30.354
31
  30.777
39
 0
62
  2
 0
LINE
8
default
6
CONTINUOUS
10
-149.057
20
  30.954
30
  30.777
11
-107.485
21
  27.847
31
  22.395
39
 0
62
  2
 0
LINE
8
default
6
CONTINUOUS
10
 149.057
20
  30.954
30
  30.777
11
 107.485
21
  27.847
31
  22.395
39
 0
62
  2
 0
LINE
8
default
6
CONTINUOUS
10
-107.485
20
  27.847
30
  22.395
11
-107.464
21
  28.447
31
  22.513
39
 0
62
  2
 0
LINE
8
default
6
CONTINUOUS
10
-149.057
20
  30.954
30
  30.777
11
-149.028
21
  30.954
31
  30.895
39
 0
62
  2
 0
LINE
8
default
6
CONTINUOUS
10
 107.485
20
  27.847
30
  22.395
11
 107.464
21
  28.447
31
  22.513
39
 0
62
  2
 0
LINE
8
default
6
CONTINUOUS
10
 149.057
20
  30.954
30
  30.777
11
 149.028
21
  30.954
31
  30.895
39
 0
62
  2
 0
LINE
8
default
6
CONTINUOUS
10
-149.028
20
  31.553
30
  30.895
11
-107.464
21
  28.447
31
  22.513
39
 0
62
  2
 0
LINE
8
default
6
CONTINUOUS
10
 149.028
20
  31.553
30
  30.895
11
 107.464
21
  28.447
31
  22.513
39
 0
62
  2
 0
LINE
8
default
6
CONTINUOUS
10
-107.464
20
  28.447
30
  22.513
11
-107.444
21
  29.047
31
  22.624
39
 0
62
  2
 0
LINE
8
default
6
CONTINUOUS
10
-149.028
20
  31.553
30
  30.895
11
-149.001
21
  31.553
31
  31.005
39
 0
62
  2
 0
LINE
8
default
6
CONTINUOUS
10
 107.464
20
  28.447
30
  22.513
11
 107.444
21
  29.047
31
  22.624
39
 0
62
  2
 0
LINE
8
default
6
CONTINUOUS
10
 149.028
20
  31.553
30
  30.895
11
 149.001
21
  31.553
31
  31.005
39
 0
62
  2
 0
LINE
8
default
6
CONTINUOUS
10
-149.001
20
  32.153
30
  31.005
11
-107.444
21
  29.047
31
  22.624
39
 0
62
  2
 0
LINE
8
default
6
CONTINUOUS
10
 149.001
20
  32.153
30
  31.005
11
 107.444
21
  29.047
31
  22.624
39
 0
62
  2
 0
LINE
8
default
6
CONTINUOUS
10
-107.444
20
  29.047
30
  22.624
11
-107.425
21
  29.646
31
  22.734
39
 0
62
  2
 0
LINE
8
default
6
CONTINUOUS
10
-149.001
20
  32.153
30
  31.005
11
-148.974
21
  32.153
31
  31.115
39
 0
62
  2
 0
LINE
8
default
6
CONTINUOUS
10
 107.444
20
  29.047
30
  22.624
11
 107.425
21
  29.646
31
  22.734
39
 0
62
  2
 0
LINE
8
default
6
CONTINUOUS
10
 149.001
20
  32.153
30
  31.005
11
 148.974
21
  32.153
31
  31.115
39
 0
62
  2
 0
LINE
8
default
6
CONTINUOUS
10
-148.974
20
  32.753
30
  31.115
11
-107.425
21
  29.646
31
  22.734
39
 0
62
  2
 0
LINE
8
default
6
CONTINUOUS
10
 148.974
20
  32.753
30
  31.115
11
 107.425
21
  29.646
31
  22.734
39
 0
62
  2
 0
LINE
8
default
6
CONTINUOUS
10
-107.425
20
  29.646
30
  22.734
11
-107.405
21
  30.246
31
  22.845
39
 0
62
  2
 0
LINE
8
default
6
CONTINUOUS
10
-148.974
20
  32.753
30
  31.115
11
-148.947
21
  32.753
31
  31.225
39
 0
62
  2
 0
LINE
8
default
6
CONTINUOUS
10
 107.425
20
  29.646
30
  22.734
11
 107.405
21
  30.246
31
  22.845
39
 0
62
  2
 0
LINE
8
default
6
CONTINUOUS
10
 148.974
20
  32.753
30
  31.115
11
 148.947
21
  32.753
31
  31.225
39
 0
62
  2
 0
LINE
8
default
6
CONTINUOUS
10
-148.947
20
  33.352
30
  31.225
11
-107.405
21
  30.246
31
  22.845
39
 0
62
  2
 0
LINE
8
default
6
CONTINUOUS
10
 148.947
20
  33.352
30
  31.225
11
 107.405
21
  30.246
31
  22.845
39
 0
62
  2
 0
LINE
8
default
6
CONTINUOUS
10
-107.405
20
  30.246
30
  22.845
11
-107.386
21
  30.846
31
  22.956
39
 0
62
  2
 0
LINE
8
default
6
CONTINUOUS
10
-148.947
20
  33.352
30
  31.225
11
-148.920
21
  33.352
31
  31.335
39
 0
62
  2
 0
LINE
8
default
6
CONTINUOUS
10
 107.405
20
  30.246
30
  22.845
11
 107.386
21
  30.846
31
  22.956
39
 0
62
  2
 0
LINE
8
default
6
CONTINUOUS
10
 148.947
20
  33.352
30
  31.225
11
 148.920
21
  33.352
31
  31.335
39
 0
62
  2
 0
LINE
8
default
6
CONTINUOUS
10
-148.920
20
  33.952
30
  31.335
11
-107.386
21
  30.846
31
  22.956
39
 0
62
  2
 0
LINE
8
default
6
CONTINUOUS
10
 148.920
20
  33.952
30
  31.335
11
 107.386
21
  30.846
31
  22.956
39
 0
62
  2
 0
LINE
8
default
6
CONTINUOUS
10
-107.386
20
  30.846
30
  22.956
11
-107.366
21
  31.446
31
  23.067
39
 0
62
  2
 0
LINE
8
default
6
CONTINUOUS
10
-148.920
20
  33.952
30
  31.335
11
-148.892
21
  33.952
31
  31.445
39
 0
62
  2
 0
LINE
8
default
6
CONTINUOUS
10
 107.386
20
  30.846
30
  22.956
11
 107.366
21
  31.446
31
  23.067
39
 0
62
  2
 0
LINE
8
default
6
CONTINUOUS
10
 148.920
20
  33.952
30
  31.335
11
 148.892
21
  33.952
31
  31.445
39
 0
62
  2
 0
LINE
8
default
6
CONTINUOUS
10
-148.892
20
  34.552
30
  31.445
11
-107.366
21
  31.446
31
  23.067
39
 0
62
  2
 0
LINE
8
default
6
CONTINUOUS
10
 148.892
20
  34.552
30
  31.445
11
 107.366
21
  31.446
31
  23.067
39
 0
62
  2
 0
LINE
8
default
6
CONTINUOUS
10
-107.366
20
  31.446
30
  23.067
11
-107.347
21
  32.046
31
  23.177
39
 0
62
  2
 0
LINE
8
default
6
CONTINUOUS
10
-148.892
20
  34.552
30
  31.445
11
-148.866
21
  34.552
31
  31.553
39
 0
62
  2
 0
LINE
8
default
6
CONTINUOUS
10
 107.366
20
  31.446
30
  23.067
11
 107.347
21
  32.046
31
  23.177
39
 0
62
  2
 0
LINE
8
default
6
CONTINUOUS
10
 148.892
20
  34.552
30
  31.445
11
 148.866
21
  34.552
31
  31.553
39
 0
62
  2
 0
LINE
8
default
6
CONTINUOUS
10
-148.866
20
  35.151
30
  31.553
11
-107.347
21
  32.046
31
  23.177
39
 0
62
  2
 0
LINE
8
default
6
CONTINUOUS
10
 148.866
20
  35.151
30
  31.553
11
 107.347
21
  32.046
31
  23.177
39
 0
62
  2
 0
LINE
8
default
6
CONTINUOUS
10
-107.347
20
  32.046
30
  23.177
11
-107.330
21
  32.646
31
  23.276
39
 0
62
  2
 0
LINE
8
default
6
CONTINUOUS
10
-148.866
20
  35.151
30
  31.553
11
-148.841
21
  35.151
31
  31.652
39
 0
62
  2
 0
LINE
8
default
6
CONTINUOUS
10
 107.347
20
  32.046
30
  23.177
11
 107.330
21
  32.646
31
  23.276
39
 0
62
  2
 0
LINE
8
default
6
CONTINUOUS
10
 148.866
20
  35.151
30
  31.553
11
 148.841
21
  35.151
31
  31.652
39
 0
62
  2
 0
LINE
8
default
6
CONTINUOUS
10
-148.841
20
  35.751
30
  31.652
11
-107.330
21
  32.646
31
  23.276
39
 0
62
  2
 0
LINE
8
default
6
CONTINUOUS
10
 148.841
20
  35.751
30
  31.652
11
 107.330
21
  32.646
31
  23.276
39
 0
62
  2
 0
LINE
8
default
6
CONTINUOUS
10
-107.330
20
  32.646
30
  23.276
11
-107.312
21
  33.246
31
  23.376
39
 0
62
  2
 0
LINE
8
default
6
CONTINUOUS
10
-148.841
20
  35.751
30
  31.652
11
-148.817
21
  35.751
31
  31.751
39
 0
62
  2
 0
LINE
8
default
6
CONTINUOUS
10
 107.330
20
  32.646
30
  23.276
11
 107.312
21
  33.246
31
  23.376
39
 0
62
  2
 0
LINE
8
default
6
CONTINUOUS
10
 148.841
20
  35.751
30
  31.652
11
 148.817
21
  35.751
31
  31.751
39
 0
62
  2
 0
LINE
8
default
6
CONTINUOUS
10
-148.817
20
  36.351
30
  31.751
11
-107.312
21
  33.246
31
  23.376
39
 0
62
  2
 0
LINE
8
default
6
CONTINUOUS
10
 148.817
20
  36.351
30
  31.751
11
 107.312
21
  33.246
31
  23.376
39
 0
62
  2
 0
LINE
8
default
6
CONTINUOUS
10
-107.312
20
  33.246
30
  23.376
11
-107.295
21
  33.845
31
  23.475
39
 0
62
  2
 0
LINE
8
default
6
CONTINUOUS
10
-148.817
20
  36.351
30
  31.751
11
-148.792
21
  36.351
31
  31.849
39
 0
62
  2
 0
LINE
8
default
6
CONTINUOUS
10
 107.312
20
  33.246
30
  23.376
11
 107.295
21
  33.845
31
  23.475
39
 0
62
  2
 0
LINE
8
default
6
CONTINUOUS
10
 148.817
20
  36.351
30
  31.751
11
 148.792
21
  36.351
31
  31.849
39
 0
62
  2
 0
LINE
8
default
6
CONTINUOUS
10
-148.792
20
  36.951
30
  31.849
11
-107.295
21
  33.845
31
  23.475
39
 0
62
  2
 0
LINE
8
default
6
CONTINUOUS
10
 148.792
20
  36.951
30
  31.849
11
 107.295
21
  33.845
31
  23.475
39
 0
62
  2
 0
LINE
8
default
6
CONTINUOUS
10
-107.295
20
  33.845
30
  23.475
11
-107.277
21
  34.445
31
  23.574
39
 0
62
  2
 0
LINE
8
default
6
CONTINUOUS
10
-148.792
20
  36.951
30
  31.849
11
-148.768
21
  36.951
31
  31.948
39
 0
62
  2
 0
LINE
8
default
6
CONTINUOUS
10
 107.295
20
  33.845
30
  23.475
11
 107.277
21
  34.445
31
  23.574
39
 0
62
  2
 0
LINE
8
default
6
CONTINUOUS
10
 148.792
20
  36.951
30
  31.849
11
 148.768
21
  36.951
31
  31.948
39
 0
62
  2
 0
LINE
8
default
6
CONTINUOUS
10
-148.768
20
  37.550
30
  31.948
11
-107.277
21
  34.445
31
  23.574
39
 0
62
  2
 0
LINE
8
default
6
CONTINUOUS
10
 148.768
20
  37.550
30
  31.948
11
 107.277
21
  34.445
31
  23.574
39
 0
62
  2
 0
LINE
8
default
6
CONTINUOUS
10
-107.277
20
  34.445
30
  23.574
11
-107.260
21
  35.045
31
  23.674
39
 0
62
  2
 0
LINE
8
default
6
CONTINUOUS
10
-148.768
20
  37.550
30
  31.948
11
-148.744
21
  37.550
31
  32.047
39
 0
62
  2
 0
LINE
8
default
6
CONTINUOUS
10
 107.277
20
  34.445
30
  23.574
11
 107.260
21
  35.045
31
  23.674
39
 0
62
  2
 0
LINE
8
default
6
CONTINUOUS
10
 148.768
20
  37.550
30
  31.948
11
 148.744
21
  37.550
31
  32.047
39
 0
62
  2
 0
LINE
8
default
6
CONTINUOUS
10
-148.744
20
  38.150
30
  32.047
11
-107.260
21
  35.045
31
  23.674
39
 0
62
  2
 0
LINE
8
default
6
CONTINUOUS
10
 148.744
20
  38.150
30
  32.047
11
 107.260
21
  35.045
31
  23.674
39
 0
62
  2
 0
LINE
8
default
6
CONTINUOUS
10
-147.738
20
  81.650
30
  36.120
11
-106.527
21
  79.591
31
  27.844
39
 0
62
  2
 0
LINE
8
default
6
CONTINUOUS
10
 147.738
20
  81.650
30
  36.120
11
 106.527
21
  79.591
31
  27.844
39
 0
62
  2
 0
LINE
8
default
6
CONTINUOUS
10
-106.527
20
  79.591
30
  27.844
11
-106.522
21
  80.191
31
  27.870
39
 0
62
  2
 0
LINE
8
default
6
CONTINUOUS
10
-147.738
20
  81.650
30
  36.120
11
-147.732
21
  81.650
31
  36.146
39
 0
62
  2
 0
LINE
8
default
6
CONTINUOUS
10
 106.527
20
  79.591
30
  27.844
11
 106.522
21
  80.191
31
  27.870
39
 0
62
  2
 0
LINE
8
default
6
CONTINUOUS
10
 147.738
20
  81.650
30
  36.120
11
 147.732
21
  81.650
31
  36.146
39
 0
62
  2
 0
LINE
8
default
6
CONTINUOUS
10
-147.732
20
  82.250
30
  36.146
11
-106.522
21
  80.191
31
  27.870
39
 0
62
  2
 0
LINE
8
default
6
CONTINUOUS
10
 147.732
20
  82.250
30
  36.146
11
 106.522
21
  80.191
31
  27.870
39
 0
62
  2
 0
LINE
8
default
6
CONTINUOUS
10
-106.522
20
  80.191
30
  27.870
11
-106.518
21
  80.791
31
  27.895
39
 0
62
  2
 0
LINE
8
default
6
CONTINUOUS
10
-147.732
20
  82.250
30
  36.146
11
-147.725
21
  82.250
31
  36.171
39
 0
62
  2
 0
LINE
8
default
6
CONTINUOUS
10
 106.522
20
  80.191
30
  27.870
11
 106.518
21
  80.791
31
  27.895
39
 0
62
  2
 0
LINE
8
default
6
CONTINUOUS
10
 147.732
20
  82.250
30
  36.146
11
 147.725
21
  82.250
31
  36.171
39
 0
62
  2
 0
LINE
8
default
6
CONTINUOUS
10
-147.725
20
  82.850
30
  36.171
11
-106.518
21
  80.791
31
  27.895
39
 0
62
  2
 0
LINE
8
default
6
CONTINUOUS
10
 147.725
20
  82.850
30
  36.171
11
 106.518
21
  80.791
31
  27.895
39
 0
62
  2
 0
LINE
8
default
6
CONTINUOUS
10
-106.518
20
  80.791
30
  27.895
11
-106.513
21
  81.391
31
  27.921
39
 0
62
  2
 0
LINE
8
default
6
CONTINUOUS
10
-147.725
20
  82.850
30
  36.171
11
-147.719
21
  82.850
31
  36.197
39
 0
62
  2
 0
LINE
8
default
6
CONTINUOUS
10
 106.518
20
  80.791
30
  27.895
11
 106.513
21
  81.391
31
  27.921
39
 0
62
  2
 0
LINE
8
default
6
CONTINUOUS
10
 147.725
20
  82.850
30
  36.171
11
 147.719
21
  82.850
31
  36.197
39
 0
62
  2
 0
LINE
8
default
6
CONTINUOUS
10
-147.719
20
  83.450
30
  36.197
11
-106.513
21
  81.391
31
  27.921
39
 0
62
  2
 0
LINE
8
default
6
CONTINUOUS
10
 147.719
20
  83.450
30
  36.197
11
 106.513
21
  81.391
31
  27.921
39
 0
62
  2
 0
LINE
8
default
6
CONTINUOUS
10
-106.513
20
  81.391
30
  27.921
11
-106.509
21
  81.991
31
  27.946
39
 0
62
  2
 0
LINE
8
default
6
CONTINUOUS
10
-147.719
20
  83.450
30
  36.197
11
-147.712
21
  83.450
31
  36.223
39
 0
62
  2
 0
LINE
8
default
6
CONTINUOUS
10
 106.513
20
  81.391
30
  27.921
11
 106.509
21
  81.991
31
  27.946
39
 0
62
  2
 0
LINE
8
default
6
CONTINUOUS
10
 147.719
20
  83.450
30
  36.197
11
 147.712
21
  83.450
31
  36.223
39
 0
62
  2
 0
LINE
8
default
6
CONTINUOUS
10
-147.712
20
  84.050
30
  36.223
11
-106.509
21
  81.991
31
  27.946
39
 0
62
  2
 0
LINE
8
default
6
CONTINUOUS
10
 147.712
20
  84.050
30
  36.223
11
 106.509
21
  81.991
31
  27.946
39
 0
62
  2
 0
LINE
8
default
6
CONTINUOUS
10
-106.509
20
  81.991
30
  27.946
11
-106.504
21
  82.591
31
  27.972
39
 0
62
  2
 0
LINE
8
default
6
CONTINUOUS
10
-147.712
20
  84.050
30
  36.223
11
-147.706
21
  84.050
31
  36.249
39
 0
62
  2
 0
LINE
8
default
6
CONTINUOUS
10
 106.509
20
  81.991
30
  27.946
11
 106.504
21
  82.591
31
  27.972
39
 0
62
  2
 0
LINE
8
default
6
CONTINUOUS
10
 147.712
20
  84.050
30
  36.223
11
 147.706
21
  84.050
31
  36.249
39
 0
62
  2
 0
LINE
8
default
6
CONTINUOUS
10
-147.706
20
  84.650
30
  36.249
11
-106.504
21
  82.591
31
  27.972
39
 0
62
  2
 0
LINE
8
default
6
CONTINUOUS
10
 147.706
20
  84.650
30
  36.249
11
 106.504
21
  82.591
31
  27.972
39
 0
62
  2
 0
LINE
8
default
6
CONTINUOUS
10
-106.504
20
  82.591
30
  27.972
11
-106.500
21
  83.191
31
  27.997
39
 0
62
  2
 0
LINE
8
default
6
CONTINUOUS
10
-147.706
20
  84.650
30
  36.249
11
-147.700
21
  84.650
31
  36.275
39
 0
62
  2
 0
LINE
8
default
6
CONTINUOUS
10
 106.504
20
  82.591
30
  27.972
11
 106.500
21
  83.191
31
  27.997
39
 0
62
  2
 0
LINE
8
default
6
CONTINUOUS
10
 147.706
20
  84.650
30
  36.249
11
 147.700
21
  84.650
31
  36.275
39
 0
62
  2
 0
LINE
8
default
6
CONTINUOUS
10
-147.700
20
  85.250
30
  36.275
11
-106.500
21
  83.191
31
  27.997
39
 0
62
  2
 0
LINE
8
default
6
CONTINUOUS
10
 147.700
20
  85.250
30
  36.275
11
 106.500
21
  83.191
31
  27.997
39
 0
62
  2
 0
LINE
8
default
6
CONTINUOUS
10
-106.500
20
  83.191
30
  27.997
11
-106.495
21
  83.791
31
  28.023
39
 0
62
  2
 0
LINE
8
default
6
CONTINUOUS
10
-147.700
20
  85.250
30
  36.275
11
-147.693
21
  85.250
31
  36.301
39
 0
62
  2
 0
LINE
8
default
6
CONTINUOUS
10
 106.500
20
  83.191
30
  27.997
11
 106.495
21
  83.791
31
  28.023
39
 0
62
  2
 0
LINE
8
default
6
CONTINUOUS
10
 147.700
20
  85.250
30
  36.275
11
 147.693
21
  85.250
31
  36.301
39
 0
62
  2
 0
LINE
8
default
6
CONTINUOUS
10
-147.693
20
  85.850
30
  36.301
11
-106.495
21
  83.791
31
  28.023
39
 0
62
  2
 0
LINE
8
default
6
CONTINUOUS
10
 147.693
20
  85.850
30
  36.301
11
 106.495
21
  83.791
31
  28.023
39
 0
62
  2
 0
LINE
8
default
6
CONTINUOUS
10
-106.495
20
  83.791
30
  28.023
11
-106.491
21
  84.391
31
  28.048
39
 0
62
  2
 0
LINE
8
default
6
CONTINUOUS
10
-147.693
20
  85.850
30
  36.301
11
-147.687
21
  85.850
31
  36.327
39
 0
62
  2
 0
LINE
8
default
6
CONTINUOUS
10
 106.495
20
  83.791
30
  28.023
11
 106.491
21
  84.391
31
  28.048
39
 0
62
  2
 0
LINE
8
default
6
CONTINUOUS
10
 147.693
20
  85.850
30
  36.301
11
 147.687
21
  85.850
31
  36.327
39
 0
62
  2
 0
LINE
8
default
6
CONTINUOUS
10
-147.687
20
  86.450
30
  36.327
11
-106.491
21
  84.391
31
  28.048
39
 0
62
  2
 0
LINE
8
default
6
CONTINUOUS
10
 147.687
20
  86.450
30
  36.327
11
 106.491
21
  84.391
31
  28.048
39
 0
62
  2
 0
LINE
8
default
6
CONTINUOUS
10
-106.491
20
  84.391
30
  28.048
11
-106.487
21
  84.991
31
  28.068
39
 0
62
  2
 0
LINE
8
default
6
CONTINUOUS
10
-147.687
20
  86.450
30
  36.327
11
-147.682
21
  86.450
31
  36.348
39
 0
62
  2
 0
LINE
8
default
6
CONTINUOUS
10
 106.491
20
  84.391
30
  28.048
11
 106.487
21
  84.991
31
  28.068
39
 0
62
  2
 0
LINE
8
default
6
CONTINUOUS
10
 147.687
20
  86.450
30
  36.327
11
 147.682
21
  86.450
31
  36.348
39
 0
62
  2
 0
LINE
8
default
6
CONTINUOUS
10
-147.682
20
  87.050
30
  36.348
11
-106.487
21
  84.991
31
  28.068
39
 0
62
  2
 0
LINE
8
default
6
CONTINUOUS
10
 147.682
20
  87.050
30
  36.348
11
 106.487
21
  84.991
31
  28.068
39
 0
62
  2
 0
LINE
8
default
6
CONTINUOUS
10
-106.487
20
  84.991
30
  28.068
11
-106.484
21
  85.591
31
  28.086
39
 0
62
  2
 0
LINE
8
default
6
CONTINUOUS
10
-147.682
20
  87.050
30
  36.348
11
-147.677
21
  87.050
31
  36.366
39
 0
62
  2
 0
LINE
8
default
6
CONTINUOUS
10
 106.487
20
  84.991
30
  28.068
11
 106.484
21
  85.591
31
  28.086
39
 0
62
  2
 0
LINE
8
default
6
CONTINUOUS
10
 147.682
20
  87.050
30
  36.348
11
 147.677
21
  87.050
31
  36.366
39
 0
62
  2
 0
LINE
8
default
6
CONTINUOUS
10
-147.677
20
  87.650
30
  36.366
11
-106.484
21
  85.591
31
  28.086
39
 0
62
  2
 0
LINE
8
default
6
CONTINUOUS
10
 147.677
20
  87.650
30
  36.366
11
 106.484
21
  85.591
31
  28.086
39
 0
62
  2
 0
LINE
8
default
6
CONTINUOUS
10
-106.484
20
  85.591
30
  28.086
11
-106.481
21
  86.191
31
  28.104
39
 0
62
  2
 0
LINE
8
default
6
CONTINUOUS
10
-147.677
20
  87.650
30
  36.366
11
-147.673
21
  87.650
31
  36.385
39
 0
62
  2
 0
LINE
8
default
6
CONTINUOUS
10
 106.484
20
  85.591
30
  28.086
11
 106.481
21
  86.191
31
  28.104
39
 0
62
  2
 0
LINE
8
default
6
CONTINUOUS
10
 147.677
20
  87.650
30
  36.366
11
 147.673
21
  87.650
31
  36.385
39
 0
62
  2
 0
LINE
8
default
6
CONTINUOUS
10
-147.673
20
  88.250
30
  36.385
11
-106.481
21
  86.191
31
  28.104
39
 0
62
  2
 0
LINE
8
default
6
CONTINUOUS
10
 147.673
20
  88.250
30
  36.385
11
 106.481
21
  86.191
31
  28.104
39
 0
62
  2
 0
LINE
8
default
6
CONTINUOUS
10
-106.481
20
  86.191
30
  28.104
11
-106.478
21
  86.791
31
  28.121
39
 0
62
  2
 0
LINE
8
default
6
CONTINUOUS
10
-147.673
20
  88.250
30
  36.385
11
-147.668
21
  88.250
31
  36.403
39
 0
62
  2
 0
LINE
8
default
6
CONTINUOUS
10
 106.481
20
  86.191
30
  28.104
11
 106.478
21
  86.791
31
  28.121
39
 0
62
  2
 0
LINE
8
default
6
CONTINUOUS
10
 147.673
20
  88.250
30
  36.385
11
 147.668
21
  88.250
31
  36.403
39
 0
62
  2
 0
LINE
8
default
6
CONTINUOUS
10
-147.668
20
  88.849
30
  36.403
11
-106.478
21
  86.791
31
  28.121
39
 0
62
  2
 0
LINE
8
default
6
CONTINUOUS
10
 147.668
20
  88.849
30
  36.403
11
 106.478
21
  86.791
31
  28.121
39
 0
62
  2
 0
LINE
8
default
6
CONTINUOUS
10
-106.478
20
  86.791
30
  28.121
11
-106.475
21
  87.391
31
  28.139
39
 0
62
  2
 0
LINE
8
default
6
CONTINUOUS
10
-147.668
20
  88.849
30
  36.403
11
-147.664
21
  88.849
31
  36.421
39
 0
62
  2
 0
LINE
8
default
6
CONTINUOUS
10
 106.478
20
  86.791
30
  28.121
11
 106.475
21
  87.391
31
  28.139
39
 0
62
  2
 0
LINE
8
default
6
CONTINUOUS
10
 147.668
20
  88.849
30
  36.403
11
 147.664
21
  88.849
31
  36.421
39
 0
62
  2
 0
LINE
8
default
6
CONTINUOUS
10
-147.664
20
  89.449
30
  36.421
11
-106.475
21
  87.391
31
  28.139
39
 0
62
  2
 0
LINE
8
default
6
CONTINUOUS
10
 147.664
20
  89.449
30
  36.421
11
 106.475
21
  87.391
31
  28.139
39
 0
62
  2
 0
LINE
8
default
6
CONTINUOUS
10
-106.475
20
  87.391
30
  28.139
11
-106.472
21
  87.991
31
  28.156
39
 0
62
  2
 0
LINE
8
default
6
CONTINUOUS
10
-147.664
20
  89.449
30
  36.421
11
-147.659
21
  89.449
31
  36.439
39
 0
62
  2
 0
LINE
8
default
6
CONTINUOUS
10
 106.475
20
  87.391
30
  28.139
11
 106.472
21
  87.991
31
  28.156
39
 0
62
  2
 0
LINE
8
default
6
CONTINUOUS
10
 147.664
20
  89.449
30
  36.421
11
 147.659
21
  89.449
31
  36.439
39
 0
62
  2
 0
LINE
8
default
6
CONTINUOUS
10
-147.659
20
  90.049
30
  36.439
11
-106.472
21
  87.991
31
  28.156
39
 0
62
  2
 0
LINE
8
default
6
CONTINUOUS
10
 147.659
20
  90.049
30
  36.439
11
 106.472
21
  87.991
31
  28.156
39
 0
62
  2
 0
LINE
8
default
6
CONTINUOUS
10
-106.472
20
  87.991
30
  28.156
11
-106.469
21
  88.591
31
  28.174
39
 0
62
  2
 0
LINE
8
default
6
CONTINUOUS
10
-147.659
20
  90.049
30
  36.439
11
-147.655
21
  90.049
31
  36.457
39
 0
62
  2
 0
LINE
8
default
6
CONTINUOUS
10
 106.472
20
  87.991
30
  28.156
11
 106.469
21
  88.591
31
  28.174
39
 0
62
  2
 0
LINE
8
default
6
CONTINUOUS
10
 147.659
20
  90.049
30
  36.439
11
 147.655
21
  90.049
31
  36.457
39
 0
62
  2
 0
LINE
8
default
6
CONTINUOUS
10
-147.655
20
  90.649
30
  36.457
11
-106.469
21
  88.591
31
  28.174
39
 0
62
  2
 0
LINE
8
default
6
CONTINUOUS
10
 147.655
20
  90.649
30
  36.457
11
 106.469
21
  88.591
31
  28.174
39
 0
62
  2
 0
LINE
8
default
6
CONTINUOUS
10
-106.469
20
  88.591
30
  28.174
11
-106.466
21
  89.191
31
  28.192
39
 0
62
  2
 0
LINE
8
default
6
CONTINUOUS
10
-147.655
20
  90.649
30
  36.457
11
-147.650
21
  90.649
31
  36.476
39
 0
62
  2
 0
LINE
8
default
6
CONTINUOUS
10
 106.469
20
  88.591
30
  28.174
11
 106.466
21
  89.191
31
  28.192
39
 0
62
  2
 0
LINE
8
default
6
CONTINUOUS
10
 147.655
20
  90.649
30
  36.457
11
 147.650
21
  90.649
31
  36.476
39
 0
62
  2
 0
LINE
8
default
6
CONTINUOUS
10
-147.650
20
  91.249
30
  36.476
11
-106.466
21
  89.191
31
  28.192
39
 0
62
  2
 0
LINE
8
default
6
CONTINUOUS
10
 147.650
20
  91.249
30
  36.476
11
 106.466
21
  89.191
31
  28.192
39
 0
62
  2
 0
LINE
8
default
6
CONTINUOUS
10
-106.466
20
  89.191
30
  28.192
11
-106.462
21
  89.791
31
  28.209
39
 0
62
  2
 0
LINE
8
default
6
CONTINUOUS
10
-147.650
20
  91.249
30
  36.476
11
-147.646
21
  91.249
31
  36.494
39
 0
62
  2
 0
LINE
8
default
6
CONTINUOUS
10
 106.466
20
  89.191
30
  28.192
11
 106.462
21
  89.791
31
  28.209
39
 0
62
  2
 0
LINE
8
default
6
CONTINUOUS
10
 147.650
20
  91.249
30
  36.476
11
 147.646
21
  91.249
31
  36.494
39
 0
62
  2
 0
LINE
8
default
6
CONTINUOUS
10
-147.646
20
  91.849
30
  36.494
11
-106.462
21
  89.791
31
  28.209
39
 0
62
  2
 0
LINE
8
default
6
CONTINUOUS
10
 147.646
20
  91.849
30
  36.494
11
 106.462
21
  89.791
31
  28.209
39
 0
62
  2
 0
LINE
8
default
6
CONTINUOUS
10
-106.462
20
  89.791
30
  28.209
11
-106.459
21
  90.391
31
  28.227
39
 0
62
  2
 0
LINE
8
default
6
CONTINUOUS
10
-147.646
20
  91.849
30
  36.494
11
-147.641
21
  91.849
31
  36.512
39
 0
62
  2
 0
LINE
8
default
6
CONTINUOUS
10
 106.462
20
  89.791
30
  28.209
11
 106.459
21
  90.391
31
  28.227
39
 0
62
  2
 0
LINE
8
default
6
CONTINUOUS
10
 147.646
20
  91.849
30
  36.494
11
 147.641
21
  91.849
31
  36.512
39
 0
62
  2
 0
LINE
8
default
6
CONTINUOUS
10
-147.641
20
  92.449
30
  36.512
11
-106.459
21
  90.391
31
  28.227
39
 0
62
  2
 0
LINE
8
default
6
CONTINUOUS
10
 147.641
20
  92.449
30
  36.512
11
 106.459
21
  90.391
31
  28.227
39
 0
62
  2
 0
LINE
8
default
6
CONTINUOUS
10
-106.459
20
  90.391
30
  28.227
11
-106.456
21
  90.990
31
  28.245
39
 0
62
  2
 0
LINE
8
default
6
CONTINUOUS
10
-147.641
20
  92.449
30
  36.512
11
-147.637
21
  92.449
31
  36.530
39
 0
62
  2
 0
LINE
8
default
6
CONTINUOUS
10
 106.459
20
  90.391
30
  28.227
11
 106.456
21
  90.990
31
  28.245
39
 0
62
  2
 0
LINE
8
default
6
CONTINUOUS
10
 147.641
20
  92.449
30
  36.512
11
 147.637
21
  92.449
31
  36.530
39
 0
62
  2
 0
LINE
8
default
6
CONTINUOUS
10
-147.637
20
  93.049
30
  36.530
11
-106.456
21
  90.990
31
  28.245
39
 0
62
  2
 0
LINE
8
default
6
CONTINUOUS
10
 147.637
20
  93.049
30
  36.530
11
 106.456
21
  90.990
31
  28.245
39
 0
62
  2
 0
LINE
8
default
6
CONTINUOUS
10
-106.456
20
  90.990
30
  28.245
11
-106.453
21
  91.590
31
  28.262
39
 0
62
  2
 0
LINE
8
default
6
CONTINUOUS
10
-147.637
20
  93.049
30
  36.530
11
-147.632
21
  93.049
31
  36.549
39
 0
62
  2
 0
LINE
8
default
6
CONTINUOUS
10
 106.456
20
  90.990
30
  28.245
11
 106.453
21
  91.590
31
  28.262
39
 0
62
  2
 0
LINE
8
default
6
CONTINUOUS
10
 147.637
20
  93.049
30
  36.530
11
 147.632
21
  93.049
31
  36.549
39
 0
62
  2
 0
LINE
8
default
6
CONTINUOUS
10
-147.632
20
  93.649
30
  36.549
11
-106.453
21
  91.590
31
  28.262
39
 0
62
  2
 0
LINE
8
default
6
CONTINUOUS
10
 147.632
20
  93.649
30
  36.549
11
 106.453
21
  91.590
31
  28.262
39
 0
62
  2
 0
LINE
8
default
6
CONTINUOUS
10
-147.973
20
 156.156
30
  35.168
11
-106.720
21
 155.491
31
  26.742
39
 0
62
  2
 0
LINE
8
default
6
CONTINUOUS
10
 147.973
20
 156.156
30
  35.168
11
 106.720
21
 155.491
31
  26.742
39
 0
62
  2
 0
LINE
8
default
6
CONTINUOUS
10
-106.720
20
 155.491
30
  26.742
11
-106.727
21
 156.091
31
  26.703
39
 0
62
  2
 0
LINE
8
default
6
CONTINUOUS
10
-147.973
20
 156.156
30
  35.168
11
-147.983
21
 156.156
31
  35.130
39
 0
62
  2
 0
LINE
8
default
6
CONTINUOUS
10
 106.720
20
 155.491
30
  26.742
11
 106.727
21
 156.091
31
  26.703
39
 0
62
  2
 0
LINE
8
default
6
CONTINUOUS
10
 147.973
20
 156.156
30
  35.168
11
 147.983
21
 156.156
31
  35.130
39
 0
62
  2
 0
LINE
8
default
6
CONTINUOUS
10
-147.983
20
 156.757
30
  35.130
11
-106.727
21
 156.091
31
  26.703
39
 0
62
  2
 0
LINE
8
default
6
CONTINUOUS
10
 147.983
20
 156.757
30
  35.130
11
 106.727
21
 156.091
31
  26.703
39
 0
62
  2
 0
LINE
8
default
6
CONTINUOUS
10
-106.727
20
 156.091
30
  26.703
11
-106.734
21
 156.691
31
  26.663
39
 0
62
  2
 0
LINE
8
default
6
CONTINUOUS
10
-147.983
20
 156.757
30
  35.130
11
-147.992
21
 156.757
31
  35.092
39
 0
62
  2
 0
LINE
8
default
6
CONTINUOUS
10
 106.727
20
 156.091
30
  26.703
11
 106.734
21
 156.691
31
  26.663
39
 0
62
  2
 0
LINE
8
default
6
CONTINUOUS
10
 147.983
20
 156.757
30
  35.130
11
 147.992
21
 156.757
31
  35.092
39
 0
62
  2
 0
LINE
8
default
6
CONTINUOUS
10
-147.992
20
 157.357
30
  35.092
11
-106.734
21
 156.691
31
  26.663
39
 0
62
  2
 0
LINE
8
default
6
CONTINUOUS
10
 147.992
20
 157.357
30
  35.092
11
 106.734
21
 156.691
31
  26.663
39
 0
62
  2
 0
LINE
8
default
6
CONTINUOUS
10
-106.734
20
 156.691
30
  26.663
11
-106.741
21
 157.292
31
  26.624
39
 0
62
  2
 0
LINE
8
default
6
CONTINUOUS
10
-147.992
20
 157.357
30
  35.092
11
-148.001
21
 157.357
31
  35.054
39
 0
62
  2
 0
LINE
8
default
6
CONTINUOUS
10
 106.734
20
 156.691
30
  26.663
11
 106.741
21
 157.292
31
  26.624
39
 0
62
  2
 0
LINE
8
default
6
CONTINUOUS
10
 147.992
20
 157.357
30
  35.092
11
 148.001
21
 157.357
31
  35.054
39
 0
62
  2
 0
LINE
8
default
6
CONTINUOUS
10
-148.001
20
 157.957
30
  35.054
11
-106.741
21
 157.292
31
  26.624
39
 0
62
  2
 0
LINE
8
default
6
CONTINUOUS
10
 148.001
20
 157.957
30
  35.054
11
 106.741
21
 157.292
31
  26.624
39
 0
62
  2
 0
LINE
8
default
6
CONTINUOUS
10
-106.741
20
 157.292
30
  26.624
11
-106.748
21
 157.892
31
  26.585
39
 0
62
  2
 0
LINE
8
default
6
CONTINUOUS
10
-148.001
20
 157.957
30
  35.054
11
-148.011
21
 157.957
31
  35.016
39
 0
62
  2
 0
LINE
8
default
6
CONTINUOUS
10
 106.741
20
 157.292
30
  26.624
11
 106.748
21
 157.892
31
  26.585
39
 0
62
  2
 0
LINE
8
default
6
CONTINUOUS
10
 148.001
20
 157.957
30
  35.054
11
 148.011
21
 157.957
31
  35.016
39
 0
62
  2
 0
LINE
8
default
6
CONTINUOUS
10
-148.011
20
 158.557
30
  35.016
11
-106.748
21
 157.892
31
  26.585
39
 0
62
  2
 0
LINE
8
default
6
CONTINUOUS
10
 148.011
20
 158.557
30
  35.016
11
 106.748
21
 157.892
31
  26.585
39
 0
62
  2
 0
LINE
8
default
6
CONTINUOUS
10
-106.748
20
 157.892
30
  26.585
11
-106.755
21
 158.492
31
  26.545
39
 0
62
  2
 0
LINE
8
default
6
CONTINUOUS
10
-148.011
20
 158.557
30
  35.016
11
-148.020
21
 158.557
31
  34.978
39
 0
62
  2
 0
LINE
8
default
6
CONTINUOUS
10
 106.748
20
 157.892
30
  26.585
11
 106.755
21
 158.492
31
  26.545
39
 0
62
  2
 0
LINE
8
default
6
CONTINUOUS
10
 148.011
20
 158.557
30
  35.016
11
 148.020
21
 158.557
31
  34.978
39
 0
62
  2
 0
LINE
8
default
6
CONTINUOUS
10
-148.020
20
 159.157
30
  34.978
11
-106.755
21
 158.492
31
  26.545
39
 0
62
  2
 0
LINE
8
default
6
CONTINUOUS
10
 148.020
20
 159.157
30
  34.978
11
 106.755
21
 158.492
31
  26.545
39
 0
62
  2
 0
LINE
8
default
6
CONTINUOUS
10
-106.755
20
 158.492
30
  26.545
11
-106.762
21
 159.092
31
  26.506
39
 0
62
  2
 0
LINE
8
default
6
CONTINUOUS
10
-148.020
20
 159.157
30
  34.978
11
-148.030
21
 159.157
31
  34.939
39
 0
62
  2
 0
LINE
8
default
6
CONTINUOUS
10
 106.755
20
 158.492
30
  26.545
11
 106.762
21
 159.092
31
  26.506
39
 0
62
  2
 0
LINE
8
default
6
CONTINUOUS
10
 148.020
20
 159.157
30
  34.978
11
 148.030
21
 159.157
31
  34.939
39
 0
62
  2
 0
LINE
8
default
6
CONTINUOUS
10
-148.030
20
 159.757
30
  34.939
11
-106.762
21
 159.092
31
  26.506
39
 0
62
  2
 0
LINE
8
default
6
CONTINUOUS
10
 148.030
20
 159.757
30
  34.939
11
 106.762
21
 159.092
31
  26.506
39
 0
62
  2
 0
LINE
8
default
6
CONTINUOUS
10
-106.762
20
 159.092
30
  26.506
11
-106.769
21
 159.692
31
  26.466
39
 0
62
  2
 0
LINE
8
default
6
CONTINUOUS
10
-148.030
20
 159.757
30
  34.939
11
-148.039
21
 159.757
31
  34.901
39
 0
62
  2
 0
LINE
8
default
6
CONTINUOUS
10
 106.762
20
 159.092
30
  26.506
11
 106.769
21
 159.692
31
  26.466
39
 0
62
  2
 0
LINE
8
default
6
CONTINUOUS
10
 148.030
20
 159.757
30
  34.939
11
 148.039
21
 159.757
31
  34.901
39
 0
62
  2
 0
LINE
8
default
6
CONTINUOUS
10
-148.039
20
 160.357
30
  34.901
11
-106.769
21
 159.692
31
  26.466
39
 0
62
  2
 0
LINE
8
default
6
CONTINUOUS
10
 148.039
20
 160.357
30
  34.901
11
 106.769
21
 159.692
31
  26.466
39
 0
62
  2
 0
LINE
8
default
6
CONTINUOUS
10
-106.769
20
 159.692
30
  26.466
11
-106.776
21
 160.292
31
  26.427
39
 0
62
  2
 0
LINE
8
default
6
CONTINUOUS
10
-148.039
20
 160.357
30
  34.901
11
-148.048
21
 160.357
31
  34.863
39
 0
62
  2
 0
LINE
8
default
6
CONTINUOUS
10
 106.769
20
 159.692
30
  26.466
11
 106.776
21
 160.292
31
  26.427
39
 0
62
  2
 0
LINE
8
default
6
CONTINUOUS
10
 148.039
20
 160.357
30
  34.901
11
 148.048
21
 160.357
31
  34.863
39
 0
62
  2
 0
LINE
8
default
6
CONTINUOUS
10
-148.048
20
 160.957
30
  34.863
11
-106.776
21
 160.292
31
  26.427
39
 0
62
  2
 0
LINE
8
default
6
CONTINUOUS
10
 148.048
20
 160.957
30
  34.863
11
 106.776
21
 160.292
31
  26.427
39
 0
62
  2
 0
LINE
8
default
6
CONTINUOUS
10
-106.776
20
 160.292
30
  26.427
11
-106.783
21
 160.892
31
  26.387
39
 0
62
  2
 0
LINE
8
default
6
CONTINUOUS
10
-148.048
20
 160.957
30
  34.863
11
-148.058
21
 160.957
31
  34.825
39
 0
62
  2
 0
LINE
8
default
6
CONTINUOUS
10
 106.776
20
 160.292
30
  26.427
11
 106.783
21
 160.892
31
  26.387
39
 0
62
  2
 0
LINE
8
default
6
CONTINUOUS
10
 148.048
20
 160.957
30
  34.863
11
 148.058
21
 160.957
31
  34.825
39
 0
62
  2
 0
LINE
8
default
6
CONTINUOUS
10
-148.058
20
 161.557
30
  34.825
11
-106.783
21
 160.892
31
  26.387
39
 0
62
  2
 0
LINE
8
default
6
CONTINUOUS
10
 148.058
20
 161.557
30
  34.825
11
 106.783
21
 160.892
31
  26.387
39
 0
62
  2
 0
LINE
8
default
6
CONTINUOUS
10
-106.783
20
 160.892
30
  26.387
11
-106.790
21
 161.492
31
  26.348
39
 0
62
  2
 0
LINE
8
default
6
CONTINUOUS
10
-148.058
20
 161.557
30
  34.825
11
-148.067
21
 161.557
31
  34.787
39
 0
62
  2
 0
LINE
8
default
6
CONTINUOUS
10
 106.783
20
 160.892
30
  26.387
11
 106.790
21
 161.492
31
  26.348
39
 0
62
  2
 0
LINE
8
default
6
CONTINUOUS
10
 148.058
20
 161.557
30
  34.825
11
 148.067
21
 161.557
31
  34.787
39
 0
62
  2
 0
LINE
8
default
6
CONTINUOUS
10
-148.067
20
 162.158
30
  34.787
11
-106.790
21
 161.492
31
  26.348
39
 0
62
  2
 0
LINE
8
default
6
CONTINUOUS
10
 148.067
20
 162.158
30
  34.787
11
 106.790
21
 161.492
31
  26.348
39
 0
62
  2
 0
LINE
8
default
6
CONTINUOUS
10
-106.790
20
 161.492
30
  26.348
11
-106.797
21
 162.092
31
  26.305
39
 0
62
  2
 0
LINE
8
default
6
CONTINUOUS
10
-148.067
20
 162.158
30
  34.787
11
-148.077
21
 162.158
31
  34.745
39
 0
62
  2
 0
LINE
8
default
6
CONTINUOUS
10
 106.790
20
 161.492
30
  26.348
11
 106.797
21
 162.092
31
  26.305
39
 0
62
  2
 0
LINE
8
default
6
CONTINUOUS
10
 148.067
20
 162.158
30
  34.787
11
 148.077
21
 162.158
31
  34.745
39
 0
62
  2
 0
LINE
8
default
6
CONTINUOUS
10
-148.077
20
 162.758
30
  34.745
11
-106.797
21
 162.092
31
  26.305
39
 0
62
  2
 0
LINE
8
default
6
CONTINUOUS
10
 148.077
20
 162.758
30
  34.745
11
 106.797
21
 162.092
31
  26.305
39
 0
62
  2
 0
LINE
8
default
6
CONTINUOUS
10
-106.797
20
 162.092
30
  26.305
11
-106.805
21
 162.692
31
  26.260
39
 0
62
  2
 0
LINE
8
default
6
CONTINUOUS
10
-148.077
20
 162.758
30
  34.745
11
-148.088
21
 162.758
31
  34.703
39
 0
62
  2
 0
LINE
8
default
6
CONTINUOUS
10
 106.797
20
 162.092
30
  26.305
11
 106.805
21
 162.692
31
  26.260
39
 0
62
  2
 0
LINE
8
default
6
CONTINUOUS
10
 148.077
20
 162.758
30
  34.745
11
 148.088
21
 162.758
31
  34.703
39
 0
62
  2
 0
LINE
8
default
6
CONTINUOUS
10
-148.088
20
 163.358
30
  34.703
11
-106.805
21
 162.692
31
  26.260
39
 0
62
  2
 0
LINE
8
default
6
CONTINUOUS
10
 148.088
20
 163.358
30
  34.703
11
 106.805
21
 162.692
31
  26.260
39
 0
62
  2
 0
LINE
8
default
6
CONTINUOUS
10
-106.805
20
 162.692
30
  26.260
11
-106.813
21
 163.292
31
  26.216
39
 0
62
  2
 0
LINE
8
default
6
CONTINUOUS
10
-148.088
20
 163.358
30
  34.703
11
-148.099
21
 163.358
31
  34.660
39
 0
62
  2
 0
LINE
8
default
6
CONTINUOUS
10
 106.805
20
 162.692
30
  26.260
11
 106.813
21
 163.292
31
  26.216
39
 0
62
  2
 0
LINE
8
default
6
CONTINUOUS
10
 148.088
20
 163.358
30
  34.703
11
 148.099
21
 163.358
31
  34.660
39
 0
62
  2
 0
LINE
8
default
6
CONTINUOUS
10
-148.099
20
 163.958
30
  34.660
11
-106.813
21
 163.292
31
  26.216
39
 0
62
  2
 0
LINE
8
default
6
CONTINUOUS
10
 148.099
20
 163.958
30
  34.660
11
 106.813
21
 163.292
31
  26.216
39
 0
62
  2
 0
LINE
8
default
6
CONTINUOUS
10
-106.813
20
 163.292
30
  26.216
11
-106.821
21
 163.892
31
  26.172
39
 0
62
  2
 0
LINE
8
default
6
CONTINUOUS
10
-148.099
20
 163.958
30
  34.660
11
-148.109
21
 163.958
31
  34.617
39
 0
62
  2
 0
LINE
8
default
6
CONTINUOUS
10
 106.813
20
 163.292
30
  26.216
11
 106.821
21
 163.892
31
  26.172
39
 0
62
  2
 0
LINE
8
default
6
CONTINUOUS
10
 148.099
20
 163.958
30
  34.660
11
 148.109
21
 163.958
31
  34.617
39
 0
62
  2
 0
LINE
8
default
6
CONTINUOUS
10
-148.109
20
 164.558
30
  34.617
11
-106.821
21
 163.892
31
  26.172
39
 0
62
  2
 0
LINE
8
default
6
CONTINUOUS
10
 148.109
20
 164.558
30
  34.617
11
 106.821
21
 163.892
31
  26.172
39
 0
62
  2
 0
LINE
8
default
6
CONTINUOUS
10
-106.821
20
 163.892
30
  26.172
11
-106.828
21
 164.492
31
  26.128
39
 0
62
  2
 0
LINE
8
default
6
CONTINUOUS
10
-148.109
20
 164.558
30
  34.617
11
-148.120
21
 164.558
31
  34.574
39
 0
62
  2
 0
LINE
8
default
6
CONTINUOUS
10
 106.821
20
 163.892
30
  26.172
11
 106.828
21
 164.492
31
  26.128
39
 0
62
  2
 0
LINE
8
default
6
CONTINUOUS
10
 148.109
20
 164.558
30
  34.617
11
 148.120
21
 164.558
31
  34.574
39
 0
62
  2
 0
LINE
8
default
6
CONTINUOUS
10
-148.120
20
 165.158
30
  34.574
11
-106.828
21
 164.492
31
  26.128
39
 0
62
  2
 0
LINE
8
default
6
CONTINUOUS
10
 148.120
20
 165.158
30
  34.574
11
 106.828
21
 164.492
31
  26.128
39
 0
62
  2
 0
LINE
8
default
6
CONTINUOUS
10
-106.828
20
 164.492
30
  26.128
11
-106.836
21
 165.092
31
  26.084
39
 0
62
  2
 0
LINE
8
default
6
CONTINUOUS
10
-148.120
20
 165.158
30
  34.574
11
-148.130
21
 165.158
31
  34.532
39
 0
62
  2
 0
LINE
8
default
6
CONTINUOUS
10
 106.828
20
 164.492
30
  26.128
11
 106.836
21
 165.092
31
  26.084
39
 0
62
  2
 0
LINE
8
default
6
CONTINUOUS
10
 148.120
20
 165.158
30
  34.574
11
 148.130
21
 165.158
31
  34.532
39
 0
62
  2
 0
LINE
8
default
6
CONTINUOUS
10
-148.130
20
 165.758
30
  34.532
11
-106.836
21
 165.092
31
  26.084
39
 0
62
  2
 0
LINE
8
default
6
CONTINUOUS
10
 148.130
20
 165.758
30
  34.532
11
 106.836
21
 165.092
31
  26.084
39
 0
62
  2
 0
LINE
8
default
6
CONTINUOUS
10
-106.836
20
 165.092
30
  26.084
11
-106.844
21
 165.692
31
  26.039
39
 0
62
  2
 0
LINE
8
default
6
CONTINUOUS
10
-148.130
20
 165.758
30
  34.532
11
-148.141
21
 165.758
31
  34.489
39
 0
62
  2
 0
LINE
8
default
6
CONTINUOUS
10
 106.836
20
 165.092
30
  26.084
11
 106.844
21
 165.692
31
  26.039
39
 0
62
  2
 0
LINE
8
default
6
CONTINUOUS
10
 148.130
20
 165.758
30
  34.532
11
 148.141
21
 165.758
31
  34.489
39
 0
62
  2
 0
LINE
8
default
6
CONTINUOUS
10
-148.141
20
 166.359
30
  34.489
11
-106.844
21
 165.692
31
  26.039
39
 0
62
  2
 0
LINE
8
default
6
CONTINUOUS
10
 148.141
20
 166.359
30
  34.489
11
 106.844
21
 165.692
31
  26.039
39
 0
62
  2
 0
LINE
8
default
6
CONTINUOUS
10
-106.844
20
 165.692
30
  26.039
11
-106.852
21
 166.292
31
  25.995
39
 0
62
  2
 0
LINE
8
default
6
CONTINUOUS
10
-148.141
20
 166.359
30
  34.489
11
-148.151
21
 166.359
31
  34.446
39
 0
62
  2
 0
LINE
8
default
6
CONTINUOUS
10
 106.844
20
 165.692
30
  26.039
11
 106.852
21
 166.292
31
  25.995
39
 0
62
  2
 0
LINE
8
default
6
CONTINUOUS
10
 148.141
20
 166.359
30
  34.489
11
 148.151
21
 166.359
31
  34.446
39
 0
62
  2
 0
LINE
8
default
6
CONTINUOUS
10
-148.151
20
 166.959
30
  34.446
11
-106.852
21
 166.292
31
  25.995
39
 0
62
  2
 0
LINE
8
default
6
CONTINUOUS
10
 148.151
20
 166.959
30
  34.446
11
 106.852
21
 166.292
31
  25.995
39
 0
62
  2
 0
LINE
8
default
6
CONTINUOUS
10
-106.852
20
 166.292
30
  25.995
11
-106.859
21
 166.892
31
  25.951
39
 0
62
  2
 0
LINE
8
default
6
CONTINUOUS
10
-148.151
20
 166.959
30
  34.446
11
-148.162
21
 166.959
31
  34.403
39
 0
62
  2
 0
LINE
8
default
6
CONTINUOUS
10
 106.852
20
 166.292
30
  25.995
11
 106.859
21
 166.892
31
  25.951
39
 0
62
  2
 0
LINE
8
default
6
CONTINUOUS
10
 148.151
20
 166.959
30
  34.446
11
 148.162
21
 166.959
31
  34.403
39
 0
62
  2
 0
LINE
8
default
6
CONTINUOUS
10
-148.162
20
 167.559
30
  34.403
11
-106.859
21
 166.892
31
  25.951
39
 0
62
  2
 0
LINE
8
default
6
CONTINUOUS
10
 148.162
20
 167.559
30
  34.403
11
 106.859
21
 166.892
31
  25.951
39
 0
62
  2
 0
LINE
8
default
6
CONTINUOUS
10
-106.859
20
 166.892
30
  25.951
11
-106.867
21
 167.493
31
  25.907
39
 0
62
  2
 0
LINE
8
default
6
CONTINUOUS
10
-148.162
20
 167.559
30
  34.403
11
-148.172
21
 167.559
31
  34.361
39
 0
62
  2
 0
LINE
8
default
6
CONTINUOUS
10
 106.859
20
 166.892
30
  25.951
11
 106.867
21
 167.493
31
  25.907
39
 0
62
  2
 0
LINE
8
default
6
CONTINUOUS
10
 148.162
20
 167.559
30
  34.403
11
 148.172
21
 167.559
31
  34.361
39
 0
62
  2
 0
LINE
8
default
6
CONTINUOUS
10
-148.172
20
 168.159
30
  34.361
11
-106.867
21
 167.493
31
  25.907
39
 0
62
  2
 0
LINE
8
default
6
CONTINUOUS
10
 148.172
20
 168.159
30
  34.361
11
 106.867
21
 167.493
31
  25.907
39
 0
62
  2
 0
LINE
8
default
6
CONTINUOUS
10
-149.568
20
 226.296
30
  28.707
11
-107.913
21
 226.935
31
  19.959
39
 0
62
  2
 0
LINE
8
default
6
CONTINUOUS
10
 149.568
20
 226.296
30
  28.707
11
 107.913
21
 226.935
31
  19.959
39
 0
62
  2
 0
LINE
8
default
6
CONTINUOUS
10
-107.913
20
 226.935
30
  19.959
11
-107.926
21
 227.535
31
  19.885
39
 0
62
  2
 0
LINE
8
default
6
CONTINUOUS
10
-149.568
20
 226.296
30
  28.707
11
-149.586
21
 226.296
31
  28.635
39
 0
62
  2
 0
LINE
8
default
6
CONTINUOUS
10
 107.913
20
 226.935
30
  19.959
11
 107.926
21
 227.535
31
  19.885
39
 0
62
  2
 0
LINE
8
default
6
CONTINUOUS
10
 149.568
20
 226.296
30
  28.707
11
 149.586
21
 226.296
31
  28.635
39
 0
62
  2
 0
LINE
8
default
6
CONTINUOUS
10
-149.586
20
 226.896
30
  28.635
11
-107.926
21
 227.535
31
  19.885
39
 0
62
  2
 0
LINE
8
default
6
CONTINUOUS
10
 149.586
20
 226.896
30
  28.635
11
 107.926
21
 227.535
31
  19.885
39
 0
62
  2
 0
LINE
8
default
6
CONTINUOUS
10
-107.926
20
 227.535
30
  19.885
11
-107.939
21
 228.135
31
  19.812
39
 0
62
  2
 0
LINE
8
default
6
CONTINUOUS
10
-149.586
20
 226.896
30
  28.635
11
-149.604
21
 226.896
31
  28.563
39
 0
62
  2
 0
LINE
8
default
6
CONTINUOUS
10
 107.926
20
 227.535
30
  19.885
11
 107.939
21
 228.135
31
  19.812
39
 0
62
  2
 0
LINE
8
default
6
CONTINUOUS
10
 149.586
20
 226.896
30
  28.635
11
 149.604
21
 226.896
31
  28.563
39
 0
62
  2
 0
LINE
8
default
6
CONTINUOUS
10
-149.604
20
 227.497
30
  28.563
11
-107.939
21
 228.135
31
  19.812
39
 0
62
  2
 0
LINE
8
default
6
CONTINUOUS
10
 149.604
20
 227.497
30
  28.563
11
 107.939
21
 228.135
31
  19.812
39
 0
62
  2
 0
LINE
8
default
6
CONTINUOUS
10
-107.939
20
 228.135
30
  19.812
11
-107.952
21
 228.736
31
  19.738
39
 0
62
  2
 0
LINE
8
default
6
CONTINUOUS
10
-149.604
20
 227.497
30
  28.563
11
-149.622
21
 227.497
31
  28.492
39
 0
62
  2
 0
LINE
8
default
6
CONTINUOUS
10
 107.939
20
 228.135
30
  19.812
11
 107.952
21
 228.736
31
  19.738
39
 0
62
  2
 0
LINE
8
default
6
CONTINUOUS
10
 149.604
20
 227.497
30
  28.563
11
 149.622
21
 227.497
31
  28.492
39
 0
62
  2
 0
LINE
8
default
6
CONTINUOUS
10
-149.622
20
 228.097
30
  28.492
11
-107.952
21
 228.736
31
  19.738
39
 0
62
  2
 0
LINE
8
default
6
CONTINUOUS
10
 149.622
20
 228.097
30
  28.492
11
 107.952
21
 228.736
31
  19.738
39
 0
62
  2
 0
LINE
8
default
6
CONTINUOUS
10
-107.952
20
 228.736
30
  19.738
11
-107.965
21
 229.336
31
  19.664
39
 0
62
  2
 0
LINE
8
default
6
CONTINUOUS
10
-149.622
20
 228.097
30
  28.492
11
-149.639
21
 228.097
31
  28.420
39
 0
62
  2
 0
LINE
8
default
6
CONTINUOUS
10
 107.952
20
 228.736
30
  19.738
11
 107.965
21
 229.336
31
  19.664
39
 0
62
  2
 0
LINE
8
default
6
CONTINUOUS
10
 149.622
20
 228.097
30
  28.492
11
 149.639
21
 228.097
31
  28.420
39
 0
62
  2
 0
LINE
8
default
6
CONTINUOUS
10
-149.639
20
 228.697
30
  28.420
11
-107.965
21
 229.336
31
  19.664
39
 0
62
  2
 0
LINE
8
default
6
CONTINUOUS
10
 149.639
20
 228.697
30
  28.420
11
 107.965
21
 229.336
31
  19.664
39
 0
62
  2
 0
LINE
8
default
6
CONTINUOUS
10
-107.965
20
 229.336
30
  19.664
11
-107.978
21
 229.936
31
  19.591
39
 0
62
  2
 0
LINE
8
default
6
CONTINUOUS
10
-149.639
20
 228.697
30
  28.420
11
-149.657
21
 228.697
31
  28.348
39
 0
62
  2
 0
LINE
8
default
6
CONTINUOUS
10
 107.965
20
 229.336
30
  19.664
11
 107.978
21
 229.936
31
  19.591
39
 0
62
  2
 0
LINE
8
default
6
CONTINUOUS
10
 149.639
20
 228.697
30
  28.420
11
 149.657
21
 228.697
31
  28.348
39
 0
62
  2
 0
LINE
8
default
6
CONTINUOUS
10
-149.657
20
 229.297
30
  28.348
11
-107.978
21
 229.936
31
  19.591
39
 0
62
  2
 0
LINE
8
default
6
CONTINUOUS
10
 149.657
20
 229.297
30
  28.348
11
 107.978
21
 229.936
31
  19.591
39
 0
62
  2
 0
LINE
8
default
6
CONTINUOUS
10
-107.978
20
 229.936
30
  19.591
11
-107.990
21
 230.536
31
  19.517
39
 0
62
  2
 0
LINE
8
default
6
CONTINUOUS
10
-149.657
20
 229.297
30
  28.348
11
-149.675
21
 229.297
31
  28.276
39
 0
62
  2
 0
LINE
8
default
6
CONTINUOUS
10
 107.978
20
 229.936
30
  19.591
11
 107.990
21
 230.536
31
  19.517
39
 0
62
  2
 0
LINE
8
default
6
CONTINUOUS
10
 149.657
20
 229.297
30
  28.348
11
 149.675
21
 229.297
31
  28.276
39
 0
62
  2
 0
LINE
8
default
6
CONTINUOUS
10
-149.675
20
 229.898
30
  28.276
11
-107.990
21
 230.536
31
  19.517
39
 0
62
  2
 0
LINE
8
default
6
CONTINUOUS
10
 149.675
20
 229.898
30
  28.276
11
 107.990
21
 230.536
31
  19.517
39
 0
62
  2
 0
LINE
8
default
6
CONTINUOUS
10
-107.990
20
 230.536
30
  19.517
11
-108.003
21
 231.136
31
  19.443
39
 0
62
  2
 0
LINE
8
default
6
CONTINUOUS
10
-149.675
20
 229.898
30
  28.276
11
-149.693
21
 229.898
31
  28.204
39
 0
62
  2
 0
LINE
8
default
6
CONTINUOUS
10
 107.990
20
 230.536
30
  19.517
11
 108.003
21
 231.136
31
  19.443
39
 0
62
  2
 0
LINE
8
default
6
CONTINUOUS
10
 149.675
20
 229.898
30
  28.276
11
 149.693
21
 229.898
31
  28.204
39
 0
62
  2
 0
LINE
8
default
6
CONTINUOUS
10
-149.693
20
 230.498
30
  28.204
11
-108.003
21
 231.136
31
  19.443
39
 0
62
  2
 0
LINE
8
default
6
CONTINUOUS
10
 149.693
20
 230.498
30
  28.204
11
 108.003
21
 231.136
31
  19.443
39
 0
62
  2
 0
LINE
8
default
6
CONTINUOUS
10
-108.003
20
 231.136
30
  19.443
11
-108.016
21
 231.736
31
  19.370
39
 0
62
  2
 0
LINE
8
default
6
CONTINUOUS
10
-149.693
20
 230.498
30
  28.204
11
-149.710
21
 230.498
31
  28.133
39
 0
62
  2
 0
LINE
8
default
6
CONTINUOUS
10
 108.003
20
 231.136
30
  19.443
11
 108.016
21
 231.736
31
  19.370
39
 0
62
  2
 0
LINE
8
default
6
CONTINUOUS
10
 149.693
20
 230.498
30
  28.204
11
 149.710
21
 230.498
31
  28.133
39
 0
62
  2
 0
LINE
8
default
6
CONTINUOUS
10
-149.710
20
 231.098
30
  28.133
11
-108.016
21
 231.736
31
  19.370
39
 0
62
  2
 0
LINE
8
default
6
CONTINUOUS
10
 149.710
20
 231.098
30
  28.133
11
 108.016
21
 231.736
31
  19.370
39
 0
62
  2
 0
LINE
8
default
6
CONTINUOUS
10
-108.016
20
 231.736
30
  19.370
11
-108.029
21
 232.336
31
  19.296
39
 0
62
  2
 0
LINE
8
default
6
CONTINUOUS
10
-149.710
20
 231.098
30
  28.133
11
-149.728
21
 231.098
31
  28.061
39
 0
62
  2
 0
LINE
8
default
6
CONTINUOUS
10
 108.016
20
 231.736
30
  19.370
11
 108.029
21
 232.336
31
  19.296
39
 0
62
  2
 0
LINE
8
default
6
CONTINUOUS
10
 149.710
20
 231.098
30
  28.133
11
 149.728
21
 231.098
31
  28.061
39
 0
62
  2
 0
LINE
8
default
6
CONTINUOUS
10
-149.728
20
 231.698
30
  28.061
11
-108.029
21
 232.336
31
  19.296
39
 0
62
  2
 0
LINE
8
default
6
CONTINUOUS
10
 149.728
20
 231.698
30
  28.061
11
 108.029
21
 232.336
31
  19.296
39
 0
62
  2
 0
LINE
8
default
6
CONTINUOUS
10
-108.029
20
 232.336
30
  19.296
11
-108.043
21
 232.936
31
  19.221
39
 0
62
  2
 0
LINE
8
default
6
CONTINUOUS
10
-149.728
20
 231.698
30
  28.061
11
-149.746
21
 231.698
31
  27.988
39
 0
62
  2
 0
LINE
8
default
6
CONTINUOUS
10
 108.029
20
 232.336
30
  19.296
11
 108.043
21
 232.936
31
  19.221
39
 0
62
  2
 0
LINE
8
default
6
CONTINUOUS
10
 149.728
20
 231.698
30
  28.061
11
 149.746
21
 231.698
31
  27.988
39
 0
62
  2
 0
LINE
8
default
6
CONTINUOUS
10
-149.746
20
 232.298
30
  27.988
11
-108.043
21
 232.936
31
  19.221
39
 0
62
  2
 0
LINE
8
default
6
CONTINUOUS
10
 149.746
20
 232.298
30
  27.988
11
 108.043
21
 232.936
31
  19.221
39
 0
62
  2
 0
LINE
8
default
6
CONTINUOUS
10
-108.043
20
 232.936
30
  19.221
11
-108.056
21
 233.536
31
  19.144
39
 0
62
  2
 0
LINE
8
default
6
CONTINUOUS
10
-149.746
20
 232.298
30
  27.988
11
-149.764
21
 232.298
31
  27.913
39
 0
62
  2
 0
LINE
8
default
6
CONTINUOUS
10
 108.043
20
 232.936
30
  19.221
11
 108.056
21
 233.536
31
  19.144
39
 0
62
  2
 0
LINE
8
default
6
CONTINUOUS
10
 149.746
20
 232.298
30
  27.988
11
 149.764
21
 232.298
31
  27.913
39
 0
62
  2
 0
LINE
8
default
6
CONTINUOUS
10
-149.764
20
 232.899
30
  27.913
11
-108.056
21
 233.536
31
  19.144
39
 0
62
  2
 0
LINE
8
default
6
CONTINUOUS
10
 149.764
20
 232.899
30
  27.913
11
 108.056
21
 233.536
31
  19.144
39
 0
62
  2
 0
LINE
8
default
6
CONTINUOUS
10
-108.056
20
 233.536
30
  19.144
11
-108.069
21
 234.137
31
  19.068
39
 0
62
  2
 0
LINE
8
default
6
CONTINUOUS
10
-149.764
20
 232.899
30
  27.913
11
-149.783
21
 232.899
31
  27.839
39
 0
62
  2
 0
LINE
8
default
6
CONTINUOUS
10
 108.056
20
 233.536
30
  19.144
11
 108.069
21
 234.137
31
  19.068
39
 0
62
  2
 0
LINE
8
default
6
CONTINUOUS
10
 149.764
20
 232.899
30
  27.913
11
 149.783
21
 232.899
31
  27.839
39
 0
62
  2
 0
LINE
8
default
6
CONTINUOUS
10
-149.783
20
 233.499
30
  27.839
11
-108.069
21
 234.137
31
  19.068
39
 0
62
  2
 0
LINE
8
default
6
CONTINUOUS
10
 149.783
20
 233.499
30
  27.839
11
 108.069
21
 234.137
31
  19.068
39
 0
62
  2
 0
LINE
8
default
6
CONTINUOUS
10
-108.069
20
 234.137
30
  19.068
11
-108.083
21
 234.737
31
  18.992
39
 0
62
  2
 0
LINE
8
default
6
CONTINUOUS
10
-149.783
20
 233.499
30
  27.839
11
-149.801
21
 233.499
31
  27.764
39
 0
62
  2
 0
LINE
8
default
6
CONTINUOUS
10
 108.069
20
 234.137
30
  19.068
11
 108.083
21
 234.737
31
  18.992
39
 0
62
  2
 0
LINE
8
default
6
CONTINUOUS
10
 149.783
20
 233.499
30
  27.839
11
 149.801
21
 233.499
31
  27.764
39
 0
62
  2
 0
LINE
8
default
6
CONTINUOUS
10
-149.801
20
 234.099
30
  27.764
11
-108.083
21
 234.737
31
  18.992
39
 0
62
  2
 0
LINE
8
default
6
CONTINUOUS
10
 149.801
20
 234.099
30
  27.764
11
 108.083
21
 234.737
31
  18.992
39
 0
62
  2
 0
LINE
8
default
6
CONTINUOUS
10
-108.083
20
 234.737
30
  18.992
11
-108.096
21
 235.337
31
  18.915
39
 0
62
  2
 0
LINE
8
default
6
CONTINUOUS
10
-149.801
20
 234.099
30
  27.764
11
-149.820
21
 234.099
31
  27.690
39
 0
62
  2
 0
LINE
8
default
6
CONTINUOUS
10
 108.083
20
 234.737
30
  18.992
11
 108.096
21
 235.337
31
  18.915
39
 0
62
  2
 0
LINE
8
default
6
CONTINUOUS
10
 149.801
20
 234.099
30
  27.764
11
 149.820
21
 234.099
31
  27.690
39
 0
62
  2
 0
LINE
8
default
6
CONTINUOUS
10
-149.820
20
 234.699
30
  27.690
11
-108.096
21
 235.337
31
  18.915
39
 0
62
  2
 0
LINE
8
default
6
CONTINUOUS
10
 149.820
20
 234.699
30
  27.690
11
 108.096
21
 235.337
31
  18.915
39
 0
62
  2
 0
LINE
8
default
6
CONTINUOUS
10
-108.096
20
 235.337
30
  18.915
11
-108.110
21
 235.937
31
  18.839
39
 0
62
  2
 0
LINE
8
default
6
CONTINUOUS
10
-149.820
20
 234.699
30
  27.690
11
-149.838
21
 234.699
31
  27.615
39
 0
62
  2
 0
LINE
8
default
6
CONTINUOUS
10
 108.096
20
 235.337
30
  18.915
11
 108.110
21
 235.937
31
  18.839
39
 0
62
  2
 0
LINE
8
default
6
CONTINUOUS
10
 149.820
20
 234.699
30
  27.690
11
 149.838
21
 234.699
31
  27.615
39
 0
62
  2
 0
LINE
8
default
6
CONTINUOUS
10
-149.838
20
 235.299
30
  27.615
11
-108.110
21
 235.937
31
  18.839
39
 0
62
  2
 0
LINE
8
default
6
CONTINUOUS
10
 149.838
20
 235.299
30
  27.615
11
 108.110
21
 235.937
31
  18.839
39
 0
62
  2
 0
LINE
8
default
6
CONTINUOUS
10
-108.110
20
 235.937
30
  18.839
11
-108.123
21
 236.537
31
  18.763
39
 0
62
  2
 0
LINE
8
default
6
CONTINUOUS
10
-149.838
20
 235.299
30
  27.615
11
-149.856
21
 235.299
31
  27.541
39
 0
62
  2
 0
LINE
8
default
6
CONTINUOUS
10
 108.110
20
 235.937
30
  18.839
11
 108.123
21
 236.537
31
  18.763
39
 0
62
  2
 0
LINE
8
default
6
CONTINUOUS
10
 149.838
20
 235.299
30
  27.615
11
 149.856
21
 235.299
31
  27.541
39
 0
62
  2
 0
LINE
8
default
6
CONTINUOUS
10
-149.856
20
 235.900
30
  27.541
11
-108.123
21
 236.537
31
  18.763
39
 0
62
  2
 0
LINE
8
default
6
CONTINUOUS
10
 149.856
20
 235.900
30
  27.541
11
 108.123
21
 236.537
31
  18.763
39
 0
62
  2
 0
LINE
8
default
6
CONTINUOUS
10
-108.123
20
 236.537
30
  18.763
11
-108.137
21
 237.137
31
  18.686
39
 0
62
  2
 0
LINE
8
default
6
CONTINUOUS
10
-149.856
20
 235.900
30
  27.541
11
-149.875
21
 235.900
31
  27.466
39
 0
62
  2
 0
LINE
8
default
6
CONTINUOUS
10
 108.123
20
 236.537
30
  18.763
11
 108.137
21
 237.137
31
  18.686
39
 0
62
  2
 0
LINE
8
default
6
CONTINUOUS
10
 149.856
20
 235.900
30
  27.541
11
 149.875
21
 235.900
31
  27.466
39
 0
62
  2
 0
LINE
8
default
6
CONTINUOUS
10
-149.875
20
 236.500
30
  27.466
11
-108.137
21
 237.137
31
  18.686
39
 0
62
  2
 0
LINE
8
default
6
CONTINUOUS
10
 149.875
20
 236.500
30
  27.466
11
 108.137
21
 237.137
31
  18.686
39
 0
62
  2
 0
LINE
8
default
6
CONTINUOUS
10
-108.137
20
 237.137
30
  18.686
11
-108.150
21
 237.737
31
  18.610
39
 0
62
  2
 0
LINE
8
default
6
CONTINUOUS
10
-149.875
20
 236.500
30
  27.466
11
-149.893
21
 236.500
31
  27.392
39
 0
62
  2
 0
LINE
8
default
6
CONTINUOUS
10
 108.137
20
 237.137
30
  18.686
11
 108.150
21
 237.737
31
  18.610
39
 0
62
  2
 0
LINE
8
default
6
CONTINUOUS
10
 149.875
20
 236.500
30
  27.466
11
 149.893
21
 236.500
31
  27.392
39
 0
62
  2
 0
LINE
8
default
6
CONTINUOUS
10
-149.893
20
 237.100
30
  27.392
11
-108.150
21
 237.737
31
  18.610
39
 0
62
  2
 0
LINE
8
default
6
CONTINUOUS
10
 149.893
20
 237.100
30
  27.392
11
 108.150
21
 237.737
31
  18.610
39
 0
62
  2
 0
LINE
8
default
6
CONTINUOUS
10
-108.150
20
 237.737
30
  18.610
11
-108.163
21
 238.337
31
  18.534
39
 0
62
  2
 0
LINE
8
default
6
CONTINUOUS
10
-149.893
20
 237.100
30
  27.392
11
-149.912
21
 237.100
31
  27.318
39
 0
62
  2
 0
LINE
8
default
6
CONTINUOUS
10
 108.150
20
 237.737
30
  18.610
11
 108.163
21
 238.337
31
  18.534
39
 0
62
  2
 0
LINE
8
default
6
CONTINUOUS
10
 149.893
20
 237.100
30
  27.392
11
 149.912
21
 237.100
31
  27.318
39
 0
62
  2
 0
LINE
8
default
6
CONTINUOUS
10
-149.912
20
 237.700
30
  27.318
11
-108.163
21
 238.337
31
  18.534
39
 0
62
  2
 0
LINE
8
default
6
CONTINUOUS
10
 149.912
20
 237.700
30
  27.318
11
 108.163
21
 238.337
31
  18.534
39
 0
62
  2
 0
LINE
8
default
6
CONTINUOUS
10
-108.163
20
 238.337
30
  18.534
11
-108.177
21
 238.937
31
  18.457
39
 0
62
  2
 0
LINE
8
default
6
CONTINUOUS
10
-149.912
20
 237.700
30
  27.318
11
-149.930
21
 237.700
31
  27.243
39
 0
62
  2
 0
LINE
8
default
6
CONTINUOUS
10
 108.163
20
 238.337
30
  18.534
11
 108.177
21
 238.937
31
  18.457
39
 0
62
  2
 0
LINE
8
default
6
CONTINUOUS
10
 149.912
20
 237.700
30
  27.318
11
 149.930
21
 237.700
31
  27.243
39
 0
62
  2
 0
LINE
8
default
6
CONTINUOUS
10
-149.930
20
 238.301
30
  27.243
11
-108.177
21
 238.937
31
  18.457
39
 0
62
  2
 0
LINE
8
default
6
CONTINUOUS
10
 149.930
20
 238.301
30
  27.243
11
 108.177
21
 238.937
31
  18.457
39
 0
62
  2
 0
LINE
8
default
6
CONTINUOUS
10
-264.769
20
  41.623
30
  69.371
11
-228.315
21
  35.446
31
  53.762
39
 0
62
  2
 0
LINE
8
default
6
CONTINUOUS
10
 264.769
20
  41.623
30
  69.371
11
 228.315
21
  35.446
31
  53.762
39
 0
62
  2
 0
LINE
8
default
6
CONTINUOUS
10
-228.315
20
  35.446
30
  53.762
11
-228.263
21
  36.045
31
  53.893
39
 0
62
  2
 0
LINE
8
default
6
CONTINUOUS
10
-264.769
20
  41.623
30
  69.371
11
-264.703
21
  41.623
31
  69.502
39
 0
62
  2
 0
LINE
8
default
6
CONTINUOUS
10
 228.315
20
  35.446
30
  53.762
11
 228.263
21
  36.045
31
  53.893
39
 0
62
  2
 0
LINE
8
default
6
CONTINUOUS
10
 264.769
20
  41.623
30
  69.371
11
 264.703
21
  41.623
31
  69.502
39
 0
62
  2
 0
LINE
8
default
6
CONTINUOUS
10
-264.703
20
  42.221
30
  69.502
11
-228.263
21
  36.045
31
  53.893
39
 0
62
  2
 0
LINE
8
default
6
CONTINUOUS
10
 264.703
20
  42.221
30
  69.502
11
 228.263
21
  36.045
31
  53.893
39
 0
62
  2
 0
LINE
8
default
6
CONTINUOUS
10
-228.263
20
  36.045
30
  53.893
11
-228.211
21
  36.644
31
  54.024
39
 0
62
  2
 0
LINE
8
default
6
CONTINUOUS
10
-264.703
20
  42.221
30
  69.502
11
-264.640
21
  42.221
31
  69.630
39
 0
62
  2
 0
LINE
8
default
6
CONTINUOUS
10
 228.263
20
  36.045
30
  53.893
11
 228.211
21
  36.644
31
  54.024
39
 0
62
  2
 0
LINE
8
default
6
CONTINUOUS
10
 264.703
20
  42.221
30
  69.502
11
 264.640
21
  42.221
31
  69.630
39
 0
62
  2
 0
LINE
8
default
6
CONTINUOUS
10
-264.640
20
  42.820
30
  69.630
11
-228.211
21
  36.644
31
  54.024
39
 0
62
  2
 0
LINE
8
default
6
CONTINUOUS
10
 264.640
20
  42.820
30
  69.630
11
 228.211
21
  36.644
31
  54.024
39
 0
62
  2
 0
LINE
8
default
6
CONTINUOUS
10
-228.211
20
  36.644
30
  54.024
11
-228.158
21
  37.244
31
  54.155
39
 0
62
  2
 0
LINE
8
default
6
CONTINUOUS
10
-264.640
20
  42.820
30
  69.630
11
-264.576
21
  42.820
31
  69.757
39
 0
62
  2
 0
LINE
8
default
6
CONTINUOUS
10
 228.211
20
  36.644
30
  54.024
11
 228.158
21
  37.244
31
  54.155
39
 0
62
  2
 0
LINE
8
default
6
CONTINUOUS
10
 264.640
20
  42.820
30
  69.630
11
 264.576
21
  42.820
31
  69.757
39
 0
62
  2
 0
LINE
8
default
6
CONTINUOUS
10
-264.576
20
  43.418
30
  69.757
11
-228.158
21
  37.244
31
  54.155
39
 0
62
  2
 0
LINE
8
default
6
CONTINUOUS
10
 264.576
20
  43.418
30
  69.757
11
 228.158
21
  37.244
31
  54.155
39
 0
62
  2
 0
LINE
8
default
6
CONTINUOUS
10
-228.158
20
  37.244
30
  54.155
11
-228.108
21
  37.843
31
  54.281
39
 0
62
  2
 0
LINE
8
default
6
CONTINUOUS
10
-264.576
20
  43.418
30
  69.757
11
-264.513
21
  43.418
31
  69.883
39
 0
62
  2
 0
LINE
8
default
6
CONTINUOUS
10
 228.158
20
  37.244
30
  54.155
11
 228.108
21
  37.843
31
  54.281
39
 0
62
  2
 0
LINE
8
default
6
CONTINUOUS
10
 264.576
20
  43.418
30
  69.757
11
 264.513
21
  43.418
31
  69.883
39
 0
62
  2
 0
LINE
8
default
6
CONTINUOUS
10
-264.513
20
  44.017
30
  69.883
11
-228.108
21
  37.843
31
  54.281
39
 0
62
  2
 0
LINE
8
default
6
CONTINUOUS
10
 264.513
20
  44.017
30
  69.883
11
 228.108
21
  37.843
31
  54.281
39
 0
62
  2
 0
LINE
8
default
6
CONTINUOUS
10
-228.108
20
  37.843
30
  54.281
11
-228.061
21
  38.442
31
  54.400
39
 0
62
  2
 0
LINE
8
default
6
CONTINUOUS
10
-264.513
20
  44.017
30
  69.883
11
-264.455
21
  44.017
31
  69.999
39
 0
62
  2
 0
LINE
8
default
6
CONTINUOUS
10
 228.108
20
  37.843
30
  54.281
11
 228.061
21
  38.442
31
  54.400
39
 0
62
  2
 0
LINE
8
default
6
CONTINUOUS
10
 264.513
20
  44.017
30
  69.883
11
 264.455
21
  44.017
31
  69.999
39
 0
62
  2
 0
LINE
8
default
6
CONTINUOUS
10
-264.455
20
  44.616
30
  69.999
11
-228.061
21
  38.442
31
  54.400
39
 0
62
  2
 0
LINE
8
default
6
CONTINUOUS
10
 264.455
20
  44.616
30
  69.999
11
 228.061
21
  38.442
31
  54.400
39
 0
62
  2
 0
LINE
8
default
6
CONTINUOUS
10
-228.061
20
  38.442
30
  54.400
11
-228.013
21
  39.041
31
  54.519
39
 0
62
  2
 0
LINE
8
default
6
CONTINUOUS
10
-264.455
20
  44.616
30
  69.999
11
-264.397
21
  44.616
31
  70.115
39
 0
62
  2
 0
LINE
8
default
6
CONTINUOUS
10
 228.061
20
  38.442
30
  54.400
11
 228.013
21
  39.041
31
  54.519
39
 0
62
  2
 0
LINE
8
default
6
CONTINUOUS
10
 264.455
20
  44.616
30
  69.999
11
 264.397
21
  44.616
31
  70.115
39
 0
62
  2
 0
LINE
8
default
6
CONTINUOUS
10
-264.397
20
  45.214
30
  70.115
11
-228.013
21
  39.041
31
  54.519
39
 0
62
  2
 0
LINE
8
default
6
CONTINUOUS
10
 264.397
20
  45.214
30
  70.115
11
 228.013
21
  39.041
31
  54.519
39
 0
62
  2
 0
LINE
8
default
6
CONTINUOUS
10
-228.013
20
  39.041
30
  54.519
11
-227.966
21
  39.640
31
  54.638
39
 0
62
  2
 0
LINE
8
default
6
CONTINUOUS
10
-264.397
20
  45.214
30
  70.115
11
-264.340
21
  45.214
31
  70.231
39
 0
62
  2
 0
LINE
8
default
6
CONTINUOUS
10
 228.013
20
  39.041
30
  54.519
11
 227.966
21
  39.640
31
  54.638
39
 0
62
  2
 0
LINE
8
default
6
CONTINUOUS
10
 264.397
20
  45.214
30
  70.115
11
 264.340
21
  45.214
31
  70.231
39
 0
62
  2
 0
LINE
8
default
6
CONTINUOUS
10
-264.340
20
  45.813
30
  70.231
11
-227.966
21
  39.640
31
  54.638
39
 0
62
  2
 0
LINE
8
default
6
CONTINUOUS
10
 264.340
20
  45.813
30
  70.231
11
 227.966
21
  39.640
31
  54.638
39
 0
62
  2
 0
LINE
8
default
6
CONTINUOUS
10
-227.966
20
  39.640
30
  54.638
11
-227.918
21
  40.239
31
  54.757
39
 0
62
  2
 0
LINE
8
default
6
CONTINUOUS
10
-264.340
20
  45.813
30
  70.231
11
-264.282
21
  45.813
31
  70.347
39
 0
62
  2
 0
LINE
8
default
6
CONTINUOUS
10
 227.966
20
  39.640
30
  54.638
11
 227.918
21
  40.239
31
  54.757
39
 0
62
  2
 0
LINE
8
default
6
CONTINUOUS
10
 264.340
20
  45.813
30
  70.231
11
 264.282
21
  45.813
31
  70.347
39
 0
62
  2
 0
LINE
8
default
6
CONTINUOUS
10
-264.282
20
  46.412
30
  70.347
11
-227.918
21
  40.239
31
  54.757
39
 0
62
  2
 0
LINE
8
default
6
CONTINUOUS
10
 264.282
20
  46.412
30
  70.347
11
 227.918
21
  40.239
31
  54.757
39
 0
62
  2
 0
LINE
8
default
6
CONTINUOUS
10
-227.918
20
  40.239
30
  54.757
11
-227.872
21
  40.838
31
  54.872
39
 0
62
  2
 0
LINE
8
default
6
CONTINUOUS
10
-264.282
20
  46.412
30
  70.347
11
-264.225
21
  46.412
31
  70.461
39
 0
62
  2
 0
LINE
8
default
6
CONTINUOUS
10
 227.918
20
  40.239
30
  54.757
11
 227.872
21
  40.838
31
  54.872
39
 0
62
  2
 0
LINE
8
default
6
CONTINUOUS
10
 264.282
20
  46.412
30
  70.347
11
 264.225
21
  46.412
31
  70.461
39
 0
62
  2
 0
LINE
8
default
6
CONTINUOUS
10
-264.225
20
  47.011
30
  70.461
11
-227.872
21
  40.838
31
  54.872
39
 0
62
  2
 0
LINE
8
default
6
CONTINUOUS
10
 264.225
20
  47.011
30
  70.461
11
 227.872
21
  40.838
31
  54.872
39
 0
62
  2
 0
LINE
8
default
6
CONTINUOUS
10
-227.872
20
  40.838
30
  54.872
11
-227.829
21
  41.437
31
  54.980
39
 0
62
  2
 0
LINE
8
default
6
CONTINUOUS
10
-264.225
20
  47.011
30
  70.461
11
-264.173
21
  47.011
31
  70.566
39
 0
62
  2
 0
LINE
8
default
6
CONTINUOUS
10
 227.872
20
  40.838
30
  54.872
11
 227.829
21
  41.437
31
  54.980
39
 0
62
  2
 0
LINE
8
default
6
CONTINUOUS
10
 264.225
20
  47.011
30
  70.461
11
 264.173
21
  47.011
31
  70.566
39
 0
62
  2
 0
LINE
8
default
6
CONTINUOUS
10
-264.173
20
  47.610
30
  70.566
11
-227.829
21
  41.437
31
  54.980
39
 0
62
  2
 0
LINE
8
default
6
CONTINUOUS
10
 264.173
20
  47.610
30
  70.566
11
 227.829
21
  41.437
31
  54.980
39
 0
62
  2
 0
LINE
8
default
6
CONTINUOUS
10
-227.829
20
  41.437
30
  54.980
11
-227.786
21
  42.037
31
  55.088
39
 0
62
  2
 0
LINE
8
default
6
CONTINUOUS
10
-264.173
20
  47.610
30
  70.566
11
-264.120
21
  47.610
31
  70.671
39
 0
62
  2
 0
LINE
8
default
6
CONTINUOUS
10
 227.829
20
  41.437
30
  54.980
11
 227.786
21
  42.037
31
  55.088
39
 0
62
  2
 0
LINE
8
default
6
CONTINUOUS
10
 264.173
20
  47.610
30
  70.566
11
 264.120
21
  47.610
31
  70.671
39
 0
62
  2
 0
LINE
8
default
6
CONTINUOUS
10
-264.120
20
  48.208
30
  70.671
11
-227.786
21
  42.037
31
  55.088
39
 0
62
  2
 0
LINE
8
default
6
CONTINUOUS
10
 264.120
20
  48.208
30
  70.671
11
 227.786
21
  42.037
31
  55.088
39
 0
62
  2
 0
LINE
8
default
6
CONTINUOUS
10
-227.786
20
  42.037
30
  55.088
11
-227.744
21
  42.636
31
  55.195
39
 0
62
  2
 0
LINE
8
default
6
CONTINUOUS
10
-264.120
20
  48.208
30
  70.671
11
-264.068
21
  48.208
31
  70.776
39
 0
62
  2
 0
LINE
8
default
6
CONTINUOUS
10
 227.786
20
  42.037
30
  55.088
11
 227.744
21
  42.636
31
  55.195
39
 0
62
  2
 0
LINE
8
default
6
CONTINUOUS
10
 264.120
20
  48.208
30
  70.671
11
 264.068
21
  48.208
31
  70.776
39
 0
62
  2
 0
LINE
8
default
6
CONTINUOUS
10
-264.068
20
  48.807
30
  70.776
11
-227.744
21
  42.636
31
  55.195
39
 0
62
  2
 0
LINE
8
default
6
CONTINUOUS
10
 264.068
20
  48.807
30
  70.776
11
 227.744
21
  42.636
31
  55.195
39
 0
62
  2
 0
LINE
8
default
6
CONTINUOUS
10
-227.744
20
  42.636
30
  55.195
11
-227.701
21
  43.235
31
  55.303
39
 0
62
  2
 0
LINE
8
default
6
CONTINUOUS
10
-264.068
20
  48.807
30
  70.776
11
-264.015
21
  48.807
31
  70.882
39
 0
62
  2
 0
LINE
8
default
6
CONTINUOUS
10
 227.744
20
  42.636
30
  55.195
11
 227.701
21
  43.235
31
  55.303
39
 0
62
  2
 0
LINE
8
default
6
CONTINUOUS
10
 264.068
20
  48.807
30
  70.776
11
 264.015
21
  48.807
31
  70.882
39
 0
62
  2
 0
LINE
8
default
6
CONTINUOUS
10
-264.015
20
  49.406
30
  70.882
11
-227.701
21
  43.235
31
  55.303
39
 0
62
  2
 0
LINE
8
default
6
CONTINUOUS
10
 264.015
20
  49.406
30
  70.882
11
 227.701
21
  43.235
31
  55.303
39
 0
62
  2
 0
LINE
8
default
6
CONTINUOUS
10
-227.701
20
  43.235
30
  55.303
11
-227.658
21
  43.834
31
  55.411
39
 0
62
  2
 0
LINE
8
default
6
CONTINUOUS
10
-264.015
20
  49.406
30
  70.882
11
-263.963
21
  49.406
31
  70.987
39
 0
62
  2
 0
LINE
8
default
6
CONTINUOUS
10
 227.701
20
  43.235
30
  55.303
11
 227.658
21
  43.834
31
  55.411
39
 0
62
  2
 0
LINE
8
default
6
CONTINUOUS
10
 264.015
20
  49.406
30
  70.882
11
 263.963
21
  49.406
31
  70.987
39
 0
62
  2
 0
LINE
8
default
6
CONTINUOUS
10
-263.963
20
  50.005
30
  70.987
11
-227.658
21
  43.834
31
  55.411
39
 0
62
  2
 0
LINE
8
default
6
CONTINUOUS
10
 263.963
20
  50.005
30
  70.987
11
 227.658
21
  43.834
31
  55.411
39
 0
62
  2
 0
LINE
8
default
6
CONTINUOUS
10
-227.658
20
  43.834
30
  55.411
11
-227.617
21
  44.433
31
  55.514
39
 0
62
  2
 0
LINE
8
default
6
CONTINUOUS
10
-263.963
20
  50.005
30
  70.987
11
-263.913
21
  50.005
31
  71.086
39
 0
62
  2
 0
LINE
8
default
6
CONTINUOUS
10
 227.658
20
  43.834
30
  55.411
11
 227.617
21
  44.433
31
  55.514
39
 0
62
  2
 0
LINE
8
default
6
CONTINUOUS
10
 263.963
20
  50.005
30
  70.987
11
 263.913
21
  50.005
31
  71.086
39
 0
62
  2
 0
LINE
8
default
6
CONTINUOUS
10
-263.913
20
  50.604
30
  71.086
11
-227.617
21
  44.433
31
  55.514
39
 0
62
  2
 0
LINE
8
default
6
CONTINUOUS
10
 263.913
20
  50.604
30
  71.086
11
 227.617
21
  44.433
31
  55.514
39
 0
62
  2
 0
LINE
8
default
6
CONTINUOUS
10
-227.617
20
  44.433
30
  55.514
11
-227.578
21
  45.033
31
  55.611
39
 0
62
  2
 0
LINE
8
default
6
CONTINUOUS
10
-263.913
20
  50.604
30
  71.086
11
-263.866
21
  50.604
31
  71.181
39
 0
62
  2
 0
LINE
8
default
6
CONTINUOUS
10
 227.617
20
  44.433
30
  55.514
11
 227.578
21
  45.033
31
  55.611
39
 0
62
  2
 0
LINE
8
default
6
CONTINUOUS
10
 263.913
20
  50.604
30
  71.086
11
 263.866
21
  50.604
31
  71.181
39
 0
62
  2
 0
LINE
8
default
6
CONTINUOUS
10
-263.866
20
  51.203
30
  71.181
11
-227.578
21
  45.033
31
  55.611
39
 0
62
  2
 0
LINE
8
default
6
CONTINUOUS
10
 263.866
20
  51.203
30
  71.181
11
 227.578
21
  45.033
31
  55.611
39
 0
62
  2
 0
LINE
8
default
6
CONTINUOUS
10
-227.578
20
  45.033
30
  55.611
11
-227.539
21
  45.632
31
  55.707
39
 0
62
  2
 0
LINE
8
default
6
CONTINUOUS
10
-263.866
20
  51.203
30
  71.181
11
-263.819
21
  51.203
31
  71.275
39
 0
62
  2
 0
LINE
8
default
6
CONTINUOUS
10
 227.578
20
  45.033
30
  55.611
11
 227.539
21
  45.632
31
  55.707
39
 0
62
  2
 0
LINE
8
default
6
CONTINUOUS
10
 263.866
20
  51.203
30
  71.181
11
 263.819
21
  51.203
31
  71.275
39
 0
62
  2
 0
LINE
8
default
6
CONTINUOUS
10
-263.819
20
  51.802
30
  71.275
11
-227.539
21
  45.632
31
  55.707
39
 0
62
  2
 0
LINE
8
default
6
CONTINUOUS
10
 263.819
20
  51.802
30
  71.275
11
 227.539
21
  45.632
31
  55.707
39
 0
62
  2
 0
LINE
8
default
6
CONTINUOUS
10
-227.539
20
  45.632
30
  55.707
11
-227.501
21
  46.231
31
  55.804
39
 0
62
  2
 0
LINE
8
default
6
CONTINUOUS
10
-263.819
20
  51.802
30
  71.275
11
-263.772
21
  51.802
31
  71.370
39
 0
62
  2
 0
LINE
8
default
6
CONTINUOUS
10
 227.539
20
  45.632
30
  55.707
11
 227.501
21
  46.231
31
  55.804
39
 0
62
  2
 0
LINE
8
default
6
CONTINUOUS
10
 263.819
20
  51.802
30
  71.275
11
 263.772
21
  51.802
31
  71.370
39
 0
62
  2
 0
LINE
8
default
6
CONTINUOUS
10
-263.772
20
  52.401
30
  71.370
11
-227.501
21
  46.231
31
  55.804
39
 0
62
  2
 0
LINE
8
default
6
CONTINUOUS
10
 263.772
20
  52.401
30
  71.370
11
 227.501
21
  46.231
31
  55.804
39
 0
62
  2
 0
LINE
8
default
6
CONTINUOUS
10
-227.501
20
  46.231
30
  55.804
11
-227.462
21
  46.830
31
  55.901
39
 0
62
  2
 0
LINE
8
default
6
CONTINUOUS
10
-263.772
20
  52.401
30
  71.370
11
-263.724
21
  52.401
31
  71.465
39
 0
62
  2
 0
LINE
8
default
6
CONTINUOUS
10
 227.501
20
  46.231
30
  55.804
11
 227.462
21
  46.830
31
  55.901
39
 0
62
  2
 0
LINE
8
default
6
CONTINUOUS
10
 263.772
20
  52.401
30
  71.370
11
 263.724
21
  52.401
31
  71.465
39
 0
62
  2
 0
LINE
8
default
6
CONTINUOUS
10
-263.724
20
  53.000
30
  71.465
11
-227.462
21
  46.830
31
  55.901
39
 0
62
  2
 0
LINE
8
default
6
CONTINUOUS
10
 263.724
20
  53.000
30
  71.465
11
 227.462
21
  46.830
31
  55.901
39
 0
62
  2
 0
LINE
8
default
6
CONTINUOUS
10
-227.462
20
  46.830
30
  55.901
11
-227.423
21
  47.430
31
  55.998
39
 0
62
  2
 0
LINE
8
default
6
CONTINUOUS
10
-263.724
20
  53.000
30
  71.465
11
-263.677
21
  53.000
31
  71.560
39
 0
62
  2
 0
LINE
8
default
6
CONTINUOUS
10
 227.462
20
  46.830
30
  55.901
11
 227.423
21
  47.430
31
  55.998
39
 0
62
  2
 0
LINE
8
default
6
CONTINUOUS
10
 263.724
20
  53.000
30
  71.465
11
 263.677
21
  53.000
31
  71.560
39
 0
62
  2
 0
LINE
8
default
6
CONTINUOUS
10
-263.677
20
  53.599
30
  71.560
11
-227.423
21
  47.430
31
  55.998
39
 0
62
  2
 0
LINE
8
default
6
CONTINUOUS
10
 263.677
20
  53.599
30
  71.560
11
 227.423
21
  47.430
31
  55.998
39
 0
62
  2
 0
LINE
8
default
6
CONTINUOUS
10
-261.912
20
  91.920
30
  75.100
11
-225.919
21
  87.815
31
  59.769
39
 0
62
  2
 0
LINE
8
default
6
CONTINUOUS
10
 261.912
20
  91.920
30
  75.100
11
 225.919
21
  87.815
31
  59.769
39
 0
62
  2
 0
LINE
8
default
6
CONTINUOUS
10
-225.919
20
  87.815
30
  59.769
11
-225.908
21
  88.415
31
  59.796
39
 0
62
  2
 0
LINE
8
default
6
CONTINUOUS
10
-261.912
20
  91.920
30
  75.100
11
-261.898
21
  91.920
31
  75.128
39
 0
62
  2
 0
LINE
8
default
6
CONTINUOUS
10
 225.919
20
  87.815
30
  59.769
11
 225.908
21
  88.415
31
  59.796
39
 0
62
  2
 0
LINE
8
default
6
CONTINUOUS
10
 261.912
20
  91.920
30
  75.100
11
 261.898
21
  91.920
31
  75.128
39
 0
62
  2
 0
LINE
8
default
6
CONTINUOUS
10
-261.898
20
  92.519
30
  75.128
11
-225.908
21
  88.415
31
  59.796
39
 0
62
  2
 0
LINE
8
default
6
CONTINUOUS
10
 261.898
20
  92.519
30
  75.128
11
 225.908
21
  88.415
31
  59.796
39
 0
62
  2
 0
LINE
8
default
6
CONTINUOUS
10
-225.908
20
  88.415
30
  59.796
11
-225.897
21
  89.015
31
  59.823
39
 0
62
  2
 0
LINE
8
default
6
CONTINUOUS
10
-261.898
20
  92.519
30
  75.128
11
-261.885
21
  92.519
31
  75.155
39
 0
62
  2
 0
LINE
8
default
6
CONTINUOUS
10
 225.908
20
  88.415
30
  59.796
11
 225.897
21
  89.015
31
  59.823
39
 0
62
  2
 0
LINE
8
default
6
CONTINUOUS
10
 261.898
20
  92.519
30
  75.128
11
 261.885
21
  92.519
31
  75.155
39
 0
62
  2
 0
LINE
8
default
6
CONTINUOUS
10
-261.885
20
  93.119
30
  75.155
11
-225.897
21
  89.015
31
  59.823
39
 0
62
  2
 0
LINE
8
default
6
CONTINUOUS
10
 261.885
20
  93.119
30
  75.155
11
 225.897
21
  89.015
31
  59.823
39
 0
62
  2
 0
LINE
8
default
6
CONTINUOUS
10
-225.897
20
  89.015
30
  59.823
11
-225.886
21
  89.615
31
  59.850
39
 0
62
  2
 0
LINE
8
default
6
CONTINUOUS
10
-261.885
20
  93.119
30
  75.155
11
-261.871
21
  93.119
31
  75.183
39
 0
62
  2
 0
LINE
8
default
6
CONTINUOUS
10
 225.897
20
  89.015
30
  59.823
11
 225.886
21
  89.615
31
  59.850
39
 0
62
  2
 0
LINE
8
default
6
CONTINUOUS
10
 261.885
20
  93.119
30
  75.155
11
 261.871
21
  93.119
31
  75.183
39
 0
62
  2
 0
LINE
8
default
6
CONTINUOUS
10
-261.871
20
  93.719
30
  75.183
11
-225.886
21
  89.615
31
  59.850
39
 0
62
  2
 0
LINE
8
default
6
CONTINUOUS
10
 261.871
20
  93.719
30
  75.183
11
 225.886
21
  89.615
31
  59.850
39
 0
62
  2
 0
LINE
8
default
6
CONTINUOUS
10
-225.886
20
  89.615
30
  59.850
11
-225.876
21
  90.214
31
  59.877
39
 0
62
  2
 0
LINE
8
default
6
CONTINUOUS
10
-261.871
20
  93.719
30
  75.183
11
-261.857
21
  93.719
31
  75.211
39
 0
62
  2
 0
LINE
8
default
6
CONTINUOUS
10
 225.886
20
  89.615
30
  59.850
11
 225.876
21
  90.214
31
  59.877
39
 0
62
  2
 0
LINE
8
default
6
CONTINUOUS
10
 261.871
20
  93.719
30
  75.183
11
 261.857
21
  93.719
31
  75.211
39
 0
62
  2
 0
LINE
8
default
6
CONTINUOUS
10
-261.857
20
  94.318
30
  75.211
11
-225.876
21
  90.214
31
  59.877
39
 0
62
  2
 0
LINE
8
default
6
CONTINUOUS
10
 261.857
20
  94.318
30
  75.211
11
 225.876
21
  90.214
31
  59.877
39
 0
62
  2
 0
LINE
8
default
6
CONTINUOUS
10
-225.876
20
  90.214
30
  59.877
11
-225.865
21
  90.814
31
  59.904
39
 0
62
  2
 0
LINE
8
default
6
CONTINUOUS
10
-261.857
20
  94.318
30
  75.211
11
-261.843
21
  94.318
31
  75.238
39
 0
62
  2
 0
LINE
8
default
6
CONTINUOUS
10
 225.876
20
  90.214
30
  59.877
11
 225.865
21
  90.814
31
  59.904
39
 0
62
  2
 0
LINE
8
default
6
CONTINUOUS
10
 261.857
20
  94.318
30
  75.211
11
 261.843
21
  94.318
31
  75.238
39
 0
62
  2
 0
LINE
8
default
6
CONTINUOUS
10
-261.843
20
  94.918
30
  75.238
11
-225.865
21
  90.814
31
  59.904
39
 0
62
  2
 0
LINE
8
default
6
CONTINUOUS
10
 261.843
20
  94.918
30
  75.238
11
 225.865
21
  90.814
31
  59.904
39
 0
62
  2
 0
LINE
8
default
6
CONTINUOUS
10
-225.865
20
  90.814
30
  59.904
11
-225.854
21
  91.414
31
  59.932
39
 0
62
  2
 0
LINE
8
default
6
CONTINUOUS
10
-261.843
20
  94.918
30
  75.238
11
-261.829
21
  94.918
31
  75.266
39
 0
62
  2
 0
LINE
8
default
6
CONTINUOUS
10
 225.865
20
  90.814
30
  59.904
11
 225.854
21
  91.414
31
  59.932
39
 0
62
  2
 0
LINE
8
default
6
CONTINUOUS
10
 261.843
20
  94.918
30
  75.238
11
 261.829
21
  94.918
31
  75.266
39
 0
62
  2
 0
LINE
8
default
6
CONTINUOUS
10
-261.829
20
  95.518
30
  75.266
11
-225.854
21
  91.414
31
  59.932
39
 0
62
  2
 0
LINE
8
default
6
CONTINUOUS
10
 261.829
20
  95.518
30
  75.266
11
 225.854
21
  91.414
31
  59.932
39
 0
62
  2
 0
LINE
8
default
6
CONTINUOUS
10
-225.854
20
  91.414
30
  59.932
11
-225.843
21
  92.014
31
  59.959
39
 0
62
  2
 0
LINE
8
default
6
CONTINUOUS
10
-261.829
20
  95.518
30
  75.266
11
-261.816
21
  95.518
31
  75.294
39
 0
62
  2
 0
LINE
8
default
6
CONTINUOUS
10
 225.854
20
  91.414
30
  59.932
11
 225.843
21
  92.014
31
  59.959
39
 0
62
  2
 0
LINE
8
default
6
CONTINUOUS
10
 261.829
20
  95.518
30
  75.266
11
 261.816
21
  95.518
31
  75.294
39
 0
62
  2
 0
LINE
8
default
6
CONTINUOUS
10
-261.816
20
  96.118
30
  75.294
11
-225.843
21
  92.014
31
  59.959
39
 0
62
  2
 0
LINE
8
default
6
CONTINUOUS
10
 261.816
20
  96.118
30
  75.294
11
 225.843
21
  92.014
31
  59.959
39
 0
62
  2
 0
LINE
8
default
6
CONTINUOUS
10
-225.843
20
  92.014
30
  59.959
11
-225.832
21
  92.614
31
  59.986
39
 0
62
  2
 0
LINE
8
default
6
CONTINUOUS
10
-261.816
20
  96.118
30
  75.294
11
-261.802
21
  96.118
31
  75.321
39
 0
62
  2
 0
LINE
8
default
6
CONTINUOUS
10
 225.843
20
  92.014
30
  59.959
11
 225.832
21
  92.614
31
  59.986
39
 0
62
  2
 0
LINE
8
default
6
CONTINUOUS
10
 261.816
20
  96.118
30
  75.294
11
 261.802
21
  96.118
31
  75.321
39
 0
62
  2
 0
LINE
8
default
6
CONTINUOUS
10
-261.802
20
  96.717
30
  75.321
11
-225.832
21
  92.614
31
  59.986
39
 0
62
  2
 0
LINE
8
default
6
CONTINUOUS
10
 261.802
20
  96.717
30
  75.321
11
 225.832
21
  92.614
31
  59.986
39
 0
62
  2
 0
LINE
8
default
6
CONTINUOUS
10
-225.832
20
  92.614
30
  59.986
11
-225.823
21
  93.214
31
  60.009
39
 0
62
  2
 0
LINE
8
default
6
CONTINUOUS
10
-261.802
20
  96.717
30
  75.321
11
-261.790
21
  96.717
31
  75.346
39
 0
62
  2
 0
LINE
8
default
6
CONTINUOUS
10
 225.832
20
  92.614
30
  59.986
11
 225.823
21
  93.214
31
  60.009
39
 0
62
  2
 0
LINE
8
default
6
CONTINUOUS
10
 261.802
20
  96.717
30
  75.321
11
 261.790
21
  96.717
31
  75.346
39
 0
62
  2
 0
LINE
8
default
6
CONTINUOUS
10
-261.790
20
  97.317
30
  75.346
11
-225.823
21
  93.214
31
  60.009
39
 0
62
  2
 0
LINE
8
default
6
CONTINUOUS
10
 261.790
20
  97.317
30
  75.346
11
 225.823
21
  93.214
31
  60.009
39
 0
62
  2
 0
LINE
8
default
6
CONTINUOUS
10
-225.823
20
  93.214
30
  60.009
11
-225.815
21
  93.813
31
  60.029
39
 0
62
  2
 0
LINE
8
default
6
CONTINUOUS
10
-261.790
20
  97.317
30
  75.346
11
-261.779
21
  97.317
31
  75.366
39
 0
62
  2
 0
LINE
8
default
6
CONTINUOUS
10
 225.823
20
  93.214
30
  60.009
11
 225.815
21
  93.813
31
  60.029
39
 0
62
  2
 0
LINE
8
default
6
CONTINUOUS
10
 261.790
20
  97.317
30
  75.346
11
 261.779
21
  97.317
31
  75.366
39
 0
62
  2
 0
LINE
8
default
6
CONTINUOUS
10
-261.779
20
  97.917
30
  75.366
11
-225.815
21
  93.813
31
  60.029
39
 0
62
  2
 0
LINE
8
default
6
CONTINUOUS
10
 261.779
20
  97.917
30
  75.366
11
 225.815
21
  93.813
31
  60.029
39
 0
62
  2
 0
LINE
8
default
6
CONTINUOUS
10
-225.815
20
  93.813
30
  60.029
11
-225.807
21
  94.413
31
  60.049
39
 0
62
  2
 0
LINE
8
default
6
CONTINUOUS
10
-261.779
20
  97.917
30
  75.366
11
-261.769
21
  97.917
31
  75.387
39
 0
62
  2
 0
LINE
8
default
6
CONTINUOUS
10
 225.815
20
  93.813
30
  60.029
11
 225.807
21
  94.413
31
  60.049
39
 0
62
  2
 0
LINE
8
default
6
CONTINUOUS
10
 261.779
20
  97.917
30
  75.366
11
 261.769
21
  97.917
31
  75.387
39
 0
62
  2
 0
LINE
8
default
6
CONTINUOUS
10
-261.769
20
  98.517
30
  75.387
11
-225.807
21
  94.413
31
  60.049
39
 0
62
  2
 0
LINE
8
default
6
CONTINUOUS
10
 261.769
20
  98.517
30
  75.387
11
 225.807
21
  94.413
31
  60.049
39
 0
62
  2
 0
LINE
8
default
6
CONTINUOUS
10
-225.807
20
  94.413
30
  60.049
11
-225.799
21
  95.013
31
  60.068
39
 0
62
  2
 0
LINE
8
default
6
CONTINUOUS
10
-261.769
20
  98.517
30
  75.387
11
-261.759
21
  98.517
31
  75.407
39
 0
62
  2
 0
LINE
8
default
6
CONTINUOUS
10
 225.807
20
  94.413
30
  60.049
11
 225.799
21
  95.013
31
  60.068
39
 0
62
  2
 0
LINE
8
default
6
CONTINUOUS
10
 261.769
20
  98.517
30
  75.387
11
 261.759
21
  98.517
31
  75.407
39
 0
62
  2
 0
LINE
8
default
6
CONTINUOUS
10
-261.759
20
  99.117
30
  75.407
11
-225.799
21
  95.013
31
  60.068
39
 0
62
  2
 0
LINE
8
default
6
CONTINUOUS
10
 261.759
20
  99.117
30
  75.407
11
 225.799
21
  95.013
31
  60.068
39
 0
62
  2
 0
LINE
8
default
6
CONTINUOUS
10
-225.799
20
  95.013
30
  60.068
11
-225.791
21
  95.613
31
  60.088
39
 0
62
  2
 0
LINE
8
default
6
CONTINUOUS
10
-261.759
20
  99.117
30
  75.407
11
-261.749
21
  99.117
31
  75.428
39
 0
62
  2
 0
LINE
8
default
6
CONTINUOUS
10
 225.799
20
  95.013
30
  60.068
11
 225.791
21
  95.613
31
  60.088
39
 0
62
  2
 0
LINE
8
default
6
CONTINUOUS
10
 261.759
20
  99.117
30
  75.407
11
 261.749
21
  99.117
31
  75.428
39
 0
62
  2
 0
LINE
8
default
6
CONTINUOUS
10
-261.749
20
  99.716
30
  75.428
11
-225.791
21
  95.613
31
  60.088
39
 0
62
  2
 0
LINE
8
default
6
CONTINUOUS
10
 261.749
20
  99.716
30
  75.428
11
 225.791
21
  95.613
31
  60.088
39
 0
62
  2
 0
LINE
8
default
6
CONTINUOUS
10
-225.791
20
  95.613
30
  60.088
11
-225.784
21
  96.213
31
  60.108
39
 0
62
  2
 0
LINE
8
default
6
CONTINUOUS
10
-261.749
20
  99.716
30
  75.428
11
-261.738
21
  99.716
31
  75.448
39
 0
62
  2
 0
LINE
8
default
6
CONTINUOUS
10
 225.791
20
  95.613
30
  60.088
11
 225.784
21
  96.213
31
  60.108
39
 0
62
  2
 0
LINE
8
default
6
CONTINUOUS
10
 261.749
20
  99.716
30
  75.428
11
 261.738
21
  99.716
31
  75.448
39
 0
62
  2
 0
LINE
8
default
6
CONTINUOUS
10
-261.738
20
 100.316
30
  75.448
11
-225.784
21
  96.213
31
  60.108
39
 0
62
  2
 0
LINE
8
default
6
CONTINUOUS
10
 261.738
20
 100.316
30
  75.448
11
 225.784
21
  96.213
31
  60.108
39
 0
62
  2
 0
LINE
8
default
6
CONTINUOUS
10
-225.784
20
  96.213
30
  60.108
11
-225.776
21
  96.813
31
  60.128
39
 0
62
  2
 0
LINE
8
default
6
CONTINUOUS
10
-261.738
20
 100.316
30
  75.448
11
-261.728
21
 100.316
31
  75.469
39
 0
62
  2
 0
LINE
8
default
6
CONTINUOUS
10
 225.784
20
  96.213
30
  60.108
11
 225.776
21
  96.813
31
  60.128
39
 0
62
  2
 0
LINE
8
default
6
CONTINUOUS
10
 261.738
20
 100.316
30
  75.448
11
 261.728
21
 100.316
31
  75.469
39
 0
62
  2
 0
LINE
8
default
6
CONTINUOUS
10
-261.728
20
 100.916
30
  75.469
11
-225.776
21
  96.813
31
  60.128
39
 0
62
  2
 0
LINE
8
default
6
CONTINUOUS
10
 261.728
20
 100.916
30
  75.469
11
 225.776
21
  96.813
31
  60.128
39
 0
62
  2
 0
LINE
8
default
6
CONTINUOUS
10
-225.776
20
  96.813
30
  60.128
11
-225.768
21
  97.413
31
  60.148
39
 0
62
  2
 0
LINE
8
default
6
CONTINUOUS
10
-261.728
20
 100.916
30
  75.469
11
-261.718
21
 100.916
31
  75.490
39
 0
62
  2
 0
LINE
8
default
6
CONTINUOUS
10
 225.776
20
  96.813
30
  60.128
11
 225.768
21
  97.413
31
  60.148
39
 0
62
  2
 0
LINE
8
default
6
CONTINUOUS
10
 261.728
20
 100.916
30
  75.469
11
 261.718
21
 100.916
31
  75.490
39
 0
62
  2
 0
LINE
8
default
6
CONTINUOUS
10
-261.718
20
 101.516
30
  75.490
11
-225.768
21
  97.413
31
  60.148
39
 0
62
  2
 0
LINE
8
default
6
CONTINUOUS
10
 261.718
20
 101.516
30
  75.490
11
 225.768
21
  97.413
31
  60.148
39
 0
62
  2
 0
LINE
8
default
6
CONTINUOUS
10
-225.768
20
  97.413
30
  60.148
11
-225.760
21
  98.012
31
  60.167
39
 0
62
  2
 0
LINE
8
default
6
CONTINUOUS
10
-261.718
20
 101.516
30
  75.490
11
-261.708
21
 101.516
31
  75.510
39
 0
62
  2
 0
LINE
8
default
6
CONTINUOUS
10
 225.768
20
  97.413
30
  60.148
11
 225.760
21
  98.012
31
  60.167
39
 0
62
  2
 0
LINE
8
default
6
CONTINUOUS
10
 261.718
20
 101.516
30
  75.490
11
 261.708
21
 101.516
31
  75.510
39
 0
62
  2
 0
LINE
8
default
6
CONTINUOUS
10
-261.708
20
 102.116
30
  75.510
11
-225.760
21
  98.012
31
  60.167
39
 0
62
  2
 0
LINE
8
default
6
CONTINUOUS
10
 261.708
20
 102.116
30
  75.510
11
 225.760
21
  98.012
31
  60.167
39
 0
62
  2
 0
LINE
8
default
6
CONTINUOUS
10
-225.760
20
  98.012
30
  60.167
11
-225.752
21
  98.612
31
  60.187
39
 0
62
  2
 0
LINE
8
default
6
CONTINUOUS
10
-261.708
20
 102.116
30
  75.510
11
-261.697
21
 102.116
31
  75.531
39
 0
62
  2
 0
LINE
8
default
6
CONTINUOUS
10
 225.760
20
  98.012
30
  60.167
11
 225.752
21
  98.612
31
  60.187
39
 0
62
  2
 0
LINE
8
default
6
CONTINUOUS
10
 261.708
20
 102.116
30
  75.510
11
 261.697
21
 102.116
31
  75.531
39
 0
62
  2
 0
LINE
8
default
6
CONTINUOUS
10
-261.697
20
 102.715
30
  75.531
11
-225.752
21
  98.612
31
  60.187
39
 0
62
  2
 0
LINE
8
default
6
CONTINUOUS
10
 261.697
20
 102.715
30
  75.531
11
 225.752
21
  98.612
31
  60.187
39
 0
62
  2
 0
LINE
8
default
6
CONTINUOUS
10
-225.752
20
  98.612
30
  60.187
11
-225.744
21
  99.212
31
  60.207
39
 0
62
  2
 0
LINE
8
default
6
CONTINUOUS
10
-261.697
20
 102.715
30
  75.531
11
-261.687
21
 102.715
31
  75.551
39
 0
62
  2
 0
LINE
8
default
6
CONTINUOUS
10
 225.752
20
  98.612
30
  60.187
11
 225.744
21
  99.212
31
  60.207
39
 0
62
  2
 0
LINE
8
default
6
CONTINUOUS
10
 261.697
20
 102.715
30
  75.531
11
 261.687
21
 102.715
31
  75.551
39
 0
62
  2
 0
LINE
8
default
6
CONTINUOUS
10
-261.687
20
 103.315
30
  75.551
11
-225.744
21
  99.212
31
  60.207
39
 0
62
  2
 0
LINE
8
default
6
CONTINUOUS
10
 261.687
20
 103.315
30
  75.551
11
 225.744
21
  99.212
31
  60.207
39
 0
62
  2
 0
LINE
8
default
6
CONTINUOUS
10
-225.744
20
  99.212
30
  60.207
11
-225.736
21
  99.812
31
  60.227
39
 0
62
  2
 0
LINE
8
default
6
CONTINUOUS
10
-261.687
20
 103.315
30
  75.551
11
-261.677
21
 103.315
31
  75.572
39
 0
62
  2
 0
LINE
8
default
6
CONTINUOUS
10
 225.744
20
  99.212
30
  60.207
11
 225.736
21
  99.812
31
  60.227
39
 0
62
  2
 0
LINE
8
default
6
CONTINUOUS
10
 261.687
20
 103.315
30
  75.551
11
 261.677
21
 103.315
31
  75.572
39
 0
62
  2
 0
LINE
8
default
6
CONTINUOUS
10
-261.677
20
 103.915
30
  75.572
11
-225.736
21
  99.812
31
  60.227
39
 0
62
  2
 0
LINE
8
default
6
CONTINUOUS
10
 261.677
20
 103.915
30
  75.572
11
 225.736
21
  99.812
31
  60.227
39
 0
62
  2
 0
LINE
8
default
6
CONTINUOUS
10
-262.070
20
 159.512
30
  74.784
11
-226.138
21
 158.165
31
  59.219
39
 0
62
  2
 0
LINE
8
default
6
CONTINUOUS
10
 262.070
20
 159.512
30
  74.784
11
 226.138
21
 158.165
31
  59.219
39
 0
62
  2
 0
LINE
8
default
6
CONTINUOUS
10
-226.138
20
 158.165
30
  59.219
11
-226.152
21
 158.765
31
  59.185
39
 0
62
  2
 0
LINE
8
default
6
CONTINUOUS
10
-262.070
20
 159.512
30
  74.784
11
-262.085
21
 159.512
31
  74.752
39
 0
62
  2
 0
LINE
8
default
6
CONTINUOUS
10
 226.138
20
 158.165
30
  59.219
11
 226.152
21
 158.765
31
  59.185
39
 0
62
  2
 0
LINE
8
default
6
CONTINUOUS
10
 262.070
20
 159.512
30
  74.784
11
 262.085
21
 159.512
31
  74.752
39
 0
62
  2
 0
LINE
8
default
6
CONTINUOUS
10
-262.085
20
 160.112
30
  74.752
11
-226.152
21
 158.765
31
  59.185
39
 0
62
  2
 0
LINE
8
default
6
CONTINUOUS
10
 262.085
20
 160.112
30
  74.752
11
 226.152
21
 158.765
31
  59.185
39
 0
62
  2
 0
LINE
8
default
6
CONTINUOUS
10
-226.152
20
 158.765
30
  59.185
11
-226.165
21
 159.366
31
  59.151
39
 0
62
  2
 0
LINE
8
default
6
CONTINUOUS
10
-262.085
20
 160.112
30
  74.752
11
-262.101
21
 160.112
31
  74.721
39
 0
62
  2
 0
LINE
8
default
6
CONTINUOUS
10
 226.152
20
 158.765
30
  59.185
11
 226.165
21
 159.366
31
  59.151
39
 0
62
  2
 0
LINE
8
default
6
CONTINUOUS
10
 262.085
20
 160.112
30
  74.752
11
 262.101
21
 160.112
31
  74.721
39
 0
62
  2
 0
LINE
8
default
6
CONTINUOUS
10
-262.101
20
 160.713
30
  74.721
11
-226.165
21
 159.366
31
  59.151
39
 0
62
  2
 0
LINE
8
default
6
CONTINUOUS
10
 262.101
20
 160.713
30
  74.721
11
 226.165
21
 159.366
31
  59.151
39
 0
62
  2
 0
LINE
8
default
6
CONTINUOUS
10
-226.165
20
 159.366
30
  59.151
11
-226.179
21
 159.966
31
  59.117
39
 0
62
  2
 0
LINE
8
default
6
CONTINUOUS
10
-262.101
20
 160.713
30
  74.721
11
-262.117
21
 160.713
31
  74.690
39
 0
62
  2
 0
LINE
8
default
6
CONTINUOUS
10
 226.165
20
 159.366
30
  59.151
11
 226.179
21
 159.966
31
  59.117
39
 0
62
  2
 0
LINE
8
default
6
CONTINUOUS
10
 262.101
20
 160.713
30
  74.721
11
 262.117
21
 160.713
31
  74.690
39
 0
62
  2
 0
LINE
8
default
6
CONTINUOUS
10
-262.117
20
 161.313
30
  74.690
11
-226.179
21
 159.966
31
  59.117
39
 0
62
  2
 0
LINE
8
default
6
CONTINUOUS
10
 262.117
20
 161.313
30
  74.690
11
 226.179
21
 159.966
31
  59.117
39
 0
62
  2
 0
LINE
8
default
6
CONTINUOUS
10
-226.179
20
 159.966
30
  59.117
11
-226.193
21
 160.566
31
  59.083
39
 0
62
  2
 0
LINE
8
default
6
CONTINUOUS
10
-262.117
20
 161.313
30
  74.690
11
-262.132
21
 161.313
31
  74.659
39
 0
62
  2
 0
LINE
8
default
6
CONTINUOUS
10
 226.179
20
 159.966
30
  59.117
11
 226.193
21
 160.566
31
  59.083
39
 0
62
  2
 0
LINE
8
default
6
CONTINUOUS
10
 262.117
20
 161.313
30
  74.690
11
 262.132
21
 161.313
31
  74.659
39
 0
62
  2
 0
LINE
8
default
6
CONTINUOUS
10
-262.132
20
 161.913
30
  74.659
11
-226.193
21
 160.566
31
  59.083
39
 0
62
  2
 0
LINE
8
default
6
CONTINUOUS
10
 262.132
20
 161.913
30
  74.659
11
 226.193
21
 160.566
31
  59.083
39
 0
62
  2
 0
LINE
8
default
6
CONTINUOUS
10
-226.193
20
 160.566
30
  59.083
11
-226.206
21
 161.167
31
  59.049
39
 0
62
  2
 0
LINE
8
default
6
CONTINUOUS
10
-262.132
20
 161.913
30
  74.659
11
-262.148
21
 161.913
31
  74.627
39
 0
62
  2
 0
LINE
8
default
6
CONTINUOUS
10
 226.193
20
 160.566
30
  59.083
11
 226.206
21
 161.167
31
  59.049
39
 0
62
  2
 0
LINE
8
default
6
CONTINUOUS
10
 262.132
20
 161.913
30
  74.659
11
 262.148
21
 161.913
31
  74.627
39
 0
62
  2
 0
LINE
8
default
6
CONTINUOUS
10
-262.148
20
 162.514
30
  74.627
11
-226.206
21
 161.167
31
  59.049
39
 0
62
  2
 0
LINE
8
default
6
CONTINUOUS
10
 262.148
20
 162.514
30
  74.627
11
 226.206
21
 161.167
31
  59.049
39
 0
62
  2
 0
LINE
8
default
6
CONTINUOUS
10
-226.206
20
 161.167
30
  59.049
11
-226.220
21
 161.767
31
  59.015
39
 0
62
  2
 0
LINE
8
default
6
CONTINUOUS
10
-262.148
20
 162.514
30
  74.627
11
-262.163
21
 162.514
31
  74.596
39
 0
62
  2
 0
LINE
8
default
6
CONTINUOUS
10
 226.206
20
 161.167
30
  59.049
11
 226.220
21
 161.767
31
  59.015
39
 0
62
  2
 0
LINE
8
default
6
CONTINUOUS
10
 262.148
20
 162.514
30
  74.627
11
 262.163
21
 162.514
31
  74.596
39
 0
62
  2
 0
LINE
8
default
6
CONTINUOUS
10
-262.163
20
 163.114
30
  74.596
11
-226.220
21
 161.767
31
  59.015
39
 0
62
  2
 0
LINE
8
default
6
CONTINUOUS
10
 262.163
20
 163.114
30
  74.596
11
 226.220
21
 161.767
31
  59.015
39
 0
62
  2
 0
LINE
8
default
6
CONTINUOUS
10
-226.220
20
 161.767
30
  59.015
11
-226.233
21
 162.367
31
  58.981
39
 0
62
  2
 0
LINE
8
default
6
CONTINUOUS
10
-262.163
20
 163.114
30
  74.596
11
-262.179
21
 163.114
31
  74.565
39
 0
62
  2
 0
LINE
8
default
6
CONTINUOUS
10
 226.220
20
 161.767
30
  59.015
11
 226.233
21
 162.367
31
  58.981
39
 0
62
  2
 0
LINE
8
default
6
CONTINUOUS
10
 262.163
20
 163.114
30
  74.596
11
 262.179
21
 163.114
31
  74.565
39
 0
62
  2
 0
LINE
8
default
6
CONTINUOUS
10
-262.179
20
 163.714
30
  74.565
11
-226.233
21
 162.367
31
  58.981
39
 0
62
  2
 0
LINE
8
default
6
CONTINUOUS
10
 262.179
20
 163.714
30
  74.565
11
 226.233
21
 162.367
31
  58.981
39
 0
62
  2
 0
LINE
8
default
6
CONTINUOUS
10
-226.233
20
 162.367
30
  58.981
11
-226.247
21
 162.967
31
  58.947
39
 0
62
  2
 0
LINE
8
default
6
CONTINUOUS
10
-262.179
20
 163.714
30
  74.565
11
-262.195
21
 163.714
31
  74.533
39
 0
62
  2
 0
LINE
8
default
6
CONTINUOUS
10
 226.233
20
 162.367
30
  58.981
11
 226.247
21
 162.967
31
  58.947
39
 0
62
  2
 0
LINE
8
default
6
CONTINUOUS
10
 262.179
20
 163.714
30
  74.565
11
 262.195
21
 163.714
31
  74.533
39
 0
62
  2
 0
LINE
8
default
6
CONTINUOUS
10
-262.195
20
 164.315
30
  74.533
11
-226.247
21
 162.967
31
  58.947
39
 0
62
  2
 0
LINE
8
default
6
CONTINUOUS
10
 262.195
20
 164.315
30
  74.533
11
 226.247
21
 162.967
31
  58.947
39
 0
62
  2
 0
LINE
8
default
6
CONTINUOUS
10
-226.247
20
 162.967
30
  58.947
11
-226.260
21
 163.568
31
  58.913
39
 0
62
  2
 0
LINE
8
default
6
CONTINUOUS
10
-262.195
20
 164.315
30
  74.533
11
-262.210
21
 164.315
31
  74.502
39
 0
62
  2
 0
LINE
8
default
6
CONTINUOUS
10
 226.247
20
 162.967
30
  58.947
11
 226.260
21
 163.568
31
  58.913
39
 0
62
  2
 0
LINE
8
default
6
CONTINUOUS
10
 262.195
20
 164.315
30
  74.533
11
 262.210
21
 164.315
31
  74.502
39
 0
62
  2
 0
LINE
8
default
6
CONTINUOUS
10
-262.210
20
 164.915
30
  74.502
11
-226.260
21
 163.568
31
  58.913
39
 0
62
  2
 0
LINE
8
default
6
CONTINUOUS
10
 262.210
20
 164.915
30
  74.502
11
 226.260
21
 163.568
31
  58.913
39
 0
62
  2
 0
LINE
8
default
6
CONTINUOUS
10
-226.260
20
 163.568
30
  58.913
11
-226.274
21
 164.168
31
  58.879
39
 0
62
  2
 0
LINE
8
default
6
CONTINUOUS
10
-262.210
20
 164.915
30
  74.502
11
-262.226
21
 164.915
31
  74.471
39
 0
62
  2
 0
LINE
8
default
6
CONTINUOUS
10
 226.260
20
 163.568
30
  58.913
11
 226.274
21
 164.168
31
  58.879
39
 0
62
  2
 0
LINE
8
default
6
CONTINUOUS
10
 262.210
20
 164.915
30
  74.502
11
 262.226
21
 164.915
31
  74.471
39
 0
62
  2
 0
LINE
8
default
6
CONTINUOUS
10
-262.226
20
 165.516
30
  74.471
11
-226.274
21
 164.168
31
  58.879
39
 0
62
  2
 0
LINE
8
default
6
CONTINUOUS
10
 262.226
20
 165.516
30
  74.471
11
 226.274
21
 164.168
31
  58.879
39
 0
62
  2
 0
LINE
8
default
6
CONTINUOUS
10
-226.274
20
 164.168
30
  58.879
11
-226.289
21
 164.768
31
  58.841
39
 0
62
  2
 0
LINE
8
default
6
CONTINUOUS
10
-262.226
20
 165.516
30
  74.471
11
-262.243
21
 165.516
31
  74.436
39
 0
62
  2
 0
LINE
8
default
6
CONTINUOUS
10
 226.274
20
 164.168
30
  58.879
11
 226.289
21
 164.768
31
  58.841
39
 0
62
  2
 0
LINE
8
default
6
CONTINUOUS
10
 262.226
20
 165.516
30
  74.471
11
 262.243
21
 165.516
31
  74.436
39
 0
62
  2
 0
LINE
8
default
6
CONTINUOUS
10
-262.243
20
 166.116
30
  74.436
11
-226.289
21
 164.768
31
  58.841
39
 0
62
  2
 0
LINE
8
default
6
CONTINUOUS
10
 262.243
20
 166.116
30
  74.436
11
 226.289
21
 164.768
31
  58.841
39
 0
62
  2
 0
LINE
8
default
6
CONTINUOUS
10
-226.289
20
 164.768
30
  58.841
11
-226.305
21
 165.369
31
  58.802
39
 0
62
  2
 0
LINE
8
default
6
CONTINUOUS
10
-262.243
20
 166.116
30
  74.436
11
-262.261
21
 166.116
31
  74.400
39
 0
62
  2
 0
LINE
8
default
6
CONTINUOUS
10
 226.289
20
 164.768
30
  58.841
11
 226.305
21
 165.369
31
  58.802
39
 0
62
  2
 0
LINE
8
default
6
CONTINUOUS
10
 262.243
20
 166.116
30
  74.436
11
 262.261
21
 166.116
31
  74.400
39
 0
62
  2
 0
LINE
8
default
6
CONTINUOUS
10
-262.261
20
 166.716
30
  74.400
11
-226.305
21
 165.369
31
  58.802
39
 0
62
  2
 0
LINE
8
default
6
CONTINUOUS
10
 262.261
20
 166.716
30
  74.400
11
 226.305
21
 165.369
31
  58.802
39
 0
62
  2
 0
LINE
8
default
6
CONTINUOUS
10
-226.305
20
 165.369
30
  58.802
11
-226.320
21
 165.969
31
  58.764
39
 0
62
  2
 0
LINE
8
default
6
CONTINUOUS
10
-262.261
20
 166.716
30
  74.400
11
-262.279
21
 166.716
31
  74.365
39
 0
62
  2
 0
LINE
8
default
6
CONTINUOUS
10
 226.305
20
 165.369
30
  58.802
11
 226.320
21
 165.969
31
  58.764
39
 0
62
  2
 0
LINE
8
default
6
CONTINUOUS
10
 262.261
20
 166.716
30
  74.400
11
 262.279
21
 166.716
31
  74.365
39
 0
62
  2
 0
LINE
8
default
6
CONTINUOUS
10
-262.279
20
 167.317
30
  74.365
11
-226.320
21
 165.969
31
  58.764
39
 0
62
  2
 0
LINE
8
default
6
CONTINUOUS
10
 262.279
20
 167.317
30
  74.365
11
 226.320
21
 165.969
31
  58.764
39
 0
62
  2
 0
LINE
8
default
6
CONTINUOUS
10
-226.320
20
 165.969
30
  58.764
11
-226.335
21
 166.569
31
  58.725
39
 0
62
  2
 0
LINE
8
default
6
CONTINUOUS
10
-262.279
20
 167.317
30
  74.365
11
-262.297
21
 167.317
31
  74.329
39
 0
62
  2
 0
LINE
8
default
6
CONTINUOUS
10
 226.320
20
 165.969
30
  58.764
11
 226.335
21
 166.569
31
  58.725
39
 0
62
  2
 0
LINE
8
default
6
CONTINUOUS
10
 262.279
20
 167.317
30
  74.365
11
 262.297
21
 167.317
31
  74.329
39
 0
62
  2
 0
LINE
8
default
6
CONTINUOUS
10
-262.297
20
 167.917
30
  74.329
11
-226.335
21
 166.569
31
  58.725
39
 0
62
  2
 0
LINE
8
default
6
CONTINUOUS
10
 262.297
20
 167.917
30
  74.329
11
 226.335
21
 166.569
31
  58.725
39
 0
62
  2
 0
LINE
8
default
6
CONTINUOUS
10
-226.335
20
 166.569
30
  58.725
11
-226.351
21
 167.169
31
  58.687
39
 0
62
  2
 0
LINE
8
default
6
CONTINUOUS
10
-262.297
20
 167.917
30
  74.329
11
-262.314
21
 167.917
31
  74.293
39
 0
62
  2
 0
LINE
8
default
6
CONTINUOUS
10
 226.335
20
 166.569
30
  58.725
11
 226.351
21
 167.169
31
  58.687
39
 0
62
  2
 0
LINE
8
default
6
CONTINUOUS
10
 262.297
20
 167.917
30
  74.329
11
 262.314
21
 167.917
31
  74.293
39
 0
62
  2
 0
LINE
8
default
6
CONTINUOUS
10
-262.314
20
 168.518
30
  74.293
11
-226.351
21
 167.169
31
  58.687
39
 0
62
  2
 0
LINE
8
default
6
CONTINUOUS
10
 262.314
20
 168.518
30
  74.293
11
 226.351
21
 167.169
31
  58.687
39
 0
62
  2
 0
LINE
8
default
6
CONTINUOUS
10
-226.351
20
 167.169
30
  58.687
11
-226.366
21
 167.770
31
  58.648
39
 0
62
  2
 0
LINE
8
default
6
CONTINUOUS
10
-262.314
20
 168.518
30
  74.293
11
-262.332
21
 168.518
31
  74.258
39
 0
62
  2
 0
LINE
8
default
6
CONTINUOUS
10
 226.351
20
 167.169
30
  58.687
11
 226.366
21
 167.770
31
  58.648
39
 0
62
  2
 0
LINE
8
default
6
CONTINUOUS
10
 262.314
20
 168.518
30
  74.293
11
 262.332
21
 168.518
31
  74.258
39
 0
62
  2
 0
LINE
8
default
6
CONTINUOUS
10
-262.332
20
 169.118
30
  74.258
11
-226.366
21
 167.770
31
  58.648
39
 0
62
  2
 0
LINE
8
default
6
CONTINUOUS
10
 262.332
20
 169.118
30
  74.258
11
 226.366
21
 167.770
31
  58.648
39
 0
62
  2
 0
LINE
8
default
6
CONTINUOUS
10
-226.366
20
 167.770
30
  58.648
11
-226.381
21
 168.370
31
  58.610
39
 0
62
  2
 0
LINE
8
default
6
CONTINUOUS
10
-262.332
20
 169.118
30
  74.258
11
-262.350
21
 169.118
31
  74.222
39
 0
62
  2
 0
LINE
8
default
6
CONTINUOUS
10
 226.366
20
 167.770
30
  58.648
11
 226.381
21
 168.370
31
  58.610
39
 0
62
  2
 0
LINE
8
default
6
CONTINUOUS
10
 262.332
20
 169.118
30
  74.258
11
 262.350
21
 169.118
31
  74.222
39
 0
62
  2
 0
LINE
8
default
6
CONTINUOUS
10
-262.350
20
 169.719
30
  74.222
11
-226.381
21
 168.370
31
  58.610
39
 0
62
  2
 0
LINE
8
default
6
CONTINUOUS
10
 262.350
20
 169.719
30
  74.222
11
 226.381
21
 168.370
31
  58.610
39
 0
62
  2
 0
LINE
8
default
6
CONTINUOUS
10
-226.381
20
 168.370
30
  58.610
11
-226.397
21
 168.970
31
  58.571
39
 0
62
  2
 0
LINE
8
default
6
CONTINUOUS
10
-262.350
20
 169.719
30
  74.222
11
-262.368
21
 169.719
31
  74.186
39
 0
62
  2
 0
LINE
8
default
6
CONTINUOUS
10
 226.381
20
 168.370
30
  58.610
11
 226.397
21
 168.970
31
  58.571
39
 0
62
  2
 0
LINE
8
default
6
CONTINUOUS
10
 262.350
20
 169.719
30
  74.222
11
 262.368
21
 169.719
31
  74.186
39
 0
62
  2
 0
LINE
8
default
6
CONTINUOUS
10
-262.368
20
 170.319
30
  74.186
11
-226.397
21
 168.970
31
  58.571
39
 0
62
  2
 0
LINE
8
default
6
CONTINUOUS
10
 262.368
20
 170.319
30
  74.186
11
 226.397
21
 168.970
31
  58.571
39
 0
62
  2
 0
LINE
8
default
6
CONTINUOUS
10
-226.397
20
 168.970
30
  58.571
11
-226.412
21
 169.571
31
  58.532
39
 0
62
  2
 0
LINE
8
default
6
CONTINUOUS
10
-262.368
20
 170.319
30
  74.186
11
-262.385
21
 170.319
31
  74.151
39
 0
62
  2
 0
LINE
8
default
6
CONTINUOUS
10
 226.397
20
 168.970
30
  58.571
11
 226.412
21
 169.571
31
  58.532
39
 0
62
  2
 0
LINE
8
default
6
CONTINUOUS
10
 262.368
20
 170.319
30
  74.186
11
 262.385
21
 170.319
31
  74.151
39
 0
62
  2
 0
LINE
8
default
6
CONTINUOUS
10
-262.385
20
 170.919
30
  74.151
11
-226.412
21
 169.571
31
  58.532
39
 0
62
  2
 0
LINE
8
default
6
CONTINUOUS
10
 262.385
20
 170.919
30
  74.151
11
 226.412
21
 169.571
31
  58.532
39
 0
62
  2
 0
LINE
8
default
6
CONTINUOUS
10
-226.412
20
 169.571
30
  58.532
11
-226.428
21
 170.171
31
  58.494
39
 0
62
  2
 0
LINE
8
default
6
CONTINUOUS
10
-262.385
20
 170.919
30
  74.151
11
-262.403
21
 170.919
31
  74.115
39
 0
62
  2
 0
LINE
8
default
6
CONTINUOUS
10
 226.412
20
 169.571
30
  58.532
11
 226.428
21
 170.171
31
  58.494
39
 0
62
  2
 0
LINE
8
default
6
CONTINUOUS
10
 262.385
20
 170.919
30
  74.151
11
 262.403
21
 170.919
31
  74.115
39
 0
62
  2
 0
LINE
8
default
6
CONTINUOUS
10
-262.403
20
 171.520
30
  74.115
11
-226.428
21
 170.171
31
  58.494
39
 0
62
  2
 0
LINE
8
default
6
CONTINUOUS
10
 262.403
20
 171.520
30
  74.115
11
 226.428
21
 170.171
31
  58.494
39
 0
62
  2
 0
LINE
8
default
6
CONTINUOUS
10
-264.549
20
 223.180
30
  69.810
11
-228.356
21
 224.415
31
  53.661
39
 0
62
  2
 0
LINE
8
default
6
CONTINUOUS
10
 264.549
20
 223.180
30
  69.810
11
 228.356
21
 224.415
31
  53.661
39
 0
62
  2
 0
LINE
8
default
6
CONTINUOUS
10
-228.356
20
 224.415
30
  53.661
11
-228.382
21
 225.016
31
  53.595
39
 0
62
  2
 0
LINE
8
default
6
CONTINUOUS
10
-264.549
20
 223.180
30
  69.810
11
-264.581
21
 223.180
31
  69.748
39
 0
62
  2
 0
LINE
8
default
6
CONTINUOUS
10
 228.356
20
 224.415
30
  53.661
11
 228.382
21
 225.016
31
  53.595
39
 0
62
  2
 0
LINE
8
default
6
CONTINUOUS
10
 264.549
20
 223.180
30
  69.810
11
 264.581
21
 223.180
31
  69.748
39
 0
62
  2
 0
LINE
8
default
6
CONTINUOUS
10
-264.581
20
 223.780
30
  69.748
11
-228.382
21
 225.016
31
  53.595
39
 0
62
  2
 0
LINE
8
default
6
CONTINUOUS
10
 264.581
20
 223.780
30
  69.748
11
 228.382
21
 225.016
31
  53.595
39
 0
62
  2
 0
LINE
8
default
6
CONTINUOUS
10
-228.382
20
 225.016
30
  53.595
11
-228.409
21
 225.616
31
  53.528
39
 0
62
  2
 0
LINE
8
default
6
CONTINUOUS
10
-264.581
20
 223.780
30
  69.748
11
-264.612
21
 223.780
31
  69.686
39
 0
62
  2
 0
LINE
8
default
6
CONTINUOUS
10
 228.382
20
 225.016
30
  53.595
11
 228.409
21
 225.616
31
  53.528
39
 0
62
  2
 0
LINE
8
default
6
CONTINUOUS
10
 264.581
20
 223.780
30
  69.748
11
 264.612
21
 223.780
31
  69.686
39
 0
62
  2
 0
LINE
8
default
6
CONTINUOUS
10
-264.612
20
 224.381
30
  69.686
11
-228.409
21
 225.616
31
  53.528
39
 0
62
  2
 0
LINE
8
default
6
CONTINUOUS
10
 264.612
20
 224.381
30
  69.686
11
 228.409
21
 225.616
31
  53.528
39
 0
62
  2
 0
LINE
8
default
6
CONTINUOUS
10
-228.409
20
 225.616
30
  53.528
11
-228.435
21
 226.217
31
  53.462
39
 0
62
  2
 0
LINE
8
default
6
CONTINUOUS
10
-264.612
20
 224.381
30
  69.686
11
-264.643
21
 224.381
31
  69.623
39
 0
62
  2
 0
LINE
8
default
6
CONTINUOUS
10
 228.409
20
 225.616
30
  53.528
11
 228.435
21
 226.217
31
  53.462
39
 0
62
  2
 0
LINE
8
default
6
CONTINUOUS
10
 264.612
20
 224.381
30
  69.686
11
 264.643
21
 224.381
31
  69.623
39
 0
62
  2
 0
LINE
8
default
6
CONTINUOUS
10
-264.643
20
 224.982
30
  69.623
11
-228.435
21
 226.217
31
  53.462
39
 0
62
  2
 0
LINE
8
default
6
CONTINUOUS
10
 264.643
20
 224.982
30
  69.623
11
 228.435
21
 226.217
31
  53.462
39
 0
62
  2
 0
LINE
8
default
6
CONTINUOUS
10
-228.435
20
 226.217
30
  53.462
11
-228.462
21
 226.817
31
  53.396
39
 0
62
  2
 0
LINE
8
default
6
CONTINUOUS
10
-264.643
20
 224.982
30
  69.623
11
-264.674
21
 224.982
31
  69.561
39
 0
62
  2
 0
LINE
8
default
6
CONTINUOUS
10
 228.435
20
 226.217
30
  53.462
11
 228.462
21
 226.817
31
  53.396
39
 0
62
  2
 0
LINE
8
default
6
CONTINUOUS
10
 264.643
20
 224.982
30
  69.623
11
 264.674
21
 224.982
31
  69.561
39
 0
62
  2
 0
LINE
8
default
6
CONTINUOUS
10
-264.674
20
 225.583
30
  69.561
11
-228.462
21
 226.817
31
  53.396
39
 0
62
  2
 0
LINE
8
default
6
CONTINUOUS
10
 264.674
20
 225.583
30
  69.561
11
 228.462
21
 226.817
31
  53.396
39
 0
62
  2
 0
LINE
8
default
6
CONTINUOUS
10
-228.462
20
 226.817
30
  53.396
11
-228.488
21
 227.418
31
  53.329
39
 0
62
  2
 0
LINE
8
default
6
CONTINUOUS
10
-264.674
20
 225.583
30
  69.561
11
-264.705
21
 225.583
31
  69.498
39
 0
62
  2
 0
LINE
8
default
6
CONTINUOUS
10
 228.462
20
 226.817
30
  53.396
11
 228.488
21
 227.418
31
  53.329
39
 0
62
  2
 0
LINE
8
default
6
CONTINUOUS
10
 264.674
20
 225.583
30
  69.561
11
 264.705
21
 225.583
31
  69.498
39
 0
62
  2
 0
LINE
8
default
6
CONTINUOUS
10
-264.705
20
 226.183
30
  69.498
11
-228.488
21
 227.418
31
  53.329
39
 0
62
  2
 0
LINE
8
default
6
CONTINUOUS
10
 264.705
20
 226.183
30
  69.498
11
 228.488
21
 227.418
31
  53.329
39
 0
62
  2
 0
LINE
8
default
6
CONTINUOUS
10
-228.488
20
 227.418
30
  53.329
11
-228.514
21
 228.018
31
  53.263
39
 0
62
  2
 0
LINE
8
default
6
CONTINUOUS
10
-264.705
20
 226.183
30
  69.498
11
-264.736
21
 226.183
31
  69.436
39
 0
62
  2
 0
LINE
8
default
6
CONTINUOUS
10
 228.488
20
 227.418
30
  53.329
11
 228.514
21
 228.018
31
  53.263
39
 0
62
  2
 0
LINE
8
default
6
CONTINUOUS
10
 264.705
20
 226.183
30
  69.498
11
 264.736
21
 226.183
31
  69.436
39
 0
62
  2
 0
LINE
8
default
6
CONTINUOUS
10
-264.736
20
 226.784
30
  69.436
11
-228.514
21
 228.018
31
  53.263
39
 0
62
  2
 0
LINE
8
default
6
CONTINUOUS
10
 264.736
20
 226.784
30
  69.436
11
 228.514
21
 228.018
31
  53.263
39
 0
62
  2
 0
LINE
8
default
6
CONTINUOUS
10
-228.514
20
 228.018
30
  53.263
11
-228.541
21
 228.619
31
  53.197
39
 0
62
  2
 0
LINE
8
default
6
CONTINUOUS
10
-264.736
20
 226.784
30
  69.436
11
-264.767
21
 226.784
31
  69.374
39
 0
62
  2
 0
LINE
8
default
6
CONTINUOUS
10
 228.514
20
 228.018
30
  53.263
11
 228.541
21
 228.619
31
  53.197
39
 0
62
  2
 0
LINE
8
default
6
CONTINUOUS
10
 264.736
20
 226.784
30
  69.436
11
 264.767
21
 226.784
31
  69.374
39
 0
62
  2
 0
LINE
8
default
6
CONTINUOUS
10
-264.767
20
 227.385
30
  69.374
11
-228.541
21
 228.619
31
  53.197
39
 0
62
  2
 0
LINE
8
default
6
CONTINUOUS
10
 264.767
20
 227.385
30
  69.374
11
 228.541
21
 228.619
31
  53.197
39
 0
62
  2
 0
LINE
8
default
6
CONTINUOUS
10
-228.541
20
 228.619
30
  53.197
11
-228.567
21
 229.219
31
  53.130
39
 0
62
  2
 0
LINE
8
default
6
CONTINUOUS
10
-264.767
20
 227.385
30
  69.374
11
-264.798
21
 227.385
31
  69.311
39
 0
62
  2
 0
LINE
8
default
6
CONTINUOUS
10
 228.541
20
 228.619
30
  53.197
11
 228.567
21
 229.219
31
  53.130
39
 0
62
  2
 0
LINE
8
default
6
CONTINUOUS
10
 264.767
20
 227.385
30
  69.374
11
 264.798
21
 227.385
31
  69.311
39
 0
62
  2
 0
LINE
8
default
6
CONTINUOUS
10
-264.798
20
 227.985
30
  69.311
11
-228.567
21
 229.219
31
  53.130
39
 0
62
  2
 0
LINE
8
default
6
CONTINUOUS
10
 264.798
20
 227.985
30
  69.311
11
 228.567
21
 229.219
31
  53.130
39
 0
62
  2
 0
LINE
8
default
6
CONTINUOUS
10
-228.567
20
 229.219
30
  53.130
11
-228.594
21
 229.820
31
  53.064
39
 0
62
  2
 0
LINE
8
default
6
CONTINUOUS
10
-264.798
20
 227.985
30
  69.311
11
-264.829
21
 227.985
31
  69.249
39
 0
62
  2
 0
LINE
8
default
6
CONTINUOUS
10
 228.567
20
 229.219
30
  53.130
11
 228.594
21
 229.820
31
  53.064
39
 0
62
  2
 0
LINE
8
default
6
CONTINUOUS
10
 264.798
20
 227.985
30
  69.311
11
 264.829
21
 227.985
31
  69.249
39
 0
62
  2
 0
LINE
8
default
6
CONTINUOUS
10
-264.829
20
 228.586
30
  69.249
11
-228.594
21
 229.820
31
  53.064
39
 0
62
  2
 0
LINE
8
default
6
CONTINUOUS
10
 264.829
20
 228.586
30
  69.249
11
 228.594
21
 229.820
31
  53.064
39
 0
62
  2
 0
LINE
8
default
6
CONTINUOUS
10
-228.594
20
 229.820
30
  53.064
11
-228.621
21
 230.421
31
  52.996
39
 0
62
  2
 0
LINE
8
default
6
CONTINUOUS
10
-264.829
20
 228.586
30
  69.249
11
-264.861
21
 228.586
31
  69.185
39
 0
62
  2
 0
LINE
8
default
6
CONTINUOUS
10
 228.594
20
 229.820
30
  53.064
11
 228.621
21
 230.421
31
  52.996
39
 0
62
  2
 0
LINE
8
default
6
CONTINUOUS
10
 264.829
20
 228.586
30
  69.249
11
 264.861
21
 228.586
31
  69.185
39
 0
62
  2
 0
LINE
8
default
6
CONTINUOUS
10
-264.861
20
 229.187
30
  69.185
11
-228.621
21
 230.421
31
  52.996
39
 0
62
  2
 0
LINE
8
default
6
CONTINUOUS
10
 264.861
20
 229.187
30
  69.185
11
 228.621
21
 230.421
31
  52.996
39
 0
62
  2
 0
LINE
8
default
6
CONTINUOUS
10
-228.621
20
 230.421
30
  52.996
11
-228.648
21
 231.021
31
  52.928
39
 0
62
  2
 0
LINE
8
default
6
CONTINUOUS
10
-264.861
20
 229.187
30
  69.185
11
-264.893
21
 229.187
31
  69.120
39
 0
62
  2
 0
LINE
8
default
6
CONTINUOUS
10
 228.621
20
 230.421
30
  52.996
11
 228.648
21
 231.021
31
  52.928
39
 0
62
  2
 0
LINE
8
default
6
CONTINUOUS
10
 264.861
20
 229.187
30
  69.185
11
 264.893
21
 229.187
31
  69.120
39
 0
62
  2
 0
LINE
8
default
6
CONTINUOUS
10
-264.893
20
 229.788
30
  69.120
11
-228.648
21
 231.021
31
  52.928
39
 0
62
  2
 0
LINE
8
default
6
CONTINUOUS
10
 264.893
20
 229.788
30
  69.120
11
 228.648
21
 231.021
31
  52.928
39
 0
62
  2
 0
LINE
8
default
6
CONTINUOUS
10
-228.648
20
 231.021
30
  52.928
11
-228.676
21
 231.622
31
  52.859
39
 0
62
  2
 0
LINE
8
default
6
CONTINUOUS
10
-264.893
20
 229.788
30
  69.120
11
-264.926
21
 229.788
31
  69.055
39
 0
62
  2
 0
LINE
8
default
6
CONTINUOUS
10
 228.648
20
 231.021
30
  52.928
11
 228.676
21
 231.622
31
  52.859
39
 0
62
  2
 0
LINE
8
default
6
CONTINUOUS
10
 264.893
20
 229.788
30
  69.120
11
 264.926
21
 229.788
31
  69.055
39
 0
62
  2
 0
LINE
8
default
6
CONTINUOUS
10
-264.926
20
 230.388
30
  69.055
11
-228.676
21
 231.622
31
  52.859
39
 0
62
  2
 0
LINE
8
default
6
CONTINUOUS
10
 264.926
20
 230.388
30
  69.055
11
 228.676
21
 231.622
31
  52.859
39
 0
62
  2
 0
LINE
8
default
6
CONTINUOUS
10
-228.676
20
 231.622
30
  52.859
11
-228.703
21
 232.222
31
  52.790
39
 0
62
  2
 0
LINE
8
default
6
CONTINUOUS
10
-264.926
20
 230.388
30
  69.055
11
-264.958
21
 230.388
31
  68.991
39
 0
62
  2
 0
LINE
8
default
6
CONTINUOUS
10
 228.676
20
 231.622
30
  52.859
11
 228.703
21
 232.222
31
  52.790
39
 0
62
  2
 0
LINE
8
default
6
CONTINUOUS
10
 264.926
20
 230.388
30
  69.055
11
 264.958
21
 230.388
31
  68.991
39
 0
62
  2
 0
LINE
8
default
6
CONTINUOUS
10
-264.958
20
 230.989
30
  68.991
11
-228.703
21
 232.222
31
  52.790
39
 0
62
  2
 0
LINE
8
default
6
CONTINUOUS
10
 264.958
20
 230.989
30
  68.991
11
 228.703
21
 232.222
31
  52.790
39
 0
62
  2
 0
LINE
8
default
6
CONTINUOUS
10
-228.703
20
 232.222
30
  52.790
11
-228.731
21
 232.823
31
  52.721
39
 0
62
  2
 0
LINE
8
default
6
CONTINUOUS
10
-264.958
20
 230.989
30
  68.991
11
-264.991
21
 230.989
31
  68.926
39
 0
62
  2
 0
LINE
8
default
6
CONTINUOUS
10
 228.703
20
 232.222
30
  52.790
11
 228.731
21
 232.823
31
  52.721
39
 0
62
  2
 0
LINE
8
default
6
CONTINUOUS
10
 264.958
20
 230.989
30
  68.991
11
 264.991
21
 230.989
31
  68.926
39
 0
62
  2
 0
LINE
8
default
6
CONTINUOUS
10
-264.991
20
 231.590
30
  68.926
11
-228.731
21
 232.823
31
  52.721
39
 0
62
  2
 0
LINE
8
default
6
CONTINUOUS
10
 264.991
20
 231.590
30
  68.926
11
 228.731
21
 232.823
31
  52.721
39
 0
62
  2
 0
LINE
8
default
6
CONTINUOUS
10
-228.731
20
 232.823
30
  52.721
11
-228.758
21
 233.423
31
  52.652
39
 0
62
  2
 0
LINE
8
default
6
CONTINUOUS
10
-264.991
20
 231.590
30
  68.926
11
-265.023
21
 231.590
31
  68.861
39
 0
62
  2
 0
LINE
8
default
6
CONTINUOUS
10
 228.731
20
 232.823
30
  52.721
11
 228.758
21
 233.423
31
  52.652
39
 0
62
  2
 0
LINE
8
default
6
CONTINUOUS
10
 264.991
20
 231.590
30
  68.926
11
 265.023
21
 231.590
31
  68.861
39
 0
62
  2
 0
LINE
8
default
6
CONTINUOUS
10
-265.023
20
 232.191
30
  68.861
11
-228.758
21
 233.423
31
  52.652
39
 0
62
  2
 0
LINE
8
default
6
CONTINUOUS
10
 265.023
20
 232.191
30
  68.861
11
 228.758
21
 233.423
31
  52.652
39
 0
62
  2
 0
LINE
8
default
6
CONTINUOUS
10
-228.758
20
 233.423
30
  52.652
11
-228.786
21
 234.024
31
  52.583
39
 0
62
  2
 0
LINE
8
default
6
CONTINUOUS
10
-265.023
20
 232.191
30
  68.861
11
-265.055
21
 232.191
31
  68.796
39
 0
62
  2
 0
LINE
8
default
6
CONTINUOUS
10
 228.758
20
 233.423
30
  52.652
11
 228.786
21
 234.024
31
  52.583
39
 0
62
  2
 0
LINE
8
default
6
CONTINUOUS
10
 265.023
20
 232.191
30
  68.861
11
 265.055
21
 232.191
31
  68.796
39
 0
62
  2
 0
LINE
8
default
6
CONTINUOUS
10
-265.055
20
 232.791
30
  68.796
11
-228.786
21
 234.024
31
  52.583
39
 0
62
  2
 0
LINE
8
default
6
CONTINUOUS
10
 265.055
20
 232.791
30
  68.796
11
 228.786
21
 234.024
31
  52.583
39
 0
62
  2
 0
LINE
8
default
6
CONTINUOUS
10
-228.786
20
 234.024
30
  52.583
11
-228.813
21
 234.624
31
  52.514
39
 0
62
  2
 0
LINE
8
default
6
CONTINUOUS
10
-265.055
20
 232.791
30
  68.796
11
-265.088
21
 232.791
31
  68.731
39
 0
62
  2
 0
LINE
8
default
6
CONTINUOUS
10
 228.786
20
 234.024
30
  52.583
11
 228.813
21
 234.624
31
  52.514
39
 0
62
  2
 0
LINE
8
default
6
CONTINUOUS
10
 265.055
20
 232.791
30
  68.796
11
 265.088
21
 232.791
31
  68.731
39
 0
62
  2
 0
LINE
8
default
6
CONTINUOUS
10
-265.088
20
 233.392
30
  68.731
11
-228.813
21
 234.624
31
  52.514
39
 0
62
  2
 0
LINE
8
default
6
CONTINUOUS
10
 265.088
20
 233.392
30
  68.731
11
 228.813
21
 234.624
31
  52.514
39
 0
62
  2
 0
LINE
8
default
6
CONTINUOUS
10
-228.813
20
 234.624
30
  52.514
11
-228.841
21
 235.225
31
  52.445
39
 0
62
  2
 0
LINE
8
default
6
CONTINUOUS
10
-265.088
20
 233.392
30
  68.731
11
-265.120
21
 233.392
31
  68.666
39
 0
62
  2
 0
LINE
8
default
6
CONTINUOUS
10
 228.813
20
 234.624
30
  52.514
11
 228.841
21
 235.225
31
  52.445
39
 0
62
  2
 0
LINE
8
default
6
CONTINUOUS
10
 265.088
20
 233.392
30
  68.731
11
 265.120
21
 233.392
31
  68.666
39
 0
62
  2
 0
LINE
8
default
6
CONTINUOUS
10
-265.120
20
 233.993
30
  68.666
11
-228.841
21
 235.225
31
  52.445
39
 0
62
  2
 0
LINE
8
default
6
CONTINUOUS
10
 265.120
20
 233.993
30
  68.666
11
 228.841
21
 235.225
31
  52.445
39
 0
62
  2
 0
LINE
8
default
6
CONTINUOUS
10
-228.841
20
 235.225
30
  52.445
11
-228.868
21
 235.825
31
  52.377
39
 0
62
  2
 0
LINE
8
default
6
CONTINUOUS
10
-265.120
20
 233.993
30
  68.666
11
-265.152
21
 233.993
31
  68.601
39
 0
62
  2
 0
LINE
8
default
6
CONTINUOUS
10
 228.841
20
 235.225
30
  52.445
11
 228.868
21
 235.825
31
  52.377
39
 0
62
  2
 0
LINE
8
default
6
CONTINUOUS
10
 265.120
20
 233.993
30
  68.666
11
 265.152
21
 233.993
31
  68.601
39
 0
62
  2
 0
LINE
8
default
6
CONTINUOUS
10
-265.152
20
 234.594
30
  68.601
11
-228.868
21
 235.825
31
  52.377
39
 0
62
  2
 0
LINE
8
default
6
CONTINUOUS
10
 265.152
20
 234.594
30
  68.601
11
 228.868
21
 235.825
31
  52.377
39
 0
62
  2
 0
LINE
8
default
6
CONTINUOUS
10
-228.868
20
 235.825
30
  52.377
11
-228.896
21
 236.426
31
  52.308
39
 0
62
  2
 0
LINE
8
default
6
CONTINUOUS
10
-265.152
20
 234.594
30
  68.601
11
-265.185
21
 234.594
31
  68.537
39
 0
62
  2
 0
LINE
8
default
6
CONTINUOUS
10
 228.868
20
 235.825
30
  52.377
11
 228.896
21
 236.426
31
  52.308
39
 0
62
  2
 0
LINE
8
default
6
CONTINUOUS
10
 265.152
20
 234.594
30
  68.601
11
 265.185
21
 234.594
31
  68.537
39
 0
62
  2
 0
LINE
8
default
6
CONTINUOUS
10
-265.185
20
 235.194
30
  68.537
11
-228.896
21
 236.426
31
  52.308
39
 0
62
  2
 0
LINE
8
default
6
CONTINUOUS
10
 265.185
20
 235.194
30
  68.537
11
 228.896
21
 236.426
31
  52.308
39
 0
62
  2
 0
LINE
8
default
6
CONTINUOUS
10
-358.077
20
  72.517
30
 127.189
11
-329.897
21
  59.797
31
 106.693
39
 0
62
  2
 0
LINE
8
default
6
CONTINUOUS
10
 358.077
20
  72.517
30
 127.189
11
 329.897
21
  59.797
31
 106.693
39
 0
62
  2
 0
LINE
8
default
6
CONTINUOUS
10
-329.897
20
  59.797
30
 106.693
11
-329.802
21
  60.394
31
 106.825
39
 0
62
  2
 0
LINE
8
default
6
CONTINUOUS
10
-358.077
20
  72.517
30
 127.189
11
-357.970
21
  72.517
31
 127.316
39
 0
62
  2
 0
LINE
8
default
6
CONTINUOUS
10
 329.897
20
  59.797
30
 106.693
11
 329.802
21
  60.394
31
 106.825
39
 0
62
  2
 0
LINE
8
default
6
CONTINUOUS
10
 358.077
20
  72.517
30
 127.189
11
 357.970
21
  72.517
31
 127.316
39
 0
62
  2
 0
LINE
8
default
6
CONTINUOUS
10
-357.970
20
  73.113
30
 127.316
11
-329.802
21
  60.394
31
 106.825
39
 0
62
  2
 0
LINE
8
default
6
CONTINUOUS
10
 357.970
20
  73.113
30
 127.316
11
 329.802
21
  60.394
31
 106.825
39
 0
62
  2
 0
LINE
8
default
6
CONTINUOUS
10
-329.802
20
  60.394
30
 106.825
11
-329.713
21
  60.991
31
 106.949
39
 0
62
  2
 0
LINE
8
default
6
CONTINUOUS
10
-357.970
20
  73.113
30
 127.316
11
-357.864
21
  73.113
31
 127.442
39
 0
62
  2
 0
LINE
8
default
6
CONTINUOUS
10
 329.802
20
  60.394
30
 106.825
11
 329.713
21
  60.991
31
 106.949
39
 0
62
  2
 0
LINE
8
default
6
CONTINUOUS
10
 357.970
20
  73.113
30
 127.316
11
 357.864
21
  73.113
31
 127.442
39
 0
62
  2
 0
LINE
8
default
6
CONTINUOUS
10
-357.864
20
  73.710
30
 127.442
11
-329.713
21
  60.991
31
 106.949
39
 0
62
  2
 0
LINE
8
default
6
CONTINUOUS
10
 357.864
20
  73.710
30
 127.442
11
 329.713
21
  60.991
31
 106.949
39
 0
62
  2
 0
LINE
8
default
6
CONTINUOUS
10
-329.713
20
  60.991
30
 106.949
11
-329.627
21
  61.589
31
 107.068
39
 0
62
  2
 0
LINE
8
default
6
CONTINUOUS
10
-357.864
20
  73.710
30
 127.442
11
-357.766
21
  73.710
31
 127.558
39
 0
62
  2
 0
LINE
8
default
6
CONTINUOUS
10
 329.713
20
  60.991
30
 106.949
11
 329.627
21
  61.589
31
 107.068
39
 0
62
  2
 0
LINE
8
default
6
CONTINUOUS
10
 357.864
20
  73.710
30
 127.442
11
 357.766
21
  73.710
31
 127.558
39
 0
62
  2
 0
LINE
8
default
6
CONTINUOUS
10
-357.766
20
  74.306
30
 127.558
11
-329.627
21
  61.589
31
 107.068
39
 0
62
  2
 0
LINE
8
default
6
CONTINUOUS
10
 357.766
20
  74.306
30
 127.558
11
 329.627
21
  61.589
31
 107.068
39
 0
62
  2
 0
LINE
8
default
6
CONTINUOUS
10
-329.627
20
  61.589
30
 107.068
11
-329.541
21
  62.186
31
 107.188
39
 0
62
  2
 0
LINE
8
default
6
CONTINUOUS
10
-357.766
20
  74.306
30
 127.558
11
-357.669
21
  74.306
31
 127.673
39
 0
62
  2
 0
LINE
8
default
6
CONTINUOUS
10
 329.627
20
  61.589
30
 107.068
11
 329.541
21
  62.186
31
 107.188
39
 0
62
  2
 0
LINE
8
default
6
CONTINUOUS
10
 357.766
20
  74.306
30
 127.558
11
 357.669
21
  74.306
31
 127.673
39
 0
62
  2
 0
LINE
8
default
6
CONTINUOUS
10
-357.669
20
  74.903
30
 127.673
11
-329.541
21
  62.186
31
 107.188
39
 0
62
  2
 0
LINE
8
default
6
CONTINUOUS
10
 357.669
20
  74.903
30
 127.673
11
 329.541
21
  62.186
31
 107.188
39
 0
62
  2
 0
LINE
8
default
6
CONTINUOUS
10
-329.541
20
  62.186
30
 107.188
11
-329.458
21
  62.784
31
 107.302
39
 0
62
  2
 0
LINE
8
default
6
CONTINUOUS
10
-357.669
20
  74.903
30
 127.673
11
-357.572
21
  74.903
31
 127.788
39
 0
62
  2
 0
LINE
8
default
6
CONTINUOUS
10
 329.541
20
  62.186
30
 107.188
11
 329.458
21
  62.784
31
 107.302
39
 0
62
  2
 0
LINE
8
default
6
CONTINUOUS
10
 357.669
20
  74.903
30
 127.673
11
 357.572
21
  74.903
31
 127.788
39
 0
62
  2
 0
LINE
8
default
6
CONTINUOUS
10
-357.572
20
  75.500
30
 127.788
11
-329.458
21
  62.784
31
 107.302
39
 0
62
  2
 0
LINE
8
default
6
CONTINUOUS
10
 357.572
20
  75.500
30
 127.788
11
 329.458
21
  62.784
31
 107.302
39
 0
62
  2
 0
LINE
8
default
6
CONTINUOUS
10
-329.458
20
  62.784
30
 107.302
11
-329.380
21
  63.382
31
 107.411
39
 0
62
  2
 0
LINE
8
default
6
CONTINUOUS
10
-357.572
20
  75.500
30
 127.788
11
-357.484
21
  75.500
31
 127.893
39
 0
62
  2
 0
LINE
8
default
6
CONTINUOUS
10
 329.458
20
  62.784
30
 107.302
11
 329.380
21
  63.382
31
 107.411
39
 0
62
  2
 0
LINE
8
default
6
CONTINUOUS
10
 357.572
20
  75.500
30
 127.788
11
 357.484
21
  75.500
31
 127.893
39
 0
62
  2
 0
LINE
8
default
6
CONTINUOUS
10
-357.484
20
  76.097
30
 127.893
11
-329.380
21
  63.382
31
 107.411
39
 0
62
  2
 0
LINE
8
default
6
CONTINUOUS
10
 357.484
20
  76.097
30
 127.893
11
 329.380
21
  63.382
31
 107.411
39
 0
62
  2
 0
LINE
8
default
6
CONTINUOUS
10
-329.380
20
  63.382
30
 107.411
11
-329.301
21
  63.979
31
 107.520
39
 0
62
  2
 0
LINE
8
default
6
CONTINUOUS
10
-357.484
20
  76.097
30
 127.893
11
-357.395
21
  76.097
31
 127.998
39
 0
62
  2
 0
LINE
8
default
6
CONTINUOUS
10
 329.380
20
  63.382
30
 107.411
11
 329.301
21
  63.979
31
 107.520
39
 0
62
  2
 0
LINE
8
default
6
CONTINUOUS
10
 357.484
20
  76.097
30
 127.893
11
 357.395
21
  76.097
31
 127.998
39
 0
62
  2
 0
LINE
8
default
6
CONTINUOUS
10
-357.395
20
  76.694
30
 127.998
11
-329.301
21
  63.979
31
 107.520
39
 0
62
  2
 0
LINE
8
default
6
CONTINUOUS
10
 357.395
20
  76.694
30
 127.998
11
 329.301
21
  63.979
31
 107.520
39
 0
62
  2
 0
LINE
8
default
6
CONTINUOUS
10
-329.301
20
  63.979
30
 107.520
11
-329.223
21
  64.577
31
 107.629
39
 0
62
  2
 0
LINE
8
default
6
CONTINUOUS
10
-357.395
20
  76.694
30
 127.998
11
-357.307
21
  76.694
31
 128.103
39
 0
62
  2
 0
LINE
8
default
6
CONTINUOUS
10
 329.301
20
  63.979
30
 107.520
11
 329.223
21
  64.577
31
 107.629
39
 0
62
  2
 0
LINE
8
default
6
CONTINUOUS
10
 357.395
20
  76.694
30
 127.998
11
 357.307
21
  76.694
31
 128.103
39
 0
62
  2
 0
LINE
8
default
6
CONTINUOUS
10
-357.307
20
  77.291
30
 128.103
11
-329.223
21
  64.577
31
 107.629
39
 0
62
  2
 0
LINE
8
default
6
CONTINUOUS
10
 357.307
20
  77.291
30
 128.103
11
 329.223
21
  64.577
31
 107.629
39
 0
62
  2
 0
LINE
8
default
6
CONTINUOUS
10
-329.223
20
  64.577
30
 107.629
11
-329.145
21
  65.175
31
 107.737
39
 0
62
  2
 0
LINE
8
default
6
CONTINUOUS
10
-357.307
20
  77.291
30
 128.103
11
-357.218
21
  77.291
31
 128.208
39
 0
62
  2
 0
LINE
8
default
6
CONTINUOUS
10
 329.223
20
  64.577
30
 107.629
11
 329.145
21
  65.175
31
 107.737
39
 0
62
  2
 0
LINE
8
default
6
CONTINUOUS
10
 357.307
20
  77.291
30
 128.103
11
 357.218
21
  77.291
31
 128.208
39
 0
62
  2
 0
LINE
8
default
6
CONTINUOUS
10
-357.218
20
  77.888
30
 128.208
11
-329.145
21
  65.175
31
 107.737
39
 0
62
  2
 0
LINE
8
default
6
CONTINUOUS
10
 357.218
20
  77.888
30
 128.208
11
 329.145
21
  65.175
31
 107.737
39
 0
62
  2
 0
LINE
8
default
6
CONTINUOUS
10
-329.145
20
  65.175
30
 107.737
11
-329.073
21
  65.773
31
 107.836
39
 0
62
  2
 0
LINE
8
default
6
CONTINUOUS
10
-357.218
20
  77.888
30
 128.208
11
-357.138
21
  77.888
31
 128.304
39
 0
62
  2
 0
LINE
8
default
6
CONTINUOUS
10
 329.145
20
  65.175
30
 107.737
11
 329.073
21
  65.773
31
 107.836
39
 0
62
  2
 0
LINE
8
default
6
CONTINUOUS
10
 357.218
20
  77.888
30
 128.208
11
 357.138
21
  77.888
31
 128.304
39
 0
62
  2
 0
LINE
8
default
6
CONTINUOUS
10
-357.138
20
  78.485
30
 128.304
11
-329.073
21
  65.773
31
 107.836
39
 0
62
  2
 0
LINE
8
default
6
CONTINUOUS
10
 357.138
20
  78.485
30
 128.304
11
 329.073
21
  65.773
31
 107.836
39
 0
62
  2
 0
LINE
8
default
6
CONTINUOUS
10
-329.073
20
  65.773
30
 107.836
11
-329.002
21
  66.371
31
 107.935
39
 0
62
  2
 0
LINE
8
default
6
CONTINUOUS
10
-357.138
20
  78.485
30
 128.304
11
-357.057
21
  78.485
31
 128.400
39
 0
62
  2
 0
LINE
8
default
6
CONTINUOUS
10
 329.073
20
  65.773
30
 107.836
11
 329.002
21
  66.371
31
 107.935
39
 0
62
  2
 0
LINE
8
default
6
CONTINUOUS
10
 357.138
20
  78.485
30
 128.304
11
 357.057
21
  78.485
31
 128.400
39
 0
62
  2
 0
LINE
8
default
6
CONTINUOUS
10
-357.057
20
  79.083
30
 128.400
11
-329.002
21
  66.371
31
 107.935
39
 0
62
  2
 0
LINE
8
default
6
CONTINUOUS
10
 357.057
20
  79.083
30
 128.400
11
 329.002
21
  66.371
31
 107.935
39
 0
62
  2
 0
LINE
8
default
6
CONTINUOUS
10
-329.002
20
  66.371
30
 107.935
11
-328.931
21
  66.969
31
 108.034
39
 0
62
  2
 0
LINE
8
default
6
CONTINUOUS
10
-357.057
20
  79.083
30
 128.400
11
-356.976
21
  79.083
31
 128.496
39
 0
62
  2
 0
LINE
8
default
6
CONTINUOUS
10
 329.002
20
  66.371
30
 107.935
11
 328.931
21
  66.969
31
 108.034
39
 0
62
  2
 0
LINE
8
default
6
CONTINUOUS
10
 357.057
20
  79.083
30
 128.400
11
 356.976
21
  79.083
31
 128.496
39
 0
62
  2
 0
LINE
8
default
6
CONTINUOUS
10
-356.976
20
  79.680
30
 128.496
11
-328.931
21
  66.969
31
 108.034
39
 0
62
  2
 0
LINE
8
default
6
CONTINUOUS
10
 356.976
20
  79.680
30
 128.496
11
 328.931
21
  66.969
31
 108.034
39
 0
62
  2
 0
LINE
8
default
6
CONTINUOUS
10
-328.931
20
  66.969
30
 108.034
11
-328.859
21
  67.567
31
 108.134
39
 0
62
  2
 0
LINE
8
default
6
CONTINUOUS
10
-356.976
20
  79.680
30
 128.496
11
-356.896
21
  79.680
31
 128.592
39
 0
62
  2
 0
LINE
8
default
6
CONTINUOUS
10
 328.931
20
  66.969
30
 108.034
11
 328.859
21
  67.567
31
 108.134
39
 0
62
  2
 0
LINE
8
default
6
CONTINUOUS
10
 356.976
20
  79.680
30
 128.496
11
 356.896
21
  79.680
31
 128.592
39
 0
62
  2
 0
LINE
8
default
6
CONTINUOUS
10
-356.896
20
  80.277
30
 128.592
11
-328.859
21
  67.567
31
 108.134
39
 0
62
  2
 0
LINE
8
default
6
CONTINUOUS
10
 356.896
20
  80.277
30
 128.592
11
 328.859
21
  67.567
31
 108.134
39
 0
62
  2
 0
LINE
8
default
6
CONTINUOUS
10
-328.859
20
  67.567
30
 108.134
11
-328.788
21
  68.165
31
 108.232
39
 0
62
  2
 0
LINE
8
default
6
CONTINUOUS
10
-356.896
20
  80.277
30
 128.592
11
-356.818
21
  80.277
31
 128.684
39
 0
62
  2
 0
LINE
8
default
6
CONTINUOUS
10
 328.859
20
  67.567
30
 108.134
11
 328.788
21
  68.165
31
 108.232
39
 0
62
  2
 0
LINE
8
default
6
CONTINUOUS
10
 356.896
20
  80.277
30
 128.592
11
 356.818
21
  80.277
31
 128.684
39
 0
62
  2
 0
LINE
8
default
6
CONTINUOUS
10
-356.818
20
  80.875
30
 128.684
11
-328.788
21
  68.165
31
 108.232
39
 0
62
  2
 0
LINE
8
default
6
CONTINUOUS
10
 356.818
20
  80.875
30
 128.684
11
 328.788
21
  68.165
31
 108.232
39
 0
62
  2
 0
LINE
8
default
6
CONTINUOUS
10
-328.788
20
  68.165
30
 108.232
11
-328.724
21
  68.763
31
 108.322
39
 0
62
  2
 0
LINE
8
default
6
CONTINUOUS
10
-356.818
20
  80.875
30
 128.684
11
-356.745
21
  80.875
31
 128.771
39
 0
62
  2
 0
LINE
8
default
6
CONTINUOUS
10
 328.788
20
  68.165
30
 108.232
11
 328.724
21
  68.763
31
 108.322
39
 0
62
  2
 0
LINE
8
default
6
CONTINUOUS
10
 356.818
20
  80.875
30
 128.684
11
 356.745
21
  80.875
31
 128.771
39
 0
62
  2
 0
LINE
8
default
6
CONTINUOUS
10
-356.745
20
  81.472
30
 128.771
11
-328.724
21
  68.763
31
 108.322
39
 0
62
  2
 0
LINE
8
default
6
CONTINUOUS
10
 356.745
20
  81.472
30
 128.771
11
 328.724
21
  68.763
31
 108.322
39
 0
62
  2
 0
LINE
8
default
6
CONTINUOUS
10
-328.724
20
  68.763
30
 108.322
11
-328.659
21
  69.361
31
 108.411
39
 0
62
  2
 0
LINE
8
default
6
CONTINUOUS
10
-356.745
20
  81.472
30
 128.771
11
-356.672
21
  81.472
31
 128.858
39
 0
62
  2
 0
LINE
8
default
6
CONTINUOUS
10
 328.724
20
  68.763
30
 108.322
11
 328.659
21
  69.361
31
 108.411
39
 0
62
  2
 0
LINE
8
default
6
CONTINUOUS
10
 356.745
20
  81.472
30
 128.771
11
 356.672
21
  81.472
31
 128.858
39
 0
62
  2
 0
LINE
8
default
6
CONTINUOUS
10
-356.672
20
  82.070
30
 128.858
11
-328.659
21
  69.361
31
 108.411
39
 0
62
  2
 0
LINE
8
default
6
CONTINUOUS
10
 356.672
20
  82.070
30
 128.858
11
 328.659
21
  69.361
31
 108.411
39
 0
62
  2
 0
LINE
8
default
6
CONTINUOUS
10
-328.659
20
  69.361
30
 108.411
11
-328.594
21
  69.959
31
 108.501
39
 0
62
  2
 0
LINE
8
default
6
CONTINUOUS
10
-356.672
20
  82.070
30
 128.858
11
-356.599
21
  82.070
31
 128.945
39
 0
62
  2
 0
LINE
8
default
6
CONTINUOUS
10
 328.659
20
  69.361
30
 108.411
11
 328.594
21
  69.959
31
 108.501
39
 0
62
  2
 0
LINE
8
default
6
CONTINUOUS
10
 356.672
20
  82.070
30
 128.858
11
 356.599
21
  82.070
31
 128.945
39
 0
62
  2
 0
LINE
8
default
6
CONTINUOUS
10
-356.599
20
  82.667
30
 128.945
11
-328.594
21
  69.959
31
 108.501
39
 0
62
  2
 0
LINE
8
default
6
CONTINUOUS
10
 356.599
20
  82.667
30
 128.945
11
 328.594
21
  69.959
31
 108.501
39
 0
62
  2
 0
LINE
8
default
6
CONTINUOUS
10
-328.594
20
  69.959
30
 108.501
11
-328.530
21
  70.557
31
 108.591
39
 0
62
  2
 0
LINE
8
default
6
CONTINUOUS
10
-356.599
20
  82.667
30
 128.945
11
-356.525
21
  82.667
31
 129.031
39
 0
62
  2
 0
LINE
8
default
6
CONTINUOUS
10
 328.594
20
  69.959
30
 108.501
11
 328.530
21
  70.557
31
 108.591
39
 0
62
  2
 0
LINE
8
default
6
CONTINUOUS
10
 356.599
20
  82.667
30
 128.945
11
 356.525
21
  82.667
31
 129.031
39
 0
62
  2
 0
LINE
8
default
6
CONTINUOUS
10
-356.525
20
  83.265
30
 129.031
11
-328.530
21
  70.557
31
 108.591
39
 0
62
  2
 0
LINE
8
default
6
CONTINUOUS
10
 356.525
20
  83.265
30
 129.031
11
 328.530
21
  70.557
31
 108.591
39
 0
62
  2
 0
LINE
8
default
6
CONTINUOUS
10
-328.530
20
  70.557
30
 108.591
11
-328.465
21
  71.155
31
 108.680
39
 0
62
  2
 0
LINE
8
default
6
CONTINUOUS
10
-356.525
20
  83.265
30
 129.031
11
-356.453
21
  83.265
31
 129.117
39
 0
62
  2
 0
LINE
8
default
6
CONTINUOUS
10
 328.530
20
  70.557
30
 108.591
11
 328.465
21
  71.155
31
 108.680
39
 0
62
  2
 0
LINE
8
default
6
CONTINUOUS
10
 356.525
20
  83.265
30
 129.031
11
 356.453
21
  83.265
31
 129.117
39
 0
62
  2
 0
LINE
8
default
6
CONTINUOUS
10
-356.453
20
  83.863
30
 129.117
11
-328.465
21
  71.155
31
 108.680
39
 0
62
  2
 0
LINE
8
default
6
CONTINUOUS
10
 356.453
20
  83.863
30
 129.117
11
 328.465
21
  71.155
31
 108.680
39
 0
62
  2
 0
LINE
8
default
6
CONTINUOUS
10
-328.465
20
  71.155
30
 108.680
11
-328.403
21
  71.754
31
 108.767
39
 0
62
  2
 0
LINE
8
default
6
CONTINUOUS
10
-356.453
20
  83.863
30
 129.117
11
-356.387
21
  83.863
31
 129.195
39
 0
62
  2
 0
LINE
8
default
6
CONTINUOUS
10
 328.465
20
  71.155
30
 108.680
11
 328.403
21
  71.754
31
 108.767
39
 0
62
  2
 0
LINE
8
default
6
CONTINUOUS
10
 356.453
20
  83.863
30
 129.117
11
 356.387
21
  83.863
31
 129.195
39
 0
62
  2
 0
LINE
8
default
6
CONTINUOUS
10
-356.387
20
  84.460
30
 129.195
11
-328.403
21
  71.754
31
 108.767
39
 0
62
  2
 0
LINE
8
default
6
CONTINUOUS
10
 356.387
20
  84.460
30
 129.195
11
 328.403
21
  71.754
31
 108.767
39
 0
62
  2
 0
LINE
8
default
6
CONTINUOUS
10
-354.235
20
 113.291
30
 131.751
11
-326.291
21
 104.382
31
 111.697
39
 0
62
  2
 0
LINE
8
default
6
CONTINUOUS
10
 354.235
20
 113.291
30
 131.751
11
 326.291
21
 104.382
31
 111.697
39
 0
62
  2
 0
LINE
8
default
6
CONTINUOUS
10
-326.291
20
 104.382
30
 111.697
11
-326.270
21
 104.982
31
 111.726
39
 0
62
  2
 0
LINE
8
default
6
CONTINUOUS
10
-354.235
20
 113.291
30
 131.751
11
-354.211
21
 113.291
31
 131.780
39
 0
62
  2
 0
LINE
8
default
6
CONTINUOUS
10
 326.291
20
 104.382
30
 111.697
11
 326.270
21
 104.982
31
 111.726
39
 0
62
  2
 0
LINE
8
default
6
CONTINUOUS
10
 354.235
20
 113.291
30
 131.751
11
 354.211
21
 113.291
31
 131.780
39
 0
62
  2
 0
LINE
8
default
6
CONTINUOUS
10
-354.211
20
 113.890
30
 131.780
11
-326.270
21
 104.982
31
 111.726
39
 0
62
  2
 0
LINE
8
default
6
CONTINUOUS
10
 354.211
20
 113.890
30
 131.780
11
 326.270
21
 104.982
31
 111.726
39
 0
62
  2
 0
LINE
8
default
6
CONTINUOUS
10
-326.270
20
 104.982
30
 111.726
11
-326.249
21
 105.581
31
 111.755
39
 0
62
  2
 0
LINE
8
default
6
CONTINUOUS
10
-354.211
20
 113.890
30
 131.780
11
-354.186
21
 113.890
31
 131.810
39
 0
62
  2
 0
LINE
8
default
6
CONTINUOUS
10
 326.270
20
 104.982
30
 111.726
11
 326.249
21
 105.581
31
 111.755
39
 0
62
  2
 0
LINE
8
default
6
CONTINUOUS
10
 354.211
20
 113.890
30
 131.780
11
 354.186
21
 113.890
31
 131.810
39
 0
62
  2
 0
LINE
8
default
6
CONTINUOUS
10
-354.186
20
 114.489
30
 131.810
11
-326.249
21
 105.581
31
 111.755
39
 0
62
  2
 0
LINE
8
default
6
CONTINUOUS
10
 354.186
20
 114.489
30
 131.810
11
 326.249
21
 105.581
31
 111.755
39
 0
62
  2
 0
LINE
8
default
6
CONTINUOUS
10
-326.249
20
 105.581
30
 111.755
11
-326.228
21
 106.181
31
 111.784
39
 0
62
  2
 0
LINE
8
default
6
CONTINUOUS
10
-354.186
20
 114.489
30
 131.810
11
-354.161
21
 114.489
31
 131.839
39
 0
62
  2
 0
LINE
8
default
6
CONTINUOUS
10
 326.249
20
 105.581
30
 111.755
11
 326.228
21
 106.181
31
 111.784
39
 0
62
  2
 0
LINE
8
default
6
CONTINUOUS
10
 354.186
20
 114.489
30
 131.810
11
 354.161
21
 114.489
31
 131.839
39
 0
62
  2
 0
LINE
8
default
6
CONTINUOUS
10
-354.161
20
 115.089
30
 131.839
11
-326.228
21
 106.181
31
 111.784
39
 0
62
  2
 0
LINE
8
default
6
CONTINUOUS
10
 354.161
20
 115.089
30
 131.839
11
 326.228
21
 106.181
31
 111.784
39
 0
62
  2
 0
LINE
8
default
6
CONTINUOUS
10
-326.228
20
 106.181
30
 111.784
11
-326.207
21
 106.780
31
 111.813
39
 0
62
  2
 0
LINE
8
default
6
CONTINUOUS
10
-354.161
20
 115.089
30
 131.839
11
-354.136
21
 115.089
31
 131.869
39
 0
62
  2
 0
LINE
8
default
6
CONTINUOUS
10
 326.228
20
 106.181
30
 111.784
11
 326.207
21
 106.780
31
 111.813
39
 0
62
  2
 0
LINE
8
default
6
CONTINUOUS
10
 354.161
20
 115.089
30
 131.839
11
 354.136
21
 115.089
31
 131.869
39
 0
62
  2
 0
LINE
8
default
6
CONTINUOUS
10
-354.136
20
 115.688
30
 131.869
11
-326.207
21
 106.780
31
 111.813
39
 0
62
  2
 0
LINE
8
default
6
CONTINUOUS
10
 354.136
20
 115.688
30
 131.869
11
 326.207
21
 106.780
31
 111.813
39
 0
62
  2
 0
LINE
8
default
6
CONTINUOUS
10
-326.207
20
 106.780
30
 111.813
11
-326.187
21
 107.380
31
 111.842
39
 0
62
  2
 0
LINE
8
default
6
CONTINUOUS
10
-354.136
20
 115.688
30
 131.869
11
-354.111
21
 115.688
31
 131.899
39
 0
62
  2
 0
LINE
8
default
6
CONTINUOUS
10
 326.207
20
 106.780
30
 111.813
11
 326.187
21
 107.380
31
 111.842
39
 0
62
  2
 0
LINE
8
default
6
CONTINUOUS
10
 354.136
20
 115.688
30
 131.869
11
 354.111
21
 115.688
31
 131.899
39
 0
62
  2
 0
LINE
8
default
6
CONTINUOUS
10
-354.111
20
 116.287
30
 131.899
11
-326.187
21
 107.380
31
 111.842
39
 0
62
  2
 0
LINE
8
default
6
CONTINUOUS
10
 354.111
20
 116.287
30
 131.899
11
 326.187
21
 107.380
31
 111.842
39
 0
62
  2
 0
LINE
8
default
6
CONTINUOUS
10
-326.187
20
 107.380
30
 111.842
11
-326.166
21
 107.979
31
 111.871
39
 0
62
  2
 0
LINE
8
default
6
CONTINUOUS
10
-354.111
20
 116.287
30
 131.899
11
-354.086
21
 116.287
31
 131.928
39
 0
62
  2
 0
LINE
8
default
6
CONTINUOUS
10
 326.187
20
 107.380
30
 111.842
11
 326.166
21
 107.979
31
 111.871
39
 0
62
  2
 0
LINE
8
default
6
CONTINUOUS
10
 354.111
20
 116.287
30
 131.899
11
 354.086
21
 116.287
31
 131.928
39
 0
62
  2
 0
LINE
8
default
6
CONTINUOUS
10
-354.086
20
 116.886
30
 131.928
11
-326.166
21
 107.979
31
 111.871
39
 0
62
  2
 0
LINE
8
default
6
CONTINUOUS
10
 354.086
20
 116.886
30
 131.928
11
 326.166
21
 107.979
31
 111.871
39
 0
62
  2
 0
LINE
8
default
6
CONTINUOUS
10
-326.166
20
 107.979
30
 111.871
11
-326.145
21
 108.579
31
 111.899
39
 0
62
  2
 0
LINE
8
default
6
CONTINUOUS
10
-354.086
20
 116.886
30
 131.928
11
-354.061
21
 116.886
31
 131.958
39
 0
62
  2
 0
LINE
8
default
6
CONTINUOUS
10
 326.166
20
 107.979
30
 111.871
11
 326.145
21
 108.579
31
 111.899
39
 0
62
  2
 0
LINE
8
default
6
CONTINUOUS
10
 354.086
20
 116.886
30
 131.928
11
 354.061
21
 116.886
31
 131.958
39
 0
62
  2
 0
LINE
8
default
6
CONTINUOUS
10
-354.061
20
 117.486
30
 131.958
11
-326.145
21
 108.579
31
 111.899
39
 0
62
  2
 0
LINE
8
default
6
CONTINUOUS
10
 354.061
20
 117.486
30
 131.958
11
 326.145
21
 108.579
31
 111.899
39
 0
62
  2
 0
LINE
8
default
6
CONTINUOUS
10
-326.145
20
 108.579
30
 111.899
11
-326.124
21
 109.178
31
 111.928
39
 0
62
  2
 0
LINE
8
default
6
CONTINUOUS
10
-354.061
20
 117.486
30
 131.958
11
-354.036
21
 117.486
31
 131.987
39
 0
62
  2
 0
LINE
8
default
6
CONTINUOUS
10
 326.145
20
 108.579
30
 111.899
11
 326.124
21
 109.178
31
 111.928
39
 0
62
  2
 0
LINE
8
default
6
CONTINUOUS
10
 354.061
20
 117.486
30
 131.958
11
 354.036
21
 117.486
31
 131.987
39
 0
62
  2
 0
LINE
8
default
6
CONTINUOUS
10
-354.036
20
 118.085
30
 131.987
11
-326.124
21
 109.178
31
 111.928
39
 0
62
  2
 0
LINE
8
default
6
CONTINUOUS
10
 354.036
20
 118.085
30
 131.987
11
 326.124
21
 109.178
31
 111.928
39
 0
62
  2
 0
LINE
8
default
6
CONTINUOUS
10
-326.124
20
 109.178
30
 111.928
11
-326.105
21
 109.778
31
 111.955
39
 0
62
  2
 0
LINE
8
default
6
CONTINUOUS
10
-354.036
20
 118.085
30
 131.987
11
-354.012
21
 118.085
31
 132.016
39
 0
62
  2
 0
LINE
8
default
6
CONTINUOUS
10
 326.124
20
 109.178
30
 111.928
11
 326.105
21
 109.778
31
 111.955
39
 0
62
  2
 0
LINE
8
default
6
CONTINUOUS
10
 354.036
20
 118.085
30
 131.987
11
 354.012
21
 118.085
31
 132.016
39
 0
62
  2
 0
LINE
8
default
6
CONTINUOUS
10
-354.012
20
 118.684
30
 132.016
11
-326.105
21
 109.778
31
 111.955
39
 0
62
  2
 0
LINE
8
default
6
CONTINUOUS
10
 354.012
20
 118.684
30
 132.016
11
 326.105
21
 109.778
31
 111.955
39
 0
62
  2
 0
LINE
8
default
6
CONTINUOUS
10
-326.105
20
 109.778
30
 111.955
11
-326.089
21
 110.377
31
 111.977
39
 0
62
  2
 0
LINE
8
default
6
CONTINUOUS
10
-354.012
20
 118.684
30
 132.016
11
-353.993
21
 118.684
31
 132.039
39
 0
62
  2
 0
LINE
8
default
6
CONTINUOUS
10
 326.105
20
 109.778
30
 111.955
11
 326.089
21
 110.377
31
 111.977
39
 0
62
  2
 0
LINE
8
default
6
CONTINUOUS
10
 354.012
20
 118.684
30
 132.016
11
 353.993
21
 118.684
31
 132.039
39
 0
62
  2
 0
LINE
8
default
6
CONTINUOUS
10
-353.993
20
 119.284
30
 132.039
11
-326.089
21
 110.377
31
 111.977
39
 0
62
  2
 0
LINE
8
default
6
CONTINUOUS
10
 353.993
20
 119.284
30
 132.039
11
 326.089
21
 110.377
31
 111.977
39
 0
62
  2
 0
LINE
8
default
6
CONTINUOUS
10
-326.089
20
 110.377
30
 111.977
11
-326.073
21
 110.977
31
 112.000
39
 0
62
  2
 0
LINE
8
default
6
CONTINUOUS
10
-353.993
20
 119.284
30
 132.039
11
-353.973
21
 119.284
31
 132.063
39
 0
62
  2
 0
LINE
8
default
6
CONTINUOUS
10
 326.089
20
 110.377
30
 111.977
11
 326.073
21
 110.977
31
 112.000
39
 0
62
  2
 0
LINE
8
default
6
CONTINUOUS
10
 353.993
20
 119.284
30
 132.039
11
 353.973
21
 119.284
31
 132.063
39
 0
62
  2
 0
LINE
8
default
6
CONTINUOUS
10
-353.973
20
 119.883
30
 132.063
11
-326.073
21
 110.977
31
 112.000
39
 0
62
  2
 0
LINE
8
default
6
CONTINUOUS
10
 353.973
20
 119.883
30
 132.063
11
 326.073
21
 110.977
31
 112.000
39
 0
62
  2
 0
LINE
8
default
6
CONTINUOUS
10
-326.073
20
 110.977
30
 112.000
11
-326.057
21
 111.576
31
 112.022
39
 0
62
  2
 0
LINE
8
default
6
CONTINUOUS
10
-353.973
20
 119.883
30
 132.063
11
-353.953
21
 119.883
31
 132.086
39
 0
62
  2
 0
LINE
8
default
6
CONTINUOUS
10
 326.073
20
 110.977
30
 112.000
11
 326.057
21
 111.576
31
 112.022
39
 0
62
  2
 0
LINE
8
default
6
CONTINUOUS
10
 353.973
20
 119.883
30
 132.063
11
 353.953
21
 119.883
31
 132.086
39
 0
62
  2
 0
LINE
8
default
6
CONTINUOUS
10
-353.953
20
 120.483
30
 132.086
11
-326.057
21
 111.576
31
 112.022
39
 0
62
  2
 0
LINE
8
default
6
CONTINUOUS
10
 353.953
20
 120.483
30
 132.086
11
 326.057
21
 111.576
31
 112.022
39
 0
62
  2
 0
LINE
8
default
6
CONTINUOUS
10
-326.057
20
 111.576
30
 112.022
11
-326.040
21
 112.176
31
 112.045
39
 0
62
  2
 0
LINE
8
default
6
CONTINUOUS
10
-353.953
20
 120.483
30
 132.086
11
-353.933
21
 120.483
31
 132.110
39
 0
62
  2
 0
LINE
8
default
6
CONTINUOUS
10
 326.057
20
 111.576
30
 112.022
11
 326.040
21
 112.176
31
 112.045
39
 0
62
  2
 0
LINE
8
default
6
CONTINUOUS
10
 353.953
20
 120.483
30
 132.086
11
 353.933
21
 120.483
31
 132.110
39
 0
62
  2
 0
LINE
8
default
6
CONTINUOUS
10
-353.933
20
 121.082
30
 132.110
11
-326.040
21
 112.176
31
 112.045
39
 0
62
  2
 0
LINE
8
default
6
CONTINUOUS
10
 353.933
20
 121.082
30
 132.110
11
 326.040
21
 112.176
31
 112.045
39
 0
62
  2
 0
LINE
8
default
6
CONTINUOUS
10
-326.040
20
 112.176
30
 112.045
11
-326.024
21
 112.776
31
 112.067
39
 0
62
  2
 0
LINE
8
default
6
CONTINUOUS
10
-353.933
20
 121.082
30
 132.110
11
-353.913
21
 121.082
31
 132.133
39
 0
62
  2
 0
LINE
8
default
6
CONTINUOUS
10
 326.040
20
 112.176
30
 112.045
11
 326.024
21
 112.776
31
 112.067
39
 0
62
  2
 0
LINE
8
default
6
CONTINUOUS
10
 353.933
20
 121.082
30
 132.110
11
 353.913
21
 121.082
31
 132.133
39
 0
62
  2
 0
LINE
8
default
6
CONTINUOUS
10
-353.913
20
 121.682
30
 132.133
11
-326.024
21
 112.776
31
 112.067
39
 0
62
  2
 0
LINE
8
default
6
CONTINUOUS
10
 353.913
20
 121.682
30
 132.133
11
 326.024
21
 112.776
31
 112.067
39
 0
62
  2
 0
LINE
8
default
6
CONTINUOUS
10
-326.024
20
 112.776
30
 112.067
11
-326.008
21
 113.375
31
 112.090
39
 0
62
  2
 0
LINE
8
default
6
CONTINUOUS
10
-353.913
20
 121.682
30
 132.133
11
-353.894
21
 121.682
31
 132.157
39
 0
62
  2
 0
LINE
8
default
6
CONTINUOUS
10
 326.024
20
 112.776
30
 112.067
11
 326.008
21
 113.375
31
 112.090
39
 0
62
  2
 0
LINE
8
default
6
CONTINUOUS
10
 353.913
20
 121.682
30
 132.133
11
 353.894
21
 121.682
31
 132.157
39
 0
62
  2
 0
LINE
8
default
6
CONTINUOUS
10
-353.894
20
 122.281
30
 132.157
11
-326.008
21
 113.375
31
 112.090
39
 0
62
  2
 0
LINE
8
default
6
CONTINUOUS
10
 353.894
20
 122.281
30
 132.157
11
 326.008
21
 113.375
31
 112.090
39
 0
62
  2
 0
LINE
8
default
6
CONTINUOUS
10
-326.008
20
 113.375
30
 112.090
11
-325.992
21
 113.975
31
 112.112
39
 0
62
  2
 0
LINE
8
default
6
CONTINUOUS
10
-353.894
20
 122.281
30
 132.157
11
-353.874
21
 122.281
31
 132.180
39
 0
62
  2
 0
LINE
8
default
6
CONTINUOUS
10
 326.008
20
 113.375
30
 112.090
11
 325.992
21
 113.975
31
 112.112
39
 0
62
  2
 0
LINE
8
default
6
CONTINUOUS
10
 353.894
20
 122.281
30
 132.157
11
 353.874
21
 122.281
31
 132.180
39
 0
62
  2
 0
LINE
8
default
6
CONTINUOUS
10
-353.874
20
 122.880
30
 132.180
11
-325.992
21
 113.975
31
 112.112
39
 0
62
  2
 0
LINE
8
default
6
CONTINUOUS
10
 353.874
20
 122.880
30
 132.180
11
 325.992
21
 113.975
31
 112.112
39
 0
62
  2
 0
LINE
8
default
6
CONTINUOUS
10
-325.992
20
 113.975
30
 112.112
11
-325.976
21
 114.574
31
 112.134
39
 0
62
  2
 0
LINE
8
default
6
CONTINUOUS
10
-353.874
20
 122.880
30
 132.180
11
-353.854
21
 122.880
31
 132.204
39
 0
62
  2
 0
LINE
8
default
6
CONTINUOUS
10
 325.992
20
 113.975
30
 112.112
11
 325.976
21
 114.574
31
 112.134
39
 0
62
  2
 0
LINE
8
default
6
CONTINUOUS
10
 353.874
20
 122.880
30
 132.180
11
 353.854
21
 122.880
31
 132.204
39
 0
62
  2
 0
LINE
8
default
6
CONTINUOUS
10
-353.854
20
 123.480
30
 132.204
11
-325.976
21
 114.574
31
 112.134
39
 0
62
  2
 0
LINE
8
default
6
CONTINUOUS
10
 353.854
20
 123.480
30
 132.204
11
 325.976
21
 114.574
31
 112.134
39
 0
62
  2
 0
LINE
8
default
6
CONTINUOUS
10
-325.976
20
 114.574
30
 112.134
11
-325.960
21
 115.174
31
 112.157
39
 0
62
  2
 0
LINE
8
default
6
CONTINUOUS
10
-353.854
20
 123.480
30
 132.204
11
-353.834
21
 123.480
31
 132.227
39
 0
62
  2
 0
LINE
8
default
6
CONTINUOUS
10
 325.976
20
 114.574
30
 112.134
11
 325.960
21
 115.174
31
 112.157
39
 0
62
  2
 0
LINE
8
default
6
CONTINUOUS
10
 353.854
20
 123.480
30
 132.204
11
 353.834
21
 123.480
31
 132.227
39
 0
62
  2
 0
LINE
8
default
6
CONTINUOUS
10
-353.834
20
 124.079
30
 132.227
11
-325.960
21
 115.174
31
 112.157
39
 0
62
  2
 0
LINE
8
default
6
CONTINUOUS
10
 353.834
20
 124.079
30
 132.227
11
 325.960
21
 115.174
31
 112.157
39
 0
62
  2
 0
LINE
8
default
6
CONTINUOUS
10
-325.960
20
 115.174
30
 112.157
11
-325.943
21
 115.774
31
 112.179
39
 0
62
  2
 0
LINE
8
default
6
CONTINUOUS
10
-353.834
20
 124.079
30
 132.227
11
-353.815
21
 124.079
31
 132.250
39
 0
62
  2
 0
LINE
8
default
6
CONTINUOUS
10
 325.960
20
 115.174
30
 112.157
11
 325.943
21
 115.774
31
 112.179
39
 0
62
  2
 0
LINE
8
default
6
CONTINUOUS
10
 353.834
20
 124.079
30
 132.227
11
 353.815
21
 124.079
31
 132.250
39
 0
62
  2
 0
LINE
8
default
6
CONTINUOUS
10
-353.815
20
 124.679
30
 132.250
11
-325.943
21
 115.774
31
 112.179
39
 0
62
  2
 0
LINE
8
default
6
CONTINUOUS
10
 353.815
20
 124.679
30
 132.250
11
 325.943
21
 115.774
31
 112.179
39
 0
62
  2
 0
LINE
8
default
6
CONTINUOUS
10
-325.943
20
 115.774
30
 112.179
11
-325.929
21
 116.373
31
 112.200
39
 0
62
  2
 0
LINE
8
default
6
CONTINUOUS
10
-353.815
20
 124.679
30
 132.250
11
-353.801
21
 124.679
31
 132.267
39
 0
62
  2
 0
LINE
8
default
6
CONTINUOUS
10
 325.943
20
 115.774
30
 112.179
11
 325.929
21
 116.373
31
 112.200
39
 0
62
  2
 0
LINE
8
default
6
CONTINUOUS
10
 353.815
20
 124.679
30
 132.250
11
 353.801
21
 124.679
31
 132.267
39
 0
62
  2
 0
LINE
8
default
6
CONTINUOUS
10
-353.801
20
 125.278
30
 132.267
11
-325.929
21
 116.373
31
 112.200
39
 0
62
  2
 0
LINE
8
default
6
CONTINUOUS
10
 353.801
20
 125.278
30
 132.267
11
 325.929
21
 116.373
31
 112.200
39
 0
62
  2
 0
LINE
8
default
6
CONTINUOUS
10
-353.884
20
 168.183
30
 132.168
11
-326.159
21
 164.363
31
 111.880
39
 0
62
  2
 0
LINE
8
default
6
CONTINUOUS
10
 353.884
20
 168.183
30
 132.168
11
 326.159
21
 164.363
31
 111.880
39
 0
62
  2
 0
LINE
8
default
6
CONTINUOUS
10
-326.159
20
 164.363
30
 111.880
11
-326.177
21
 164.963
31
 111.855
39
 0
62
  2
 0
LINE
8
default
6
CONTINUOUS
10
-353.884
20
 168.183
30
 132.168
11
-353.902
21
 168.183
31
 132.147
39
 0
62
  2
 0
LINE
8
default
6
CONTINUOUS
10
 326.159
20
 164.363
30
 111.880
11
 326.177
21
 164.963
31
 111.855
39
 0
62
  2
 0
LINE
8
default
6
CONTINUOUS
10
 353.884
20
 168.183
30
 132.168
11
 353.902
21
 168.183
31
 132.147
39
 0
62
  2
 0
LINE
8
default
6
CONTINUOUS
10
-353.902
20
 168.784
30
 132.147
11
-326.177
21
 164.963
31
 111.855
39
 0
62
  2
 0
LINE
8
default
6
CONTINUOUS
10
 353.902
20
 168.784
30
 132.147
11
 326.177
21
 164.963
31
 111.855
39
 0
62
  2
 0
LINE
8
default
6
CONTINUOUS
10
-326.177
20
 164.963
30
 111.855
11
-326.195
21
 165.564
31
 111.830
39
 0
62
  2
 0
LINE
8
default
6
CONTINUOUS
10
-353.902
20
 168.784
30
 132.147
11
-353.919
21
 168.784
31
 132.126
39
 0
62
  2
 0
LINE
8
default
6
CONTINUOUS
10
 326.177
20
 164.963
30
 111.855
11
 326.195
21
 165.564
31
 111.830
39
 0
62
  2
 0
LINE
8
default
6
CONTINUOUS
10
 353.902
20
 168.784
30
 132.147
11
 353.919
21
 168.784
31
 132.126
39
 0
62
  2
 0
LINE
8
default
6
CONTINUOUS
10
-353.919
20
 169.385
30
 132.126
11
-326.195
21
 165.564
31
 111.830
39
 0
62
  2
 0
LINE
8
default
6
CONTINUOUS
10
 353.919
20
 169.385
30
 132.126
11
 326.195
21
 165.564
31
 111.830
39
 0
62
  2
 0
LINE
8
default
6
CONTINUOUS
10
-326.195
20
 165.564
30
 111.830
11
-326.213
21
 166.165
31
 111.806
39
 0
62
  2
 0
LINE
8
default
6
CONTINUOUS
10
-353.919
20
 169.385
30
 132.126
11
-353.937
21
 169.385
31
 132.105
39
 0
62
  2
 0
LINE
8
default
6
CONTINUOUS
10
 326.195
20
 165.564
30
 111.830
11
 326.213
21
 166.165
31
 111.806
39
 0
62
  2
 0
LINE
8
default
6
CONTINUOUS
10
 353.919
20
 169.385
30
 132.126
11
 353.937
21
 169.385
31
 132.105
39
 0
62
  2
 0
LINE
8
default
6
CONTINUOUS
10
-353.937
20
 169.986
30
 132.105
11
-326.213
21
 166.165
31
 111.806
39
 0
62
  2
 0
LINE
8
default
6
CONTINUOUS
10
 353.937
20
 169.986
30
 132.105
11
 326.213
21
 166.165
31
 111.806
39
 0
62
  2
 0
LINE
8
default
6
CONTINUOUS
10
-326.213
20
 166.165
30
 111.806
11
-326.230
21
 166.765
31
 111.781
39
 0
62
  2
 0
LINE
8
default
6
CONTINUOUS
10
-353.937
20
 169.986
30
 132.105
11
-353.955
21
 169.986
31
 132.084
39
 0
62
  2
 0
LINE
8
default
6
CONTINUOUS
10
 326.213
20
 166.165
30
 111.806
11
 326.230
21
 166.765
31
 111.781
39
 0
62
  2
 0
LINE
8
default
6
CONTINUOUS
10
 353.937
20
 169.986
30
 132.105
11
 353.955
21
 169.986
31
 132.084
39
 0
62
  2
 0
LINE
8
default
6
CONTINUOUS
10
-353.955
20
 170.586
30
 132.084
11
-326.230
21
 166.765
31
 111.781
39
 0
62
  2
 0
LINE
8
default
6
CONTINUOUS
10
 353.955
20
 170.586
30
 132.084
11
 326.230
21
 166.765
31
 111.781
39
 0
62
  2
 0
LINE
8
default
6
CONTINUOUS
10
-326.230
20
 166.765
30
 111.781
11
-326.248
21
 167.366
31
 111.757
39
 0
62
  2
 0
LINE
8
default
6
CONTINUOUS
10
-353.955
20
 170.586
30
 132.084
11
-353.972
21
 170.586
31
 132.064
39
 0
62
  2
 0
LINE
8
default
6
CONTINUOUS
10
 326.230
20
 166.765
30
 111.781
11
 326.248
21
 167.366
31
 111.757
39
 0
62
  2
 0
LINE
8
default
6
CONTINUOUS
10
 353.955
20
 170.586
30
 132.084
11
 353.972
21
 170.586
31
 132.064
39
 0
62
  2
 0
LINE
8
default
6
CONTINUOUS
10
-353.972
20
 171.187
30
 132.064
11
-326.248
21
 167.366
31
 111.757
39
 0
62
  2
 0
LINE
8
default
6
CONTINUOUS
10
 353.972
20
 171.187
30
 132.064
11
 326.248
21
 167.366
31
 111.757
39
 0
62
  2
 0
LINE
8
default
6
CONTINUOUS
10
-326.248
20
 167.366
30
 111.757
11
-326.266
21
 167.967
31
 111.732
39
 0
62
  2
 0
LINE
8
default
6
CONTINUOUS
10
-353.972
20
 171.187
30
 132.064
11
-353.990
21
 171.187
31
 132.043
39
 0
62
  2
 0
LINE
8
default
6
CONTINUOUS
10
 326.248
20
 167.366
30
 111.757
11
 326.266
21
 167.967
31
 111.732
39
 0
62
  2
 0
LINE
8
default
6
CONTINUOUS
10
 353.972
20
 171.187
30
 132.064
11
 353.990
21
 171.187
31
 132.043
39
 0
62
  2
 0
LINE
8
default
6
CONTINUOUS
10
-353.990
20
 171.788
30
 132.043
11
-326.266
21
 167.967
31
 111.732
39
 0
62
  2
 0
LINE
8
default
6
CONTINUOUS
10
 353.990
20
 171.788
30
 132.043
11
 326.266
21
 167.967
31
 111.732
39
 0
62
  2
 0
LINE
8
default
6
CONTINUOUS
10
-326.266
20
 167.967
30
 111.732
11
-326.283
21
 168.567
31
 111.707
39
 0
62
  2
 0
LINE
8
default
6
CONTINUOUS
10
-353.990
20
 171.788
30
 132.043
11
-354.007
21
 171.788
31
 132.022
39
 0
62
  2
 0
LINE
8
default
6
CONTINUOUS
10
 326.266
20
 167.967
30
 111.732
11
 326.283
21
 168.567
31
 111.707
39
 0
62
  2
 0
LINE
8
default
6
CONTINUOUS
10
 353.990
20
 171.788
30
 132.043
11
 354.007
21
 171.788
31
 132.022
39
 0
62
  2
 0
LINE
8
default
6
CONTINUOUS
10
-354.007
20
 172.389
30
 132.022
11
-326.283
21
 168.567
31
 111.707
39
 0
62
  2
 0
LINE
8
default
6
CONTINUOUS
10
 354.007
20
 172.389
30
 132.022
11
 326.283
21
 168.567
31
 111.707
39
 0
62
  2
 0
LINE
8
default
6
CONTINUOUS
10
-326.283
20
 168.567
30
 111.707
11
-326.301
21
 169.168
31
 111.683
39
 0
62
  2
 0
LINE
8
default
6
CONTINUOUS
10
-354.007
20
 172.389
30
 132.022
11
-354.025
21
 172.389
31
 132.001
39
 0
62
  2
 0
LINE
8
default
6
CONTINUOUS
10
 326.283
20
 168.567
30
 111.707
11
 326.301
21
 169.168
31
 111.683
39
 0
62
  2
 0
LINE
8
default
6
CONTINUOUS
10
 354.007
20
 172.389
30
 132.022
11
 354.025
21
 172.389
31
 132.001
39
 0
62
  2
 0
LINE
8
default
6
CONTINUOUS
10
-354.025
20
 172.989
30
 132.001
11
-326.301
21
 169.168
31
 111.683
39
 0
62
  2
 0
LINE
8
default
6
CONTINUOUS
10
 354.025
20
 172.989
30
 132.001
11
 326.301
21
 169.168
31
 111.683
39
 0
62
  2
 0
LINE
8
default
6
CONTINUOUS
10
-326.301
20
 169.168
30
 111.683
11
-326.319
21
 169.768
31
 111.658
39
 0
62
  2
 0
LINE
8
default
6
CONTINUOUS
10
-354.025
20
 172.989
30
 132.001
11
-354.042
21
 172.989
31
 131.980
39
 0
62
  2
 0
LINE
8
default
6
CONTINUOUS
10
 326.301
20
 169.168
30
 111.683
11
 326.319
21
 169.768
31
 111.658
39
 0
62
  2
 0
LINE
8
default
6
CONTINUOUS
10
 354.025
20
 172.989
30
 132.001
11
 354.042
21
 172.989
31
 131.980
39
 0
62
  2
 0
LINE
8
default
6
CONTINUOUS
10
-354.042
20
 173.590
30
 131.980
11
-326.319
21
 169.768
31
 111.658
39
 0
62
  2
 0
LINE
8
default
6
CONTINUOUS
10
 354.042
20
 173.590
30
 131.980
11
 326.319
21
 169.768
31
 111.658
39
 0
62
  2
 0
LINE
8
default
6
CONTINUOUS
10
-326.319
20
 169.768
30
 111.658
11
-326.337
21
 170.369
31
 111.634
39
 0
62
  2
 0
LINE
8
default
6
CONTINUOUS
10
-354.042
20
 173.590
30
 131.980
11
-354.060
21
 173.590
31
 131.959
39
 0
62
  2
 0
LINE
8
default
6
CONTINUOUS
10
 326.319
20
 169.768
30
 111.658
11
 326.337
21
 170.369
31
 111.634
39
 0
62
  2
 0
LINE
8
default
6
CONTINUOUS
10
 354.042
20
 173.590
30
 131.980
11
 354.060
21
 173.590
31
 131.959
39
 0
62
  2
 0
LINE
8
default
6
CONTINUOUS
10
-354.060
20
 174.191
30
 131.959
11
-326.337
21
 170.369
31
 111.634
39
 0
62
  2
 0
LINE
8
default
6
CONTINUOUS
10
 354.060
20
 174.191
30
 131.959
11
 326.337
21
 170.369
31
 111.634
39
 0
62
  2
 0
LINE
8
default
6
CONTINUOUS
10
-326.337
20
 170.369
30
 111.634
11
-326.357
21
 170.970
31
 111.606
39
 0
62
  2
 0
LINE
8
default
6
CONTINUOUS
10
-354.060
20
 174.191
30
 131.959
11
-354.080
21
 174.191
31
 131.935
39
 0
62
  2
 0
LINE
8
default
6
CONTINUOUS
10
 326.337
20
 170.369
30
 111.634
11
 326.357
21
 170.970
31
 111.606
39
 0
62
  2
 0
LINE
8
default
6
CONTINUOUS
10
 354.060
20
 174.191
30
 131.959
11
 354.080
21
 174.191
31
 131.935
39
 0
62
  2
 0
LINE
8
default
6
CONTINUOUS
10
-354.080
20
 174.792
30
 131.935
11
-326.357
21
 170.970
31
 111.606
39
 0
62
  2
 0
LINE
8
default
6
CONTINUOUS
10
 354.080
20
 174.792
30
 131.935
11
 326.357
21
 170.970
31
 111.606
39
 0
62
  2
 0
LINE
8
default
6
CONTINUOUS
10
-326.357
20
 170.970
30
 111.606
11
-326.377
21
 171.570
31
 111.577
39
 0
62
  2
 0
LINE
8
default
6
CONTINUOUS
10
-354.080
20
 174.792
30
 131.935
11
-354.101
21
 174.792
31
 131.911
39
 0
62
  2
 0
LINE
8
default
6
CONTINUOUS
10
 326.357
20
 170.970
30
 111.606
11
 326.377
21
 171.570
31
 111.577
39
 0
62
  2
 0
LINE
8
default
6
CONTINUOUS
10
 354.080
20
 174.792
30
 131.935
11
 354.101
21
 174.792
31
 131.911
39
 0
62
  2
 0
LINE
8
default
6
CONTINUOUS
10
-354.101
20
 175.393
30
 131.911
11
-326.377
21
 171.570
31
 111.577
39
 0
62
  2
 0
LINE
8
default
6
CONTINUOUS
10
 354.101
20
 175.393
30
 131.911
11
 326.377
21
 171.570
31
 111.577
39
 0
62
  2
 0
LINE
8
default
6
CONTINUOUS
10
-326.377
20
 171.570
30
 111.577
11
-326.398
21
 172.171
31
 111.549
39
 0
62
  2
 0
LINE
8
default
6
CONTINUOUS
10
-354.101
20
 175.393
30
 131.911
11
-354.121
21
 175.393
31
 131.886
39
 0
62
  2
 0
LINE
8
default
6
CONTINUOUS
10
 326.377
20
 171.570
30
 111.577
11
 326.398
21
 172.171
31
 111.549
39
 0
62
  2
 0
LINE
8
default
6
CONTINUOUS
10
 354.101
20
 175.393
30
 131.911
11
 354.121
21
 175.393
31
 131.886
39
 0
62
  2
 0
LINE
8
default
6
CONTINUOUS
10
-354.121
20
 175.994
30
 131.886
11
-326.398
21
 172.171
31
 111.549
39
 0
62
  2
 0
LINE
8
default
6
CONTINUOUS
10
 354.121
20
 175.994
30
 131.886
11
 326.398
21
 172.171
31
 111.549
39
 0
62
  2
 0
LINE
8
default
6
CONTINUOUS
10
-326.398
20
 172.171
30
 111.549
11
-326.419
21
 172.772
31
 111.520
39
 0
62
  2
 0
LINE
8
default
6
CONTINUOUS
10
-354.121
20
 175.994
30
 131.886
11
-354.142
21
 175.994
31
 131.862
39
 0
62
  2
 0
LINE
8
default
6
CONTINUOUS
10
 326.398
20
 172.171
30
 111.549
11
 326.419
21
 172.772
31
 111.520
39
 0
62
  2
 0
LINE
8
default
6
CONTINUOUS
10
 354.121
20
 175.994
30
 131.886
11
 354.142
21
 175.994
31
 131.862
39
 0
62
  2
 0
LINE
8
default
6
CONTINUOUS
10
-354.142
20
 176.595
30
 131.862
11
-326.419
21
 172.772
31
 111.520
39
 0
62
  2
 0
LINE
8
default
6
CONTINUOUS
10
 354.142
20
 176.595
30
 131.862
11
 326.419
21
 172.772
31
 111.520
39
 0
62
  2
 0
LINE
8
default
6
CONTINUOUS
10
-326.419
20
 172.772
30
 111.520
11
-326.439
21
 173.373
31
 111.491
39
 0
62
  2
 0
LINE
8
default
6
CONTINUOUS
10
-354.142
20
 176.595
30
 131.862
11
-354.163
21
 176.595
31
 131.837
39
 0
62
  2
 0
LINE
8
default
6
CONTINUOUS
10
 326.419
20
 172.772
30
 111.520
11
 326.439
21
 173.373
31
 111.491
39
 0
62
  2
 0
LINE
8
default
6
CONTINUOUS
10
 354.142
20
 176.595
30
 131.862
11
 354.163
21
 176.595
31
 131.837
39
 0
62
  2
 0
LINE
8
default
6
CONTINUOUS
10
-354.163
20
 177.195
30
 131.837
11
-326.439
21
 173.373
31
 111.491
39
 0
62
  2
 0
LINE
8
default
6
CONTINUOUS
10
 354.163
20
 177.195
30
 131.837
11
 326.439
21
 173.373
31
 111.491
39
 0
62
  2
 0
LINE
8
default
6
CONTINUOUS
10
-326.439
20
 173.373
30
 111.491
11
-326.460
21
 173.973
31
 111.463
39
 0
62
  2
 0
LINE
8
default
6
CONTINUOUS
10
-354.163
20
 177.195
30
 131.837
11
-354.183
21
 177.195
31
 131.813
39
 0
62
  2
 0
LINE
8
default
6
CONTINUOUS
10
 326.439
20
 173.373
30
 111.491
11
 326.460
21
 173.973
31
 111.463
39
 0
62
  2
 0
LINE
8
default
6
CONTINUOUS
10
 354.163
20
 177.195
30
 131.837
11
 354.183
21
 177.195
31
 131.813
39
 0
62
  2
 0
LINE
8
default
6
CONTINUOUS
10
-354.183
20
 177.796
30
 131.813
11
-326.460
21
 173.973
31
 111.463
39
 0
62
  2
 0
LINE
8
default
6
CONTINUOUS
10
 354.183
20
 177.796
30
 131.813
11
 326.460
21
 173.973
31
 111.463
39
 0
62
  2
 0
LINE
8
default
6
CONTINUOUS
10
-326.460
20
 173.973
30
 111.463
11
-326.480
21
 174.574
31
 111.434
39
 0
62
  2
 0
LINE
8
default
6
CONTINUOUS
10
-354.183
20
 177.796
30
 131.813
11
-354.204
21
 177.796
31
 131.788
39
 0
62
  2
 0
LINE
8
default
6
CONTINUOUS
10
 326.460
20
 173.973
30
 111.463
11
 326.480
21
 174.574
31
 111.434
39
 0
62
  2
 0
LINE
8
default
6
CONTINUOUS
10
 354.183
20
 177.796
30
 131.813
11
 354.204
21
 177.796
31
 131.788
39
 0
62
  2
 0
LINE
8
default
6
CONTINUOUS
10
-354.204
20
 178.397
30
 131.788
11
-326.480
21
 174.574
31
 111.434
39
 0
62
  2
 0
LINE
8
default
6
CONTINUOUS
10
 354.204
20
 178.397
30
 131.788
11
 326.480
21
 174.574
31
 111.434
39
 0
62
  2
 0
LINE
8
default
6
CONTINUOUS
10
-326.480
20
 174.574
30
 111.434
11
-326.501
21
 175.175
31
 111.406
39
 0
62
  2
 0
LINE
8
default
6
CONTINUOUS
10
-354.204
20
 178.397
30
 131.788
11
-354.225
21
 178.397
31
 131.764
39
 0
62
  2
 0
LINE
8
default
6
CONTINUOUS
10
 326.480
20
 174.574
30
 111.434
11
 326.501
21
 175.175
31
 111.406
39
 0
62
  2
 0
LINE
8
default
6
CONTINUOUS
10
 354.204
20
 178.397
30
 131.788
11
 354.225
21
 178.397
31
 131.764
39
 0
62
  2
 0
LINE
8
default
6
CONTINUOUS
10
-354.225
20
 178.998
30
 131.764
11
-326.501
21
 175.175
31
 111.406
39
 0
62
  2
 0
LINE
8
default
6
CONTINUOUS
10
 354.225
20
 178.998
30
 131.764
11
 326.501
21
 175.175
31
 111.406
39
 0
62
  2
 0
LINE
8
default
6
CONTINUOUS
10
-326.501
20
 175.175
30
 111.406
11
-326.521
21
 175.775
31
 111.377
39
 0
62
  2
 0
LINE
8
default
6
CONTINUOUS
10
-354.225
20
 178.998
30
 131.764
11
-354.245
21
 178.998
31
 131.739
39
 0
62
  2
 0
LINE
8
default
6
CONTINUOUS
10
 326.501
20
 175.175
30
 111.406
11
 326.521
21
 175.775
31
 111.377
39
 0
62
  2
 0
LINE
8
default
6
CONTINUOUS
10
 354.225
20
 178.998
30
 131.764
11
 354.245
21
 178.998
31
 131.739
39
 0
62
  2
 0
LINE
8
default
6
CONTINUOUS
10
-354.245
20
 179.599
30
 131.739
11
-326.521
21
 175.775
31
 111.377
39
 0
62
  2
 0
LINE
8
default
6
CONTINUOUS
10
 354.245
20
 179.599
30
 131.739
11
 326.521
21
 175.775
31
 111.377
39
 0
62
  2
 0
LINE
8
default
6
CONTINUOUS
10
-326.521
20
 175.775
30
 111.377
11
-326.542
21
 176.376
31
 111.349
39
 0
62
  2
 0
LINE
8
default
6
CONTINUOUS
10
-354.245
20
 179.599
30
 131.739
11
-354.266
21
 179.599
31
 131.715
39
 0
62
  2
 0
LINE
8
default
6
CONTINUOUS
10
 326.521
20
 175.775
30
 111.377
11
 326.542
21
 176.376
31
 111.349
39
 0
62
  2
 0
LINE
8
default
6
CONTINUOUS
10
 354.245
20
 179.599
30
 131.739
11
 354.266
21
 179.599
31
 131.715
39
 0
62
  2
 0
LINE
8
default
6
CONTINUOUS
10
-354.266
20
 180.200
30
 131.715
11
-326.542
21
 176.376
31
 111.349
39
 0
62
  2
 0
LINE
8
default
6
CONTINUOUS
10
 354.266
20
 180.200
30
 131.715
11
 326.542
21
 176.376
31
 111.349
39
 0
62
  2
 0
LINE
8
default
6
CONTINUOUS
10
-356.320
20
 219.945
30
 129.276
11
-328.764
21
 220.897
31
 108.265
39
 0
62
  2
 0
LINE
8
default
6
CONTINUOUS
10
 356.320
20
 219.945
30
 129.276
11
 328.764
21
 220.897
31
 108.265
39
 0
62
  2
 0
LINE
8
default
6
CONTINUOUS
10
-328.764
20
 220.897
30
 108.265
11
-328.802
21
 221.498
31
 108.212
39
 0
62
  2
 0
LINE
8
default
6
CONTINUOUS
10
-356.320
20
 219.945
30
 129.276
11
-356.360
21
 219.945
31
 129.228
39
 0
62
  2
 0
LINE
8
default
6
CONTINUOUS
10
 328.764
20
 220.897
30
 108.265
11
 328.802
21
 221.498
31
 108.212
39
 0
62
  2
 0
LINE
8
default
6
CONTINUOUS
10
 356.320
20
 219.945
30
 129.276
11
 356.360
21
 219.945
31
 129.228
39
 0
62
  2
 0
LINE
8
default
6
CONTINUOUS
10
-356.360
20
 220.546
30
 129.228
11
-328.802
21
 221.498
31
 108.212
39
 0
62
  2
 0
LINE
8
default
6
CONTINUOUS
10
 356.360
20
 220.546
30
 129.228
11
 328.802
21
 221.498
31
 108.212
39
 0
62
  2
 0
LINE
8
default
6
CONTINUOUS
10
-328.802
20
 221.498
30
 108.212
11
-328.840
21
 222.100
31
 108.159
39
 0
62
  2
 0
LINE
8
default
6
CONTINUOUS
10
-356.360
20
 220.546
30
 129.228
11
-356.400
21
 220.546
31
 129.181
39
 0
62
  2
 0
LINE
8
default
6
CONTINUOUS
10
 328.802
20
 221.498
30
 108.212
11
 328.840
21
 222.100
31
 108.159
39
 0
62
  2
 0
LINE
8
default
6
CONTINUOUS
10
 356.360
20
 220.546
30
 129.228
11
 356.400
21
 220.546
31
 129.181
39
 0
62
  2
 0
LINE
8
default
6
CONTINUOUS
10
-356.400
20
 221.148
30
 129.181
11
-328.840
21
 222.100
31
 108.159
39
 0
62
  2
 0
LINE
8
default
6
CONTINUOUS
10
 356.400
20
 221.148
30
 129.181
11
 328.840
21
 222.100
31
 108.159
39
 0
62
  2
 0
LINE
8
default
6
CONTINUOUS
10
-328.840
20
 222.100
30
 108.159
11
-328.878
21
 222.701
31
 108.107
39
 0
62
  2
 0
LINE
8
default
6
CONTINUOUS
10
-356.400
20
 221.148
30
 129.181
11
-356.440
21
 221.148
31
 129.133
39
 0
62
  2
 0
LINE
8
default
6
CONTINUOUS
10
 328.840
20
 222.100
30
 108.159
11
 328.878
21
 222.701
31
 108.107
39
 0
62
  2
 0
LINE
8
default
6
CONTINUOUS
10
 356.400
20
 221.148
30
 129.181
11
 356.440
21
 221.148
31
 129.133
39
 0
62
  2
 0
LINE
8
default
6
CONTINUOUS
10
-356.440
20
 221.749
30
 129.133
11
-328.878
21
 222.701
31
 108.107
39
 0
62
  2
 0
LINE
8
default
6
CONTINUOUS
10
 356.440
20
 221.749
30
 129.133
11
 328.878
21
 222.701
31
 108.107
39
 0
62
  2
 0
LINE
8
default
6
CONTINUOUS
10
-328.878
20
 222.701
30
 108.107
11
-328.917
21
 223.302
31
 108.054
39
 0
62
  2
 0
LINE
8
default
6
CONTINUOUS
10
-356.440
20
 221.749
30
 129.133
11
-356.479
21
 221.749
31
 129.086
39
 0
62
  2
 0
LINE
8
default
6
CONTINUOUS
10
 328.878
20
 222.701
30
 108.107
11
 328.917
21
 223.302
31
 108.054
39
 0
62
  2
 0
LINE
8
default
6
CONTINUOUS
10
 356.440
20
 221.749
30
 129.133
11
 356.479
21
 221.749
31
 129.086
39
 0
62
  2
 0
LINE
8
default
6
CONTINUOUS
10
-356.479
20
 222.351
30
 129.086
11
-328.917
21
 223.302
31
 108.054
39
 0
62
  2
 0
LINE
8
default
6
CONTINUOUS
10
 356.479
20
 222.351
30
 129.086
11
 328.917
21
 223.302
31
 108.054
39
 0
62
  2
 0
LINE
8
default
6
CONTINUOUS
10
-328.917
20
 223.302
30
 108.054
11
-328.955
21
 223.903
31
 108.001
39
 0
62
  2
 0
LINE
8
default
6
CONTINUOUS
10
-356.479
20
 222.351
30
 129.086
11
-356.519
21
 222.351
31
 129.039
39
 0
62
  2
 0
LINE
8
default
6
CONTINUOUS
10
 328.917
20
 223.302
30
 108.054
11
 328.955
21
 223.903
31
 108.001
39
 0
62
  2
 0
LINE
8
default
6
CONTINUOUS
10
 356.479
20
 222.351
30
 129.086
11
 356.519
21
 222.351
31
 129.039
39
 0
62
  2
 0
LINE
8
default
6
CONTINUOUS
10
-356.519
20
 222.952
30
 129.039
11
-328.955
21
 223.903
31
 108.001
39
 0
62
  2
 0
LINE
8
default
6
CONTINUOUS
10
 356.519
20
 222.952
30
 129.039
11
 328.955
21
 223.903
31
 108.001
39
 0
62
  2
 0
LINE
8
default
6
CONTINUOUS
10
-328.955
20
 223.903
30
 108.001
11
-328.993
21
 224.505
31
 107.948
39
 0
62
  2
 0
LINE
8
default
6
CONTINUOUS
10
-356.519
20
 222.952
30
 129.039
11
-356.559
21
 222.952
31
 128.991
39
 0
62
  2
 0
LINE
8
default
6
CONTINUOUS
10
 328.955
20
 223.903
30
 108.001
11
 328.993
21
 224.505
31
 107.948
39
 0
62
  2
 0
LINE
8
default
6
CONTINUOUS
10
 356.519
20
 222.952
30
 129.039
11
 356.559
21
 222.952
31
 128.991
39
 0
62
  2
 0
LINE
8
default
6
CONTINUOUS
10
-356.559
20
 223.554
30
 128.991
11
-328.993
21
 224.505
31
 107.948
39
 0
62
  2
 0
LINE
8
default
6
CONTINUOUS
10
 356.559
20
 223.554
30
 128.991
11
 328.993
21
 224.505
31
 107.948
39
 0
62
  2
 0
LINE
8
default
6
CONTINUOUS
10
-328.993
20
 224.505
30
 107.948
11
-329.031
21
 225.106
31
 107.895
39
 0
62
  2
 0
LINE
8
default
6
CONTINUOUS
10
-356.559
20
 223.554
30
 128.991
11
-356.599
21
 223.554
31
 128.944
39
 0
62
  2
 0
LINE
8
default
6
CONTINUOUS
10
 328.993
20
 224.505
30
 107.948
11
 329.031
21
 225.106
31
 107.895
39
 0
62
  2
 0
LINE
8
default
6
CONTINUOUS
10
 356.559
20
 223.554
30
 128.991
11
 356.599
21
 223.554
31
 128.944
39
 0
62
  2
 0
LINE
8
default
6
CONTINUOUS
10
-356.599
20
 224.156
30
 128.944
11
-329.031
21
 225.106
31
 107.895
39
 0
62
  2
 0
LINE
8
default
6
CONTINUOUS
10
 356.599
20
 224.156
30
 128.944
11
 329.031
21
 225.106
31
 107.895
39
 0
62
  2
 0
LINE
8
default
6
CONTINUOUS
10
-329.031
20
 225.106
30
 107.895
11
-329.069
21
 225.707
31
 107.843
39
 0
62
  2
 0
LINE
8
default
6
CONTINUOUS
10
-356.599
20
 224.156
30
 128.944
11
-356.639
21
 224.156
31
 128.896
39
 0
62
  2
 0
LINE
8
default
6
CONTINUOUS
10
 329.031
20
 225.106
30
 107.895
11
 329.069
21
 225.707
31
 107.843
39
 0
62
  2
 0
LINE
8
default
6
CONTINUOUS
10
 356.599
20
 224.156
30
 128.944
11
 356.639
21
 224.156
31
 128.896
39
 0
62
  2
 0
LINE
8
default
6
CONTINUOUS
10
-356.639
20
 224.757
30
 128.896
11
-329.069
21
 225.707
31
 107.843
39
 0
62
  2
 0
LINE
8
default
6
CONTINUOUS
10
 356.639
20
 224.757
30
 128.896
11
 329.069
21
 225.707
31
 107.843
39
 0
62
  2
 0
LINE
8
default
6
CONTINUOUS
10
-329.069
20
 225.707
30
 107.843
11
-329.107
21
 226.308
31
 107.790
39
 0
62
  2
 0
LINE
8
default
6
CONTINUOUS
10
-356.639
20
 224.757
30
 128.896
11
-356.679
21
 224.757
31
 128.849
39
 0
62
  2
 0
LINE
8
default
6
CONTINUOUS
10
 329.069
20
 225.707
30
 107.843
11
 329.107
21
 226.308
31
 107.790
39
 0
62
  2
 0
LINE
8
default
6
CONTINUOUS
10
 356.639
20
 224.757
30
 128.896
11
 356.679
21
 224.757
31
 128.849
39
 0
62
  2
 0
LINE
8
default
6
CONTINUOUS
10
-356.679
20
 225.359
30
 128.849
11
-329.107
21
 226.308
31
 107.790
39
 0
62
  2
 0
LINE
8
default
6
CONTINUOUS
10
 356.679
20
 225.359
30
 128.849
11
 329.107
21
 226.308
31
 107.790
39
 0
62
  2
 0
LINE
8
default
6
CONTINUOUS
10
-329.107
20
 226.308
30
 107.790
11
-329.146
21
 226.910
31
 107.736
39
 0
62
  2
 0
LINE
8
default
6
CONTINUOUS
10
-356.679
20
 225.359
30
 128.849
11
-356.720
21
 225.359
31
 128.801
39
 0
62
  2
 0
LINE
8
default
6
CONTINUOUS
10
 329.107
20
 226.308
30
 107.790
11
 329.146
21
 226.910
31
 107.736
39
 0
62
  2
 0
LINE
8
default
6
CONTINUOUS
10
 356.679
20
 225.359
30
 128.849
11
 356.720
21
 225.359
31
 128.801
39
 0
62
  2
 0
LINE
8
default
6
CONTINUOUS
10
-356.720
20
 225.960
30
 128.801
11
-329.146
21
 226.910
31
 107.736
39
 0
62
  2
 0
LINE
8
default
6
CONTINUOUS
10
 356.720
20
 225.960
30
 128.801
11
 329.146
21
 226.910
31
 107.736
39
 0
62
  2
 0
LINE
8
default
6
CONTINUOUS
10
-329.146
20
 226.910
30
 107.736
11
-329.185
21
 227.511
31
 107.681
39
 0
62
  2
 0
LINE
8
default
6
CONTINUOUS
10
-356.720
20
 225.960
30
 128.801
11
-356.761
21
 225.960
31
 128.751
39
 0
62
  2
 0
LINE
8
default
6
CONTINUOUS
10
 329.146
20
 226.910
30
 107.736
11
 329.185
21
 227.511
31
 107.681
39
 0
62
  2
 0
LINE
8
default
6
CONTINUOUS
10
 356.720
20
 225.960
30
 128.801
11
 356.761
21
 225.960
31
 128.751
39
 0
62
  2
 0
LINE
8
default
6
CONTINUOUS
10
-356.761
20
 226.562
30
 128.751
11
-329.185
21
 227.511
31
 107.681
39
 0
62
  2
 0
LINE
8
default
6
CONTINUOUS
10
 356.761
20
 226.562
30
 128.751
11
 329.185
21
 227.511
31
 107.681
39
 0
62
  2
 0
LINE
8
default
6
CONTINUOUS
10
-329.185
20
 227.511
30
 107.681
11
-329.225
21
 228.112
31
 107.626
39
 0
62
  2
 0
LINE
8
default
6
CONTINUOUS
10
-356.761
20
 226.562
30
 128.751
11
-356.803
21
 226.562
31
 128.702
39
 0
62
  2
 0
LINE
8
default
6
CONTINUOUS
10
 329.185
20
 227.511
30
 107.681
11
 329.225
21
 228.112
31
 107.626
39
 0
62
  2
 0
LINE
8
default
6
CONTINUOUS
10
 356.761
20
 226.562
30
 128.751
11
 356.803
21
 226.562
31
 128.702
39
 0
62
  2
 0
LINE
8
default
6
CONTINUOUS
10
-356.803
20
 227.164
30
 128.702
11
-329.225
21
 228.112
31
 107.626
39
 0
62
  2
 0
LINE
8
default
6
CONTINUOUS
10
 356.803
20
 227.164
30
 128.702
11
 329.225
21
 228.112
31
 107.626
39
 0
62
  2
 0
LINE
8
default
6
CONTINUOUS
10
-329.225
20
 228.112
30
 107.626
11
-329.264
21
 228.713
31
 107.571
39
 0
62
  2
 0
LINE
8
default
6
CONTINUOUS
10
-356.803
20
 227.164
30
 128.702
11
-356.845
21
 227.164
31
 128.652
39
 0
62
  2
 0
LINE
8
default
6
CONTINUOUS
10
 329.225
20
 228.112
30
 107.626
11
 329.264
21
 228.713
31
 107.571
39
 0
62
  2
 0
LINE
8
default
6
CONTINUOUS
10
 356.803
20
 227.164
30
 128.702
11
 356.845
21
 227.164
31
 128.652
39
 0
62
  2
 0
LINE
8
default
6
CONTINUOUS
10
-356.845
20
 227.765
30
 128.652
11
-329.264
21
 228.713
31
 107.571
39
 0
62
  2
 0
LINE
8
default
6
CONTINUOUS
10
 356.845
20
 227.765
30
 128.652
11
 329.264
21
 228.713
31
 107.571
39
 0
62
  2
 0
LINE
8
default
6
CONTINUOUS
10
-329.264
20
 228.713
30
 107.571
11
-329.304
21
 229.315
31
 107.516
39
 0
62
  2
 0
LINE
8
default
6
CONTINUOUS
10
-356.845
20
 227.765
30
 128.652
11
-356.886
21
 227.765
31
 128.603
39
 0
62
  2
 0
LINE
8
default
6
CONTINUOUS
10
 329.264
20
 228.713
30
 107.571
11
 329.304
21
 229.315
31
 107.516
39
 0
62
  2
 0
LINE
8
default
6
CONTINUOUS
10
 356.845
20
 227.765
30
 128.652
11
 356.886
21
 227.765
31
 128.603
39
 0
62
  2
 0
LINE
8
default
6
CONTINUOUS
10
-356.886
20
 228.367
30
 128.603
11
-329.304
21
 229.315
31
 107.516
39
 0
62
  2
 0
LINE
8
default
6
CONTINUOUS
10
 356.886
20
 228.367
30
 128.603
11
 329.304
21
 229.315
31
 107.516
39
 0
62
  2
 0
LINE
8
default
6
CONTINUOUS
10
-329.304
20
 229.315
30
 107.516
11
-329.344
21
 229.916
31
 107.461
39
 0
62
  2
 0
LINE
8
default
6
CONTINUOUS
10
-356.886
20
 228.367
30
 128.603
11
-356.928
21
 228.367
31
 128.553
39
 0
62
  2
 0
LINE
8
default
6
CONTINUOUS
10
 329.304
20
 229.315
30
 107.516
11
 329.344
21
 229.916
31
 107.461
39
 0
62
  2
 0
LINE
8
default
6
CONTINUOUS
10
 356.886
20
 228.367
30
 128.603
11
 356.928
21
 228.367
31
 128.553
39
 0
62
  2
 0
LINE
8
default
6
CONTINUOUS
10
-356.928
20
 228.968
30
 128.553
11
-329.344
21
 229.916
31
 107.461
39
 0
62
  2
 0
LINE
8
default
6
CONTINUOUS
10
 356.928
20
 228.968
30
 128.553
11
 329.344
21
 229.916
31
 107.461
39
 0
62
  2
 0
LINE
8
default
6
CONTINUOUS
10
-329.344
20
 229.916
30
 107.461
11
-329.383
21
 230.517
31
 107.406
39
 0
62
  2
 0
LINE
8
default
6
CONTINUOUS
10
-356.928
20
 228.968
30
 128.553
11
-356.970
21
 228.968
31
 128.504
39
 0
62
  2
 0
LINE
8
default
6
CONTINUOUS
10
 329.344
20
 229.916
30
 107.461
11
 329.383
21
 230.517
31
 107.406
39
 0
62
  2
 0
LINE
8
default
6
CONTINUOUS
10
 356.928
20
 228.968
30
 128.553
11
 356.970
21
 228.968
31
 128.504
39
 0
62
  2
 0
LINE
8
default
6
CONTINUOUS
10
-356.970
20
 229.570
30
 128.504
11
-329.383
21
 230.517
31
 107.406
39
 0
62
  2
 0
LINE
8
default
6
CONTINUOUS
10
 356.970
20
 229.570
30
 128.504
11
 329.383
21
 230.517
31
 107.406
39
 0
62
  2
 0
LINE
8
default
6
CONTINUOUS
10
-329.383
20
 230.517
30
 107.406
11
-329.423
21
 231.119
31
 107.351
39
 0
62
  2
 0
LINE
8
default
6
CONTINUOUS
10
-356.970
20
 229.570
30
 128.504
11
-357.011
21
 229.570
31
 128.454
39
 0
62
  2
 0
LINE
8
default
6
CONTINUOUS
10
 329.383
20
 230.517
30
 107.406
11
 329.423
21
 231.119
31
 107.351
39
 0
62
  2
 0
LINE
8
default
6
CONTINUOUS
10
 356.970
20
 229.570
30
 128.504
11
 357.011
21
 229.570
31
 128.454
39
 0
62
  2
 0
LINE
8
default
6
CONTINUOUS
10
-357.011
20
 230.172
30
 128.454
11
-329.423
21
 231.119
31
 107.351
39
 0
62
  2
 0
LINE
8
default
6
CONTINUOUS
10
 357.011
20
 230.172
30
 128.454
11
 329.423
21
 231.119
31
 107.351
39
 0
62
  2
 0
LINE
8
default
6
CONTINUOUS
10
-329.423
20
 231.119
30
 107.351
11
-329.463
21
 231.720
31
 107.296
39
 0
62
  2
 0
LINE
8
default
6
CONTINUOUS
10
-357.011
20
 230.172
30
 128.454
11
-357.053
21
 230.172
31
 128.405
39
 0
62
  2
 0
LINE
8
default
6
CONTINUOUS
10
 329.423
20
 231.119
30
 107.351
11
 329.463
21
 231.720
31
 107.296
39
 0
62
  2
 0
LINE
8
default
6
CONTINUOUS
10
 357.011
20
 230.172
30
 128.454
11
 357.053
21
 230.172
31
 128.405
39
 0
62
  2
 0
LINE
8
default
6
CONTINUOUS
10
-357.053
20
 230.773
30
 128.405
11
-329.463
21
 231.720
31
 107.296
39
 0
62
  2
 0
LINE
8
default
6
CONTINUOUS
10
 357.053
20
 230.773
30
 128.405
11
 329.463
21
 231.720
31
 107.296
39
 0
62
  2
 0
LINE
8
default
6
CONTINUOUS
10
-329.463
20
 231.720
30
 107.296
11
-329.502
21
 232.321
31
 107.241
39
 0
62
  2
 0
LINE
8
default
6
CONTINUOUS
10
-357.053
20
 230.773
30
 128.405
11
-357.095
21
 230.773
31
 128.355
39
 0
62
  2
 0
LINE
8
default
6
CONTINUOUS
10
 329.463
20
 231.720
30
 107.296
11
 329.502
21
 232.321
31
 107.241
39
 0
62
  2
 0
LINE
8
default
6
CONTINUOUS
10
 357.053
20
 230.773
30
 128.405
11
 357.095
21
 230.773
31
 128.355
39
 0
62
  2
 0
LINE
8
default
6
CONTINUOUS
10
-357.095
20
 231.375
30
 128.355
11
-329.502
21
 232.321
31
 107.241
39
 0
62
  2
 0
LINE
8
default
6
CONTINUOUS
10
 357.095
20
 231.375
30
 128.355
11
 329.502
21
 232.321
31
 107.241
39
 0
62
  2
 0
LINE
8
default
6
CONTINUOUS
10
-329.502
20
 232.321
30
 107.241
11
-329.542
21
 232.922
31
 107.186
39
 0
62
  2
 0
LINE
8
default
6
CONTINUOUS
10
-357.095
20
 231.375
30
 128.355
11
-357.136
21
 231.375
31
 128.306
39
 0
62
  2
 0
LINE
8
default
6
CONTINUOUS
10
 329.502
20
 232.321
30
 107.241
11
 329.542
21
 232.922
31
 107.186
39
 0
62
  2
 0
LINE
8
default
6
CONTINUOUS
10
 357.095
20
 231.375
30
 128.355
11
 357.136
21
 231.375
31
 128.306
39
 0
62
  2
 0
LINE
8
default
6
CONTINUOUS
10
-357.136
20
 231.977
30
 128.306
11
-329.542
21
 232.922
31
 107.186
39
 0
62
  2
 0
LINE
8
default
6
CONTINUOUS
10
 357.136
20
 231.977
30
 128.306
11
 329.542
21
 232.922
31
 107.186
39
 0
62
  2
 0
ENDSEC
0
EOF
